class,f0,f1,f2,f3,f4,f5,f6,f7,f8,f9,f10,f11,f12,f13,f14,f15,f16,f17,f18,f19,f20,f21,f22,f23,f24,f25,f26,f27,f28,f29,f30,f31,f32,f33,f34,f35,f36,f37,f38,f39,f40,f41,f42,f43,f44,f45,f46,f47,f48,f49,f50,f51,f52,f53,f54,f55,f56,f57,f58,f59,f60,f61,f62,session,signer
A,0.0,0.0,0.0,0.12919760063592428,0.04516637127435493,-0.07682569009398812,0.32920234712115887,-0.04222970495955079,-0.11414364030288052,0.4838398508674292,-0.10797545317663572,-0.14350738486394746,0.6031980203719269,-0.10274152957819906,-0.16834877322987324,0.31030716520824697,-0.3333870330240853,-0.10107258387031454,0.4370606025640334,-0.5405137676837453,-0.1624575997437011,0.5217934738619111,-0.6610704430051251,-0.19115948373099506,0.5831296800589696,-0.7836574555002223,-0.21410457415300801,0.22533608270267783,-0.4030584510673887,-0.09981644447796366,0.30379396929268504,-0.43861642519245253,-0.1795357625285323,0.22766441101340051,-0.24623788968968574,-0.17221986434403203,0.18939517179637097,-0.2077732300654311,-0.15295956379370182,0.1268251187603892,-0.4340037404339067,-0.10760357521696211,0.20067022974089418,-0.4647473406772077,-0.19610677256197698,0.14257367779824728,-0.2903961787517815,-0.1563939116476873,0.11333538705160477,-0.2776147210991229,-0.11253589635287646,0.02346107842890969,-0.452668524321378,-0.12132425005692561,0.08275495512600542,-0.4866687679479382,-0.17832577542203465,0.06713876593162804,-0.36365021340992176,-0.1484374574386908,0.044209619852464,-0.35275918245811844,-0.11759426183443186,rhiosutoyo:A.275ba73c-e263-11ed-b74a-001a7dda7115,rhiosutoyo
A,0.0,0.0,0.0,0.13170300738800764,0.026887751028269714,-0.05882794694730389,0.3249960736091295,-0.059617486074317494,-0.09214759854928187,0.47863816405576526,-0.12143735920942748,-0.12243239016115708,0.5980763129395738,-0.11081105926828358,-0.15093961384880303,0.3164535974411576,-0.32810170051746285,-0.0937144163124764,0.43900808049055146,-0.5359225997104662,-0.1608369497880862,0.5191509434627354,-0.6586993236359946,-0.1995066446083121,0.5781310430525026,-0.7827785027079094,-0.23026574377746442,0.23132576628572135,-0.3918180639492695,-0.10389057619467336,0.2979318704633805,-0.42961798998222633,-0.18354373448660086,0.21899144118569167,-0.2489496505700196,-0.18328643387178117,0.18280352319983983,-0.21099982293553377,-0.1725651287852431,0.12653575467885417,-0.41109008239253947,-0.12118404801305778,0.1870624871108783,-0.45277178090829706,-0.20283055157810542,0.13005060773630947,-0.2866740164461081,-0.16129804737554215,0.10394892608191154,-0.2672757742384844,-0.12014521555106766,0.013175149472369386,-0.4188868807912328,-0.14378815620808608,0.06163959077926409,-0.47843977511855,-0.19437815129990246,0.04844141635125915,-0.36430615816898865,-0.1601788125519305,0.030235771089598178,-0.3427340815865779,-0.1285084757363753,rhiosutoyo:A.2a57e4ac-e263-11ed-84c2-001a7dda7115,rhiosutoyo
A,0.0,0.0,0.0,0.14434238774096614,0.06899609800814788,-0.05486589631303248,0.3192940580299048,0.021949357469904722,-0.07927197251698692,0.45123452428570937,-0.03626726301535128,-0.10737747713805007,0.5702615887245994,-0.047639333224377335,-0.13091580988030993,0.36355955043624844,-0.27707173070552144,-0.020029344425452785,0.4788111497781301,-0.49892957303506213,-0.08202530136307166,0.5580065357257687,-0.6371334092964058,-0.131633048827045,0.6181139403165505,-0.7683949533335613,-0.16584436221307522,0.32043337160952556,-0.3346867022709017,-0.028573013486645954,0.47311044751244863,-0.35630334158812643,-0.10376422444513864,0.41547992284999047,-0.17489201727103212,-0.13235508659328987,0.34215061387114054,-0.09795438977010006,-0.13580818176122783,0.25701236984255627,-0.3761612996876646,-0.047460394959493786,0.39916058964765355,-0.3709596746510031,-0.12921851663835265,0.3125420451516132,-0.2215377241542403,-0.11222884987382266,0.23226247052538956,-0.1983645938813422,-0.07735955680967076,0.18190744842641593,-0.40892124087461706,-0.07234491962090873,0.3153252620299783,-0.4256274327574369,-0.13010416954055115,0.28113148279215694,-0.31208943033918046,-0.10960260361208993,0.21665917041257754,-0.28781773953849876,-0.07941857645301154,rhiosutoyo:A.2d53f1a4-e263-11ed-a0c4-001a7dda7115,rhiosutoyo
A,0.0,0.0,0.0,0.1344077203013263,0.018796803950595572,-0.053834827155018396,0.3239723854859725,-0.057895406997334406,-0.07469264768943996,0.4593788604178939,-0.1081951154943261,-0.09462833371789216,0.5766873960210469,-0.10943776369676854,-0.10909573701390748,0.3418203407213454,-0.3581053954048095,-0.036648477548643414,0.4585016435083424,-0.5523150377546644,-0.08640608985765026,0.5409276714290052,-0.668355199519582,-0.11548560315101693,0.6064267764176711,-0.7830272665188258,-0.13825651786345436,0.28422800534851306,-0.4215321777108798,-0.04615387555664281,0.41565364267389754,-0.4327880978550663,-0.12651718529720762,0.3346922488306123,-0.24524475859796288,-0.13751387193654296,0.26548501615547754,-0.19171925535979548,-0.12479721519425312,0.20702473601037594,-0.4618507031333888,-0.06437449741997339,0.31834365273577236,-0.4338781194055774,-0.1592264789895905,0.2280699423486241,-0.26909515007733553,-0.1334015881485334,0.16704037114325676,-0.2617887058988781,-0.09012201818412457,0.1132203411914161,-0.48532120969410686,-0.08616380981949667,0.22290736175512663,-0.4798161963443109,-0.14979232928893715,0.18398183860432418,-0.36199760228732436,-0.12262486478555944,0.13231130824245815,-0.3600739974144725,-0.08760272394253792,rhiosutoyo:A.30500241-e263-11ed-8af6-001a7dda7115,rhiosutoyo
A,0.0,0.0,0.0,0.13153076107213243,0.05098203639028774,-0.07181968568253443,0.3363475257980085,-0.013853001690525335,-0.10940831763907942,0.49733084457739934,-0.06168927582204347,-0.14038550305560935,0.6183667203818594,-0.015488728526267983,-0.16738933822648205,0.3525889251006978,-0.28765670652236314,-0.11232402593161206,0.49570441855850356,-0.47562273805679683,-0.18792908395789726,0.5845856320528836,-0.5927683516371277,-0.22911103652220668,0.6534148928900582,-0.7107579926154318,-0.26052265483591946,0.269209535927092,-0.37557054814114643,-0.11789204251433864,0.3334893934733165,-0.39619106755531824,-0.20891296542463114,0.23685460182247753,-0.22545562500317584,-0.20894388846755896,0.19403555337695502,-0.18188112422853017,-0.1955719867400545,0.16574981356636956,-0.4201742234154835,-0.13246243489682052,0.21933586136497701,-0.4121902110023791,-0.22724585331944033,0.14673394582884922,-0.26035463674773696,-0.18967324788725182,0.12460200021529949,-0.2509398631636089,-0.14759885152325222,0.05675458402012361,-0.44140624980645676,-0.15304563152376222,0.11048640256501337,-0.4657418805480619,-0.20942857402585957,0.08516558062581508,-0.3517202114224954,-0.17785563652087863,0.0688718968246829,-0.3360099148388192,-0.14694091652029811,rhiosutoyo:A.334c3078-e263-11ed-b4a0-001a7dda7115,rhiosutoyo
A,0.0,0.0,0.0,-0.15564027337759617,0.01271783351624587,-0.048026701826457165,-0.3368568522405656,-0.057843577891881555,-0.08512745242655398,-0.4919535394927152,-0.062202213364983557,-0.12923557032407473,-0.5950577173819922,-0.027514479164146344,-0.1723368756376783,-0.3539599222530736,-0.3556003957856979,-0.038636927377755044,-0.49348714630620916,-0.551228021117368,-0.09654195146457488,-0.5773560086917583,-0.6529919700658631,-0.13294279878546472,-0.6408697681551597,-0.7505750477699394,-0.16100632885046773,-0.27905976831090307,-0.4150784330658371,-0.052968141862819694,-0.3824944928271005,-0.48202835078179546,-0.13633801459367953,-0.32067787864131675,-0.3273822617306543,-0.14834922951807827,-0.2542919026163536,-0.2718973849967211,-0.13909726354927743,-0.18581948112265506,-0.4543702260925843,-0.07700800333317988,-0.28156165236742653,-0.5407585523412671,-0.14391346553488962,-0.24676288780905128,-0.3982612662239895,-0.11260750205990908,-0.19444237626495173,-0.34097214618006344,-0.0764386113238524,-0.08474230119818162,-0.4725336360195804,-0.10924354245390748,-0.1609725062983597,-0.5835880501350695,-0.1469190052679638,-0.1709703273681689,-0.47442878543480754,-0.11882692970283597,-0.14300964495466661,-0.39881965639710776,-0.08885551353706016,rhiosutoyo:A.364879d6-e263-11ed-a31a-001a7dda7115,rhiosutoyo
A,0.0,0.0,0.0,-0.14369793215053028,0.0004779881065341829,-0.04144642750971549,-0.32281225517352624,-0.08838758436332216,-0.07311341963876128,-0.4709775377043568,-0.1134118703542067,-0.11263631434139007,-0.5754981398711048,-0.08431135694327248,-0.1507553918709192,-0.31895158200536555,-0.36733868571297973,-0.03643381808556197,-0.4500145420051927,-0.5871527767994642,-0.08837806605050715,-0.525584461648247,-0.6940718221719321,-0.1154530402281975,-0.5810276349765978,-0.8022808609271065,-0.1369390652208576,-0.250659720690217,-0.4122070615901846,-0.053037761175468275,-0.36261211870567445,-0.4782555960322626,-0.14333201251951838,-0.31664850661897825,-0.3023598794612463,-0.15283528645239558,-0.24866021371187383,-0.23374859340182738,-0.13777848874508808,-0.16887158942470676,-0.44377151176951285,-0.07792089848495364,-0.27710740010988655,-0.525816331840311,-0.1531529876818588,-0.24369580166117288,-0.36609040138860777,-0.12021495365167412,-0.18157894919731285,-0.30122764513389344,-0.07848003541366085,-0.07403162522712171,-0.46324332245747485,-0.10942851576351395,-0.16385662093966086,-0.577676662587424,-0.14875146120457075,-0.17449484373571225,-0.46129023547793924,-0.118542598508987,-0.13996916531561507,-0.38403150112578893,-0.08542045000952163,rhiosutoyo:A.394490ad-e263-11ed-b56c-001a7dda7115,rhiosutoyo
A,0.0,0.0,0.0,-0.1310293415373181,0.024831929818265878,-0.03456173483279874,-0.31617646125180515,-0.036963241493504426,-0.06087343065163061,-0.4648540742855603,-0.04041297304248682,-0.09683940539878334,-0.5670787070009119,-0.011692996076144527,-0.13531415871308594,-0.3221660874243778,-0.3259137544981362,-0.03311845577192027,-0.46554086032614705,-0.5340668325421869,-0.09739888612013867,-0.5514500307335292,-0.6587691090170341,-0.1382845827652534,-0.6167015747397228,-0.7689612842212463,-0.16845685228674434,-0.25413236148851176,-0.3835601564520242,-0.05282130659168704,-0.36466987625564645,-0.40738870079618844,-0.15459598023420298,-0.29986786909429175,-0.24859971482377194,-0.1709944854858095,-0.22817464301551954,-0.19579711244890027,-0.1589641220838341,-0.1685616604935961,-0.42863200752375274,-0.08110578042677824,-0.27847147251406584,-0.46457205460934076,-0.16567066276930578,-0.2315391846988473,-0.3172088158603296,-0.13319997009994022,-0.17189459948482616,-0.271544528814277,-0.08940978137781562,-0.06831769215471485,-0.46165395820314664,-0.11513284843070115,-0.16995515601109198,-0.5373003833568198,-0.1605503539472482,-0.16764884650300638,-0.4146327019395226,-0.12789418152838355,-0.12788189660840055,-0.3516777347282687,-0.09062001563189719,rhiosutoyo:A.3c4099c2-e263-11ed-972e-001a7dda7115,rhiosutoyo
A,0.0,0.0,0.0,-0.12554200804006574,0.022097180700402678,-0.034547960455094784,-0.3135939572258777,-0.04850650581843397,-0.060396643808173514,-0.4661889042152226,-0.05373527099466899,-0.09459336355711083,-0.5738034573587422,-0.021672427422587303,-0.1308225701133449,-0.31633517428233054,-0.3340469537062634,-0.03585912954539982,-0.4558508143934719,-0.535839569051805,-0.10353771746691899,-0.5403066449007096,-0.6600152911733275,-0.14742632532819355,-0.6077247955888173,-0.7735192862572898,-0.17982904830572585,-0.24347372047423851,-0.3883387038211983,-0.05429888123017875,-0.34942702646478124,-0.40575370196451505,-0.1550535985523816,-0.2814455714832237,-0.2428678726012753,-0.17015201916417452,-0.21223513031700691,-0.19762857718600502,-0.15888593329517753,-0.1534278456235613,-0.4295365866884705,-0.08132409646817572,-0.2616737272865976,-0.45725350123566294,-0.16462331606472588,-0.2117644208730862,-0.3088633159391857,-0.129122732293657,-0.15374339613043325,-0.2759426618507661,-0.08527668223100662,-0.04991044394237542,-0.46042777553063835,-0.11386082745544192,-0.1500091163757136,-0.527390800920262,-0.15606885728260708,-0.14335775760216762,-0.401457937962528,-0.11940488008499908,-0.10354083477578416,-0.3502979185630551,-0.08091405997003827,rhiosutoyo:A.3f3cb048-e263-11ed-b683-001a7dda7115,rhiosutoyo
A,0.0,0.0,0.0,-0.16463567375392116,-0.003854155759666971,-0.032401027235723134,-0.3378614089980659,-0.08043367401636611,-0.06678638047494864,-0.48747158970298826,-0.10092610795123431,-0.11129716681529184,-0.5954644467108746,-0.06859778001001213,-0.154799862847934,-0.34806220662153087,-0.3592533508428192,-0.034890094794306346,-0.48182479276831874,-0.5599788482826147,-0.09671532342970587,-0.5574292180414598,-0.6668461251572508,-0.13169874783310398,-0.6184384387874151,-0.7695814938930603,-0.15899126292821894,-0.2817119442238663,-0.4095290357954458,-0.05771864038612986,-0.3868689949737096,-0.4026282551686359,-0.15025889603102943,-0.321374073304326,-0.236041712449945,-0.15964292806452804,-0.2571351843200439,-0.20102100775795068,-0.1479188180074916,-0.19742024412779574,-0.43844328613184985,-0.08876800541894034,-0.2997701745210501,-0.4313876927035411,-0.16021814015097932,-0.25014857365475596,-0.2861350370290414,-0.12154807939159493,-0.1963094622770417,-0.2700411079838162,-0.08166939025300918,-0.1023629073486741,-0.4477846450411118,-0.1264119333492726,-0.19679256928407185,-0.47111971521055984,-0.15571525045326692,-0.18831247041608937,-0.35648334002541304,-0.11788497088186581,-0.14963772827695376,-0.3273443834609511,-0.0832359592046465,rhiosutoyo:A.4238e0dd-e263-11ed-8a99-001a7dda7115,rhiosutoyo
A,0.0,0.0,0.0,-0.14771256988306003,-0.003660322835125934,-0.04354902585384337,-0.32319273826860406,-0.07299063285524253,-0.08645369036209705,-0.4683372524424656,-0.06982844138256544,-0.1361253007393148,-0.5728776106686658,-0.023942306864555014,-0.18719536282119634,-0.32002409688784744,-0.3494371661707713,-0.06697806887930143,-0.44748742842865136,-0.5562569417679134,-0.1381499051790538,-0.5224643848989975,-0.6746932548413517,-0.17999573045036904,-0.5850694253792791,-0.78313258250162,-0.21070625456,-0.2379643971260286,-0.4094163498425265,-0.08535604314457441,-0.31162929344896834,-0.3900852311080509,-0.19239963240285665,-0.2572903063193631,-0.23055122008217444,-0.21250950001500035,-0.21181150830391293,-0.18070831503076795,-0.20681196751112427,-0.14502345436067676,-0.4391372781995535,-0.11097493849513564,-0.22525361288840184,-0.4230003524047648,-0.20164320343307474,-0.17869966481077373,-0.27713890614052616,-0.17497636857004603,-0.13539026857053035,-0.24553832572509535,-0.13818801545323517,-0.04354754669241015,-0.45664059221364905,-0.14176619498786763,-0.12113696400834835,-0.4821043331648071,-0.18936135358732262,-0.10970599037773039,-0.3593360385591163,-0.15847094526245475,-0.07886501067535653,-0.32023173431333035,-0.12447228592214213,rhiosutoyo:A.4534efb7-e263-11ed-8179-001a7dda7115,rhiosutoyo
A,0.0,0.0,0.0,-0.15224228114629915,0.01408030923668113,-0.020296712795375885,-0.3169761811664973,-0.043624077393594,-0.05126394030538791,-0.458872142082155,-0.05021296976880968,-0.09770765010730291,-0.5671573081177594,-0.028837254268276127,-0.14504346086869746,-0.33583981866634754,-0.33687447644638907,-0.018390567686788123,-0.47692173031294355,-0.5406198943568247,-0.08541670223410575,-0.5587097922571618,-0.6593551812417802,-0.12528271589689574,-0.6216639660103659,-0.7679370676564257,-0.1542937895169891,-0.27866654090897397,-0.3839244893969489,-0.04931581132372403,-0.41808262004563257,-0.3665910739213024,-0.14718211099217723,-0.35467177508406067,-0.19744320069309554,-0.15601128086461866,-0.2812633593651299,-0.1747827271624781,-0.14180627566135487,-0.20593450341518363,-0.42045947391524247,-0.08973514120332221,-0.3436258953486663,-0.40738497464397383,-0.1684714279318214,-0.29172223758677907,-0.2590224669955002,-0.12734615564652135,-0.223714802447806,-0.2497064258587512,-0.08154158109031362,-0.12010298238209773,-0.44433799490461423,-0.13625487433368888,-0.2520060087963191,-0.4684078902356765,-0.17214501682598166,-0.24495529381726616,-0.3471370865006517,-0.13339968119851775,-0.19230700184026822,-0.3131031044827821,-0.09457773466155645,rhiosutoyo:A.483295b9-e263-11ed-b1b8-001a7dda7115,rhiosutoyo
A,0.0,0.0,0.0,-0.16341933493565197,-0.017058210993786103,-0.03740778309938692,-0.3112400300992812,-0.082085610106436,-0.0805874078395533,-0.4579265654202081,-0.09600542016931592,-0.13495801107224067,-0.5675111131555922,-0.07031890349097183,-0.18844513203282304,-0.33033637661335197,-0.3565351585912023,-0.03980407599309638,-0.4574663212453972,-0.5639738008317355,-0.11143113928047077,-0.5289940019918206,-0.6711965398437781,-0.1559576758302749,-0.5875254649107073,-0.786871407986816,-0.18880470167425117,-0.272212764278294,-0.40473229607746636,-0.0616475010457124,-0.40587018058303465,-0.41416488063022633,-0.15294752745738857,-0.34664344726249124,-0.25611601292565583,-0.16620493726840452,-0.2865226706986748,-0.22581687375403592,-0.16004915591088048,-0.20229463451170565,-0.4412618029805023,-0.09297967934307938,-0.34359865952495094,-0.4545635673184811,-0.1620369464047595,-0.2913525651924683,-0.3135450997916304,-0.12798382040676667,-0.22955196567607808,-0.2873982147830466,-0.09168447438970768,-0.12849689590387364,-0.46141545712680654,-0.13224201794919807,-0.2618361018444275,-0.5004486824083794,-0.16580861762003168,-0.24947046944010776,-0.39411651028760153,-0.13331599344775694,-0.2011372576038052,-0.3514678789174146,-0.10103268756883807,rhiosutoyo:A.4b2eb8c6-e263-11ed-a6f3-001a7dda7115,rhiosutoyo
A,0.0,0.0,0.0,0.14452834560733055,0.06286480142817392,-0.06199362053482863,0.3489781773873348,0.0069238726923710895,-0.0889380252376168,0.5051294454816018,-0.027154646885548177,-0.11607399694449937,0.618263142348922,-0.0018062043767492408,-0.139701653938107,0.38033868870397775,-0.2886752891786873,-0.053609414970228905,0.5060332170312188,-0.4981658127314264,-0.10797434939460768,0.5825883300799001,-0.6327399534293613,-0.1362817953130278,0.6426380658666359,-0.7497444324897833,-0.1577960780557051,0.30165634562664656,-0.3788055837141666,-0.05391086180578665,0.36817974173405116,-0.4592550404716853,-0.1338928199375156,0.2803130930484424,-0.3034949470875326,-0.14204948869825235,0.2537682342548074,-0.22987096691973818,-0.13237955314152888,0.20836706764333507,-0.4386889162960181,-0.06279394648792587,0.287229602767146,-0.5550876234319818,-0.14383932719262257,0.22238295657219206,-0.40911934791979543,-0.1134650443636566,0.19469389167063567,-0.3369529687936587,-0.07537146177681583,0.10513322355251983,-0.4857059209468739,-0.07790320353833675,0.16883084423860636,-0.6130702378296438,-0.1345479990886855,0.15313713441931073,-0.5163353559144636,-0.11627178482464119,0.14116574246953129,-0.4530228856873088,-0.0908841344810631,rhiosutoyo:A.4e2afd91-e263-11ed-9d01-001a7dda7115,rhiosutoyo
A,0.0,0.0,0.0,-0.15685020584085727,-0.030576750906350262,-0.02807510766894643,-0.3191568648696258,-0.10152745952615806,-0.06732939988791643,-0.4739349542634183,-0.11458071203843269,-0.11189256142853939,-0.5835843895259146,-0.08449262024551195,-0.16003675311144597,-0.32894326063440055,-0.35830677234565783,-0.0686314022451603,-0.4680734473561156,-0.549832915977276,-0.11676339396710138,-0.54835264403657,-0.6725615502536451,-0.14675747473773898,-0.6038092070308072,-0.7784010540754717,-0.171773806265747,-0.24682186234048614,-0.44222977078293896,-0.08234507430592224,-0.3234968977526663,-0.4098326805931789,-0.1418577752146155,-0.26848334724867695,-0.28112013438576466,-0.15162199332727205,-0.22136666255512444,-0.22573528463899983,-0.15111885942938622,-0.15553678432014967,-0.4782292204005845,-0.09803360097109774,-0.23634716354720814,-0.4352429544915144,-0.1423015234563554,-0.1879814430961728,-0.3176988156270477,-0.12841455939620525,-0.14580708646627433,-0.27799033763050257,-0.11404500992626931,-0.0642649197959974,-0.4974631458143561,-0.11733634167238306,-0.15096659635811924,-0.49593938945893484,-0.14700467222373917,-0.12803325238085475,-0.399920876737347,-0.13003379827689376,-0.08839420530062284,-0.35496315719759713,-0.1107075060201938,rhiosutoyo:A.512713de-e263-11ed-9a37-001a7dda7115,rhiosutoyo
A,0.0,0.0,0.0,-0.14860146686997783,0.007865534464355638,-0.03540954368346035,-0.32945308869081985,-0.07379080927269882,-0.06647425482300118,-0.47514163665320003,-0.09354507790931953,-0.1055959792694567,-0.5785543090387368,-0.06371569056026508,-0.14599850102596468,-0.33207171000398455,-0.33940013829022325,-0.04231159901861711,-0.4683192120461994,-0.5494253813282971,-0.10241128920962878,-0.5439356595934223,-0.6694533222535279,-0.1375209791571999,-0.6044326335680377,-0.7793142744801411,-0.16531924591377015,-0.259808059562788,-0.3979462798981892,-0.06266902580510705,-0.3649517558985284,-0.41311201517080953,-0.16300941164698451,-0.30011167079896456,-0.25338761515138053,-0.179727200818487,-0.2376379892695567,-0.19461591508515916,-0.16983360047135845,-0.17138339388484986,-0.43383908633538704,-0.09023519996500196,-0.2753927637908932,-0.4395820712754178,-0.16958059863173938,-0.21658342708737313,-0.3008808695737568,-0.14075377681114445,-0.15836164011057172,-0.2679051638927454,-0.10404334546578976,-0.07077491234360334,-0.4527747581107609,-0.12337351584826596,-0.1670363622768495,-0.4818715378601746,-0.16556769019184134,-0.14882728669377004,-0.3712671313641437,-0.13827980498725057,-0.10628115915187904,-0.33788970685307596,-0.10819515335314915,rhiosutoyo:A.54232b0c-e263-11ed-a59c-001a7dda7115,rhiosutoyo
A,0.0,0.0,0.0,0.15366495493566298,0.055887825853125295,-0.05078615457212358,0.36042139123850875,0.01223245344952073,-0.06435659664281522,0.513042275581169,-0.021605595832333103,-0.08034427333386887,0.6262440315602534,-0.02283597101571463,-0.09427842936064922,0.41267258973178356,-0.26759185099562793,-0.021429520758979297,0.533896916400377,-0.4734469500610032,-0.06361376001612012,0.6126582746785675,-0.6034094264139697,-0.10029253173539575,0.6747687284851226,-0.7265171504408722,-0.12984603641946968,0.357433688445293,-0.346102845407129,-0.02965659838320527,0.49563659166200186,-0.5024924366836107,-0.08651265919752286,0.5276436929716943,-0.45918863907152746,-0.12090560147237586,0.5354775005058489,-0.45763072839860897,-0.14119913459267389,0.2775960250555299,-0.40410203222658553,-0.04626670177393362,0.4088593554545139,-0.5408034351778733,-0.11734868113050408,0.370471595098233,-0.3905326657780708,-0.12246263286684818,0.3081715586146649,-0.2983424890158082,-0.11120112477567176,0.1857899307772447,-0.4487725187912571,-0.0684246893508705,0.28858936175731115,-0.5553239930980876,-0.12570577885369963,0.29291684587532585,-0.46318271446145226,-0.13117435297773283,0.2665802880950814,-0.3956858179670826,-0.12658614145872146,rhiosutoyo:A.571f5733-e263-11ed-993a-001a7dda7115 - Copy,rhiosutoyo
A,0.0,0.0,0.0,0.15366495493566298,0.055887825853125295,-0.05078615457212358,0.36042139123850875,0.01223245344952073,-0.06435659664281522,0.513042275581169,-0.021605595832333103,-0.08034427333386887,0.6262440315602534,-0.02283597101571463,-0.09427842936064922,0.41267258973178356,-0.26759185099562793,-0.021429520758979297,0.533896916400377,-0.4734469500610032,-0.06361376001612012,0.6126582746785675,-0.6034094264139697,-0.10029253173539575,0.6747687284851226,-0.7265171504408722,-0.12984603641946968,0.357433688445293,-0.346102845407129,-0.02965659838320527,0.49563659166200186,-0.5024924366836107,-0.08651265919752286,0.5276436929716943,-0.45918863907152746,-0.12090560147237586,0.5354775005058489,-0.45763072839860897,-0.14119913459267389,0.2775960250555299,-0.40410203222658553,-0.04626670177393362,0.4088593554545139,-0.5408034351778733,-0.11734868113050408,0.370471595098233,-0.3905326657780708,-0.12246263286684818,0.3081715586146649,-0.2983424890158082,-0.11120112477567176,0.1857899307772447,-0.4487725187912571,-0.0684246893508705,0.28858936175731115,-0.5553239930980876,-0.12570577885369963,0.29291684587532585,-0.46318271446145226,-0.13117435297773283,0.2665802880950814,-0.3956858179670826,-0.12658614145872146,rhiosutoyo:A.571f5733-e263-11ed-993a-001a7dda7115,rhiosutoyo
A,0.0,0.0,0.0,-0.1618364584156078,-0.006588468733300088,-0.02811988950060727,-0.31496410627772364,-0.06741082405211075,-0.06603722444945155,-0.45930322382782257,-0.09301512949860544,-0.11512356340629036,-0.5714747820738263,-0.07543781417885753,-0.16202604977884488,-0.35691172630897167,-0.33413887311653984,-0.03776644191810585,-0.49597112905286433,-0.5315066571328523,-0.1090356672621626,-0.568010920361561,-0.6363527845967001,-0.15315226007652058,-0.6267352197351668,-0.7567845068957432,-0.18568837999745438,-0.2994597593753381,-0.3853243066995427,-0.06077172086817001,-0.43128784140344845,-0.36997634296563736,-0.1395562048938256,-0.3626709057970412,-0.21668059593219102,-0.14619359112272212,-0.30386650462133924,-0.20137847742683035,-0.14059638219036175,-0.23065982489832323,-0.42596635650012366,-0.0923290212819515,-0.3705906690281362,-0.4151789742235584,-0.15135520670997943,-0.3086642077885409,-0.2762376229431683,-0.11242604130165836,-0.24463472403731515,-0.2597539710199253,-0.07783098510536293,-0.15772261324086437,-0.45328323592847664,-0.1311672921572899,-0.29208631845106725,-0.4744382619447092,-0.16148810059362292,-0.2758097341434178,-0.36121404631217663,-0.1275524356827465,-0.2265026814521765,-0.32360491307554096,-0.09592328719985513,rhiosutoyo:A.5a1b9e6f-e263-11ed-a8d9-001a7dda7115,rhiosutoyo
A,0.0,0.0,0.0,-0.16142950345764617,-0.0036077827208329956,-0.04710505314498796,-0.34146531963642174,-0.06031842079751252,-0.0876272880128698,-0.49280815193672595,-0.06592190072651109,-0.13254973373829232,-0.6017317273284679,-0.028946518880937282,-0.17856675828962199,-0.3631603810723319,-0.3265339916849717,-0.06484794124669731,-0.4920363465878537,-0.5342678705001122,-0.1208386232825516,-0.5655803342409085,-0.6543020573578499,-0.1548860544975517,-0.6208359461387775,-0.7625001560859093,-0.18208854975240224,-0.2800360286072211,-0.4038159660284993,-0.0746911879370946,-0.3648445051449369,-0.38547082490629564,-0.15656317835673522,-0.30553946069764215,-0.24086512527944987,-0.17320863584104695,-0.25136977281635914,-0.174486810637857,-0.17175742796046636,-0.18580475569773683,-0.4461812576554121,-0.09101858117885495,-0.27313203630111565,-0.41267607251778693,-0.15480622024539467,-0.22237132507949509,-0.2767200911477608,-0.136512164771592,-0.17564757329974925,-0.2184234592629849,-0.11356625269992773,-0.0878875522303141,-0.47116260110119695,-0.11386208331007788,-0.1777606195401807,-0.47905858728743267,-0.15341026632211605,-0.16472113108504272,-0.3627823695475709,-0.13523696452983425,-0.13223581340462612,-0.30326299129297063,-0.1135689493730526,rhiosutoyo:A.5d17ec16-e263-11ed-9c4f-001a7dda7115,rhiosutoyo
B,0.0,0.0,0.0,-0.13911256863745208,-0.0869616431328867,-0.03550381376640243,-0.24368805358583273,-0.20008790293309994,-0.08218598954472515,-0.31818643659515544,-0.2744482116739958,-0.13874855508911957,-0.3335519995530696,-0.3275965180281413,-0.19258588976167917,-0.17877143044590083,-0.5047944961734094,-0.04590571107302138,-0.2215477074837157,-0.7537275431612057,-0.11875406085468662,-0.254636382952998,-0.8679547395123193,-0.1597757917019361,-0.2738773980179331,-0.9438052902331402,-0.18499390525870027,-0.10246413736031688,-0.5109285141282076,-0.06499629319380634,-0.2515356555077298,-0.519860364816907,-0.1628890778477369,-0.2785737519427038,-0.34989779837690155,-0.1766410406682759,-0.2440823882100651,-0.2615270661867579,-0.16613873805108473,-0.034014961786609565,-0.47857067216250254,-0.09258357917419897,-0.18803475081873758,-0.453597288960031,-0.17080625982833006,-0.19735659273580825,-0.30011768121315574,-0.13750084319058378,-0.152487713292067,-0.24554679841460564,-0.09847037360833025,0.025040362938645526,-0.41935075559408963,-0.12676521163323543,-0.10286144378171737,-0.40486027260229807,-0.1660548276435443,-0.11522617739916882,-0.2960956966457679,-0.13757719551782646,-0.07277108305529391,-0.25564907998798314,-0.1051276778957306,rhiosutoyo:B.67e9aee7-e263-11ed-9892-001a7dda7115,rhiosutoyo
B,0.0,0.0,0.0,0.14446515084116474,-0.22624707264384342,-0.017342915339043165,0.3284335202946059,-0.26197804825678384,-0.034737063824554035,0.4517842164032926,-0.14325419100930728,-0.04618290616640464,0.5065078153061024,-0.023271937303956425,-0.060402610278668466,0.4047456455526331,-0.29667926605650247,-0.08224057483951881,0.6616462070010473,-0.3421547853480369,-0.1220815676415131,0.8096219628048839,-0.36299036575427335,-0.13585741427860631,0.917413003623917,-0.3721447506632298,-0.1409314206823498,0.40599137260107426,-0.12698460683525942,-0.09561418614195173,0.6859308131473623,-0.1624459892009615,-0.13968654071651604,0.8417380318054012,-0.17853348744408773,-0.16154241370857808,0.9573581783792071,-0.17488882245136833,-0.17106353014203943,0.4018891356816214,0.04286797804775383,-0.10535451282234785,0.6674608766559638,0.025981128460630217,-0.15818566472819282,0.8091800066618702,0.018112541290414855,-0.18969306804558383,0.9078988664145474,0.030417484224201426,-0.2035233121179463,0.3910086173967679,0.19417490462019882,-0.11116703714848682,0.5731801404914298,0.1161787791385752,-0.14679468709815852,0.5677862130846623,0.05953738521251472,-0.14064894625502652,0.5273537080223425,0.04442484222087665,-0.12851951515453428,rhiosutoyo:B.6ae5f089-e263-11ed-9b3d-001a7dda7115,rhiosutoyo
B,0.0,0.0,0.0,0.13967252217742485,-0.25434277076313994,0.007320891593872511,0.32219302252762955,-0.34437648932137604,0.0036855759803365172,0.4357408488996469,-0.28836640793277424,-0.004155952503129967,0.46034550076782865,-0.20463694525781878,-0.014622316656679093,0.3992949381330648,-0.3473466007485895,-0.041648765893209386,0.6468504600237658,-0.40689469130954514,-0.07286949160924959,0.792042568856109,-0.42832023542809594,-0.08486569974352717,0.8950578513962929,-0.43686264910048034,-0.08956823362533368,0.4102591588927488,-0.17833264323783377,-0.06938276448187504,0.6772693771413459,-0.244634082970122,-0.10164639195448777,0.8322927103009816,-0.2741731628910962,-0.1187253393338984,0.9466758999498048,-0.2845477154553879,-0.12661544617166146,0.40807371669389764,-0.006871998125205003,-0.0943114704739503,0.66939780434315,-0.04396666830929155,-0.13178145738900773,0.8109928127810271,-0.060933624216268335,-0.15917798484191706,0.9021148983486384,-0.0688294555161735,-0.17235307257628202,0.39391950295945677,0.1452400038228972,-0.11569453305765699,0.578655457629217,0.09868980508157824,-0.1374483736222151,0.6060632104705374,0.07111846285693693,-0.13086755526912827,0.5914950471748797,0.06162468050854773,-0.12055179263946755,rhiosutoyo:B.6de20096-e263-11ed-96a9-001a7dda7115,rhiosutoyo
B,0.0,0.0,0.0,-0.13954092138426202,-0.058869290857298785,-0.038217410895920546,-0.24514732004322232,-0.16034598452061605,-0.0863069426640447,-0.3217353981622005,-0.23070489070538622,-0.14352142386699418,-0.3329390577661415,-0.28958227016052196,-0.1997509026864759,-0.1716438524993641,-0.49537118682888526,-0.055751483725745885,-0.21119828542180133,-0.7319688589584363,-0.13057419562931458,-0.24626330864478702,-0.8543077117428391,-0.17731415823021265,-0.2721629989187466,-0.9396647815168321,-0.20726167131546205,-0.09330245184925572,-0.4953945010226506,-0.07490951356192108,-0.2583483875130208,-0.4645312664760315,-0.17286490901377147,-0.28953825867229144,-0.29656915339210443,-0.1883986002285346,-0.26038837946749044,-0.21502252689913076,-0.18040239677936243,-0.026513710009759762,-0.4452104610427604,-0.10197282446533273,-0.1943147648367567,-0.3916049441778343,-0.18195398016444128,-0.2078931416056559,-0.24675433411347802,-0.1455144157152825,-0.17420722431387264,-0.19278173764671558,-0.10428836402111605,0.0305173280391207,-0.36687048779227033,-0.13613593929200485,-0.10413498755244194,-0.337160116337355,-0.17805704538780134,-0.1294820362741878,-0.24258014182973167,-0.14631304580171456,-0.10527500404758114,-0.20765857226838394,-0.11015511770536618,rhiosutoyo:B.70de14bf-e263-11ed-a23d-001a7dda7115,rhiosutoyo
B,0.0,0.0,0.0,0.15552588390406982,-0.20386443113395003,-0.0070853174602941394,0.34688587572861973,-0.23320899739786602,-0.029562718575789747,0.48153622118491507,-0.12030227980242326,-0.0492889989986416,0.5480563307624061,-0.0010300539272642237,-0.07129432736918417,0.40986497662196203,-0.2908899981766674,-0.09896035967939626,0.6665223396880543,-0.30242539067322954,-0.15311611735370767,0.8183477022163547,-0.30043133780311543,-0.18036013871886997,0.9357989450495593,-0.29373007405676915,-0.19494352525471798,0.397290588257014,-0.12000517659741566,-0.12442996460324343,0.6690632932151533,-0.10805499341269724,-0.1713499071275872,0.8332131024315675,-0.10425639913430391,-0.1989649289087599,0.9643260448251341,-0.10052818658602888,-0.21669029000620593,0.3731975374788926,0.04791063207975519,-0.14509450208551983,0.632336000756512,0.08137945234871848,-0.1843655153857,0.7898074779788112,0.10405015758908018,-0.21021455787968038,0.9093584905021642,0.1171431785390803,-0.22613216856578341,0.3437690323483191,0.18964126420606664,-0.163054760404425,0.5318631965154942,0.18006588751341382,-0.18629832677599553,0.6240096113237455,0.17699332116415073,-0.18531401015644394,0.6920185540979811,0.17940533766927072,-0.1815254575337053,rhiosutoyo:B.73da6223-e263-11ed-9803-001a7dda7115,rhiosutoyo
B,0.0,0.0,0.0,0.13485757242310503,-0.22549985415009438,0.010120345275759546,0.3152112244321098,-0.28795039412346496,0.009560539181694016,0.4418922796908911,-0.22715161090152144,0.00984164144065245,0.5043308079036813,-0.13381296826752215,0.006060660454731031,0.41813385529284874,-0.30334611906818876,-0.050020047684114374,0.6713571322055645,-0.318088320434363,-0.07875577117206614,0.8195543234396407,-0.31805396121223795,-0.08384298747371029,0.9273299849180937,-0.31564378748463556,-0.08304418793616544,0.4274547021598989,-0.13002563222222394,-0.07527630632745567,0.7016147571073617,-0.13166649458614796,-0.11018854083098541,0.860770864139719,-0.13299840329421564,-0.12373721316112614,0.9837039707541747,-0.12864623515837362,-0.12560511176718145,0.4164114246942864,0.04344374458628285,-0.09543950428419025,0.6715641255681228,0.07532295716642168,-0.14384902068578492,0.8092764465319363,0.08436334339108505,-0.17140111000007077,0.906545169621851,0.0958585982664403,-0.18153908830671417,0.3818569416239705,0.1951486492530785,-0.10881536788435439,0.5316919224460084,0.15719344122218873,-0.1363733059483414,0.49725671895168755,0.11352901545315139,-0.11920608201390555,0.42729519715312314,0.0978022687342958,-0.09838620040788734,rhiosutoyo:B.76d6a152-e263-11ed-bac2-001a7dda7115,rhiosutoyo
B,0.0,0.0,0.0,0.1646167088608388,-0.22873130564585456,-0.008675693028398341,0.35624014185968117,-0.24547069165222662,-0.020859413781479867,0.4658366745114141,-0.10653883782731599,-0.025467289275565547,0.5063797801321182,0.03298396638687769,-0.03428885583834645,0.42563189648621785,-0.26884819376105884,-0.09333587928880467,0.6874516895306947,-0.2785221536053412,-0.12818155791274993,0.8356111341404395,-0.2743014956072736,-0.1368729474096911,0.95030649552074,-0.26061567699860616,-0.1396855155756118,0.4207373753799106,-0.0829945391213443,-0.10816046554945809,0.6941464970529978,-0.07258783964071998,-0.14653366003515048,0.8539871662331538,-0.07333101923874603,-0.16621729732880205,0.9821471647083022,-0.06596162023878359,-0.17617040475323162,0.4083729402937054,0.07964161189209246,-0.11684110401027543,0.6619433426841703,0.1080657429210716,-0.1637319946478256,0.8174641742302595,0.1145181248214769,-0.20339221031116378,0.933931537014086,0.12195307706922341,-0.22558054312159456,0.3901172105501652,0.20736895893186597,-0.11953219381389624,0.5575656983203724,0.13125726803804236,-0.150346127670859,0.5786820989602675,0.05504142031718404,-0.1511633581599004,0.5700162023930201,0.007119325499156555,-0.14649818237465995,rhiosutoyo:B.79d2aba4-e263-11ed-a7dd-001a7dda7115,rhiosutoyo
B,0.0,0.0,0.0,-0.1891327486413174,-0.07138350819600435,-0.02812492580676616,-0.3023501643821318,-0.18452240715830057,-0.06617607039193714,-0.3937961790549022,-0.2535711958518969,-0.11238465099413485,-0.45385332704279463,-0.32413405675584905,-0.15960967223214284,-0.1899816325823287,-0.5267319080682566,-0.048028027084163497,-0.21968354318757366,-0.7264109926113109,-0.10923553641307103,-0.23712056615592195,-0.8488035347915857,-0.14675109330553837,-0.25005526069619355,-0.9524484116284079,-0.17411028052553842,-0.11842009703824037,-0.5095938366844267,-0.07326915728592692,-0.32949860018225235,-0.4728131346447835,-0.16146236117097762,-0.37656982877971695,-0.3024900879994643,-0.17350726011993378,-0.3509752484239874,-0.2170600540893054,-0.16414870043119473,-0.07404646562144217,-0.43021967173986986,-0.10439224913670152,-0.28799912372883124,-0.3448225980816558,-0.17837161335350768,-0.3140102208989459,-0.20917394642017015,-0.1462408916986031,-0.2827577088869223,-0.16463204976812512,-0.10854369258965578,-0.04887564493800923,-0.32222404164633484,-0.14098886187109577,-0.21351850650852386,-0.26541526294724366,-0.18050980472947092,-0.24098940693913617,-0.17978326876720643,-0.15336665674047048,-0.21615585150888356,-0.15712131108292166,-0.12092207790940371,rhiosutoyo:B.7ccebbe0-e263-11ed-8440-001a7dda7115,rhiosutoyo
B,0.0,0.0,0.0,0.16504817350257103,-0.20104568201199532,-0.015441678692608936,0.36476285775962086,-0.2020958592741493,-0.03169048714479837,0.49608246329673633,-0.06562787803585617,-0.04326738737864822,0.5680405764961317,0.06832361418067577,-0.05411298790694672,0.43618803294411906,-0.28380583605279897,-0.07702513059581234,0.6939695298284848,-0.28989906668696097,-0.11890121984509894,0.8408092416578635,-0.28187582487288765,-0.1358392309226827,0.9519118805036735,-0.2702587368189845,-0.14430518677083923,0.426197173200787,-0.11971669323608161,-0.093885599719426,0.6935789351171928,-0.1022793456569877,-0.13451447167054956,0.8505410717351288,-0.09091742115473234,-0.15903981283928847,0.9716647963097278,-0.07824008051018952,-0.17432373468705126,0.40985323307234933,0.04080859501629794,-0.10842626107015395,0.6657079991163107,0.08584601627698564,-0.15111426363615657,0.8148421912758195,0.10929294583281432,-0.18142807139673983,0.9261069726172587,0.12416975411676798,-0.19889087089575821,0.38895653317321055,0.1742399191110133,-0.12043197416720768,0.577009141863119,0.15034452028259143,-0.14673266729472878,0.6339402540911353,0.13651367168142567,-0.14581802370282854,0.6604589872852591,0.13328534898665603,-0.14133565943217158,rhiosutoyo:B.7fcac0f4-e263-11ed-bbb0-001a7dda7115,rhiosutoyo
B,0.0,0.0,0.0,0.16834662838466033,-0.22179501196982915,-0.019045806253254156,0.37155442061358407,-0.2363438057057864,-0.034249208619795614,0.48858199166904925,-0.08654773537343907,-0.039581561494155496,0.5429780670855595,0.05987520323296215,-0.04723302655329612,0.413863034751,-0.27091116329042114,-0.10487968623318489,0.6722338495392605,-0.29247438919342905,-0.14523895768854075,0.8216186936583055,-0.2914270955018208,-0.1579389159284938,0.9441355193602884,-0.2757740927255314,-0.1654253032423105,0.3974430848318842,-0.0854519867227821,-0.11956128244949785,0.6678214999482143,-0.08466645236021474,-0.16828682174488818,0.8351364735433932,-0.07377664897104648,-0.19899446303299742,0.9737421402776589,-0.05822311986730153,-0.2200825130727152,0.3800001968884068,0.07964021176682921,-0.12937997326589848,0.6331021117248712,0.11536074610173419,-0.1990731863179863,0.7921669235095351,0.13020539710087772,-0.25640705193187313,0.9131189616847784,0.13758516427662892,-0.2884437595487836,0.3681362949970927,0.21434679255034247,-0.13228391389284172,0.5532996143015455,0.13604434785396904,-0.18801875784638866,0.5707913417672387,0.042013013249674394,-0.20401570430521127,0.552570995287702,-0.024137235367817426,-0.2097527297955682,rhiosutoyo:B.82c6cdaa-e263-11ed-a90b-001a7dda7115,rhiosutoyo
B,0.0,0.0,0.0,0.1398946892407534,-0.25378955186238045,-0.0029291010932875373,0.3423826872995612,-0.27842311916285867,-0.004392044213909424,0.4601557910080493,-0.15102391526565612,0.004447706289397181,0.5116146611115681,-0.019221993509299817,0.005545099107426905,0.42517971284110734,-0.28437413950168566,-0.09108135858142549,0.6734983464457197,-0.302228537105252,-0.11189836828903166,0.816820579608153,-0.30232931577148764,-0.11077859233626125,0.930548636161528,-0.2849833558951897,-0.1103307771869829,0.42896385819715954,-0.08886566554388425,-0.10267790557338342,0.6967234182756527,-0.09743158485649642,-0.1348465995189108,0.8547518518208111,-0.09570578361188825,-0.15404993928470065,0.9830054021829716,-0.07821948209162821,-0.16607857146667615,0.41507137203199745,0.07704996839194408,-0.10578914616131455,0.6575806635288303,0.10398005962247633,-0.15666437045300594,0.8065181663542499,0.11375104585124303,-0.20549509266325597,0.9144788496343254,0.13004591364361914,-0.2356813773511259,0.3890563083200981,0.19915602011373054,-0.1001278728415843,0.5255183746082471,0.0885563792923335,-0.1398692598829285,0.5143338138780108,-0.018405606117566028,-0.14897226165478206,0.4751453478528694,-0.07514426252564736,-0.15222294169039266,rhiosutoyo:B.85c2e57f-e263-11ed-8848-001a7dda7115,rhiosutoyo
B,0.0,0.0,0.0,0.1279078282866921,-0.20527749060647393,0.02941838323647507,0.3155624115837448,-0.2075522716879648,0.03556460721656923,0.4372929112953961,-0.1041238817947133,0.03855260713089171,0.5077498767058766,0.01275915534422387,0.03490028506762402,0.43674506644740185,-0.30070922225702346,-0.033721645664667385,0.6707532662551462,-0.2958625415751485,-0.0571493614686056,0.813801498436823,-0.28788008768269185,-0.06628546271550594,0.9245409586219445,-0.28613621048101273,-0.07196916161308461,0.45321064499967817,-0.142517458617005,-0.070608248028685,0.7044465062976318,-0.12033521550911216,-0.08836987580449292,0.8615601727855435,-0.1052112313217504,-0.10421878682553355,0.98756579097562,-0.10653419062166422,-0.11560395634789006,0.4396242491475886,0.019282209985327637,-0.10123019642073355,0.6770037016236514,0.08085142222670631,-0.13130794064400786,0.8245900282360019,0.1035385061864378,-0.17020758002257447,0.9330586167938285,0.1085564209620959,-0.1988255992066462,0.3989169270169863,0.16785397968534047,-0.12454815226194606,0.5105771939803969,0.15675868804691837,-0.1429635710944588,0.4893637136222636,0.11880492482167247,-0.1386651587847827,0.4441076112195187,0.0900407246294567,-0.13508307250955434,rhiosutoyo:B.88bf0337-e263-11ed-bf4a-001a7dda7115,rhiosutoyo
B,0.0,0.0,0.0,0.13452260545178882,-0.2257124989791622,-0.004676920926845791,0.3243791371387932,-0.2534560850819419,-0.014987476708722938,0.4712889188848489,-0.14063994196909047,-0.020522190544915404,0.555830437758592,-0.01765175716560869,-0.027612779779466537,0.40681927992808065,-0.315500154742356,-0.07729685364870896,0.6583071817075459,-0.3268501355717517,-0.11433760694371502,0.8078150891979842,-0.32969508883218074,-0.12622662552239045,0.9218209310353703,-0.3307264663967239,-0.1318525583493485,0.4117635049260382,-0.15458606798105498,-0.09811491022903787,0.6814827257718791,-0.15664114843311272,-0.13811365580268248,0.8440445161771591,-0.1558516469800815,-0.1617090170789874,0.9719769259785984,-0.1565535085728515,-0.17536206636192508,0.4036101508641367,0.00801459094982118,-0.11376542573033227,0.654917202592978,0.03682260524241198,-0.16438113537488294,0.7974183775265994,0.04495726775219558,-0.20295245291377847,0.8978370701807746,0.044051903433056296,-0.2246173853471825,0.38452558101134765,0.1508220102539033,-0.12380746984222243,0.5430795808012637,0.10688795024876888,-0.15778086671093347,0.5446093172322075,0.06355746645639399,-0.15764207265257488,0.5145280492635617,0.03679611522815223,-0.15209328116095092,rhiosutoyo:B.8bbb1f2a-e263-11ed-ac36-001a7dda7115,rhiosutoyo
B,0.0,0.0,0.0,0.15850275656934532,-0.20445799247967214,-0.013136585817416493,0.35189595127566947,-0.18953411611301135,-0.02698492024777023,0.4796084554964674,-0.03263559728536266,-0.03394863745457098,0.5540850136991097,0.10589309842088518,-0.04320017447782452,0.42299871308591863,-0.2875831634866717,-0.08595095785557205,0.6722444690773106,-0.31481600529234927,-0.12333299797415229,0.8218656864756665,-0.31650761882718736,-0.1364295811974118,0.9389754961099909,-0.31237539146051674,-0.14403691372313318,0.4185323216000944,-0.11851020839956349,-0.10312852464484312,0.684006114366051,-0.12354278139023042,-0.14359304696642677,0.8447289432659445,-0.11905355175821447,-0.16800826089135426,0.9754933510027117,-0.11009509007492756,-0.18338762192739858,0.3996032479535409,0.04414579572075826,-0.11590414527686271,0.6538238566457222,0.0656043360863181,-0.16503684479731806,0.8062626877220009,0.0779523877058819,-0.20424822326642125,0.924257731172145,0.09062108235307287,-0.22825503489424476,0.36912716214340213,0.1831926105644901,-0.12386098807656369,0.530757267646982,0.12708848880345974,-0.15730651578775318,0.5498702963118659,0.07166610274964513,-0.15911263251574906,0.5408775205979824,0.04534905924399413,-0.15664530316589,rhiosutoyo:B.8eb755f6-e263-11ed-b92b-001a7dda7115,rhiosutoyo
B,0.0,0.0,0.0,0.16371583608230417,-0.23304209351554356,-0.01220393323525009,0.35645717883908234,-0.2547281516681307,-0.027101095036355213,0.4643276497908399,-0.11119060954446743,-0.03531153836264219,0.4966412731717276,0.03305366687373283,-0.0474863721722544,0.4208906851430658,-0.2749720985393789,-0.09464902395355204,0.6829569980210715,-0.29430269753817895,-0.1313525120376692,0.8350665899180226,-0.29360014700768067,-0.14169368051469577,0.9470109206454617,-0.2804264395338293,-0.1455600718568333,0.4203583816261422,-0.08223574411664683,-0.10936364390565623,0.6965518174368179,-0.07774592164711781,-0.14378785555856602,0.8595274491122755,-0.08265508600452556,-0.1615398077457643,0.9821442400744305,-0.07783635531595429,-0.17127227878366064,0.4100566672508556,0.0865028616081159,-0.1188586259916059,0.6705551950123599,0.10984247203999771,-0.15952682387277,0.8266849014084955,0.09997908740476545,-0.19717683828501717,0.937015908357012,0.0941192431265643,-0.22022016581165849,0.389042585968484,0.21909825163056876,-0.12367546594065969,0.5506602643853811,0.1392784703322686,-0.15552217723197867,0.5799458080862603,0.05202961141325252,-0.16088963472275045,0.5767333209605461,-0.006495776412083262,-0.15959148112999308,rhiosutoyo:B.91b36460-e263-11ed-b290-001a7dda7115,rhiosutoyo
B,0.0,0.0,0.0,0.14884961764693846,-0.2344117983182987,-0.0013767269103628487,0.33997261821386393,-0.2584957909701652,-0.010284678593519761,0.459760847688494,-0.1320977240430769,-0.014840893576137186,0.5138850400414754,-0.002279862846395457,-0.022851269489391556,0.41250974243286354,-0.29683284819442246,-0.07351714678413432,0.6643505954527491,-0.34390175397515826,-0.10806083443092648,0.813136157320173,-0.3563021031696512,-0.11897984265927018,0.9258838069066297,-0.3573835346717617,-0.12254054534563032,0.4124883360371584,-0.10782548583508605,-0.09576177752298094,0.6908201756687301,-0.10504526891503356,-0.13159144724267552,0.8524798053653733,-0.10771044688412114,-0.15022559214828005,0.9803857976326663,-0.10959061473895386,-0.15876714234064904,0.39593710696708223,0.06410905039241284,-0.11279450751477159,0.6584692290846681,0.10662215226277698,-0.1591319191705153,0.8052468383534318,0.11914473034267015,-0.19214335927702075,0.9115209324264997,0.12619086608927077,-0.20813424325799532,0.36394941547960397,0.20388954619481664,-0.12369189487493411,0.5455934679391823,0.1695311372348968,-0.15132597893208358,0.5504115410488418,0.12255079837379593,-0.14002454585298696,0.5184305492729965,0.09183735935737501,-0.1255350713341352,rhiosutoyo:B.94af67d4-e263-11ed-a7b1-001a7dda7115,rhiosutoyo
B,0.0,0.0,0.0,0.1575478019600809,-0.23738117975803577,-0.001946388325344809,0.34530732789386437,-0.2627224255880658,-0.005018116955155291,0.4729369320725881,-0.149850489651796,0.0007349716932005029,0.5303374080545195,-0.02464984874017783,-0.00029212071480909325,0.4465549612267306,-0.25503388428398294,-0.08554598189704243,0.6920828916462972,-0.2960449827934723,-0.11339310740818198,0.8380934961481529,-0.30536311618859796,-0.11529183133613342,0.9486517016656258,-0.29523351368057926,-0.11356549355650075,0.45781088165365125,-0.06913124042944169,-0.09216620921841691,0.7173073923859148,-0.05588672163603882,-0.12739978677038125,0.8700650162580345,-0.04255328300693317,-0.13895850532404613,0.9845474900348392,-0.012424883573149354,-0.1421038743847953,0.4442690560626435,0.08474181321843248,-0.09114433051980793,0.6701910700550094,0.13695892816541747,-0.14416756502324382,0.81278310005704,0.16296979479900517,-0.18504540664884994,0.9134881409230668,0.19127805963666883,-0.20614373590525353,0.41242335449579715,0.20016217954800714,-0.08157155445743051,0.5294959965479714,0.12056229193087725,-0.11263895227102252,0.5145511127330684,0.030531865627074658,-0.11127580778715417,0.46729112740230305,-0.019848177612227704,-0.1049641912731104,rhiosutoyo:B.97ab73a8-e263-11ed-bd57-001a7dda7115,rhiosutoyo
B,0.0,0.0,0.0,0.13306688182719195,-0.23772655238228071,0.014660483603024885,0.3309997505752823,-0.26098862507104964,0.022991193051976007,0.43637924683278384,-0.14108553292028506,0.03191522848346621,0.4766468208002731,-0.0007969281167694754,0.03522706812360749,0.4430487580509483,-0.30172064204043436,-0.029755531913421552,0.6715135733790258,-0.3281093242947851,-0.04082554724405396,0.8118088827403116,-0.3309185340004758,-0.040057261112360784,0.9231024084563326,-0.3316500926789863,-0.04025775500789483,0.467265620716711,-0.1291700099996083,-0.05431968400521411,0.7150669901591379,-0.11839273813672656,-0.06891937758152027,0.8691426037590783,-0.10909778304629865,-0.07802190519748133,0.9913898531083862,-0.1023130753355381,-0.0817202164040016,0.45861125564595784,0.03098572323997568,-0.07411455273662204,0.6778274382827467,0.09668033255073878,-0.10329742610631754,0.8158879966381928,0.1328599547941952,-0.1367378936539657,0.9131671680988559,0.16466332932950264,-0.15819425941658652,0.4233129779966495,0.16149938756724616,-0.08819275266710934,0.5209075684251353,0.12617337742897952,-0.1026475316080328,0.4765105963764888,0.07224648601532407,-0.09060294595028077,0.40591038404636115,0.047135174392498834,-0.0803712955700228,rhiosutoyo:B.9aa7a471-e263-11ed-9738-001a7dda7115,rhiosutoyo
B,0.0,0.0,0.0,0.1677359603790006,-0.22175972976560973,-0.0202378330380724,0.36899917404813365,-0.2361221370949176,-0.03641909030889574,0.49554240572757136,-0.09230021919482682,-0.041653298849330986,0.5510240830724034,0.047593511008788315,-0.04967823568690693,0.42219344673997744,-0.2460646773845829,-0.10548979711552983,0.6788463600739276,-0.2770074504612763,-0.1445315733683934,0.8305765065557029,-0.2864030630697791,-0.15712273518568598,0.9465774911257808,-0.277635244424868,-0.1640418371854149,0.40757377969156744,-0.060102475490815904,-0.11702434411396827,0.6781969606150304,-0.05591008345174709,-0.16032256691229524,0.8448696219750667,-0.04685923281833372,-0.18953176905941235,0.9745421009995754,-0.023689191002765984,-0.2090947734337243,0.3901987946918384,0.1032930952062731,-0.12327284626253143,0.6358677828623974,0.13610227442743011,-0.1844119418437335,0.7914861468743332,0.161839357735226,-0.2405672862484398,0.9012187599564152,0.18809342968068962,-0.2738208442105413,0.3711371921335809,0.23433536263315147,-0.12309800572083363,0.5265501496151478,0.15829142675612745,-0.17423860856671536,0.5341113013472458,0.08383271693466236,-0.19112293662618032,0.5058554802617262,0.04184151085859422,-0.19718289224696126,rhiosutoyo:B.9da3b3ad-e263-11ed-9039-001a7dda7115,rhiosutoyo
B,0.0,0.0,0.0,0.15131926462463305,-0.24933926611995005,-0.019160773185465628,0.35121970099889444,-0.2576302842156516,-0.04008678832701955,0.49398507502789973,-0.10947391706855304,-0.044288425697936604,0.5743282784717632,0.03542036766269107,-0.052608235990040726,0.39716015479920186,-0.2686686602760572,-0.14744976132776438,0.6484837679531206,-0.30795335092779996,-0.193808742749236,0.8022542943295322,-0.3160904054754559,-0.21049182764822477,0.9254462014620548,-0.308673576198868,-0.2197042365455328,0.3873414941731027,-0.07467556213996616,-0.15588701440656685,0.6604540286464338,-0.05151263770441645,-0.20272365760666913,0.8255463860785475,-0.025732981219662363,-0.23234421841448272,0.9540189187752487,0.003632243198734557,-0.2543714793579419,0.37221109113943057,0.08631099263300332,-0.15456573367645426,0.6331661776584036,0.1508619118534913,-0.22346313502089646,0.7939814277258107,0.18129969496764162,-0.28723402628691763,0.906108055693743,0.20787866536709135,-0.32640843041819195,0.3586005514253075,0.20639445676393184,-0.14314363386008738,0.5207829977993595,0.14219489856677317,-0.20217674261896032,0.5222095105887251,0.044614422484403164,-0.22334861450285676,0.4894225678651844,-0.014161405082340959,-0.232979844767572,rhiosutoyo:B.a09fd9e1-e263-11ed-94ab-001a7dda7115,rhiosutoyo
C,0.0,0.0,0.0,0.20579253876362502,-0.0070316842919124056,-0.0012871691742411258,0.3664767657338984,-0.12473866770729877,-0.0009835903665343796,0.4927401563057244,-0.1882502673508298,-0.018211817828965308,0.6188083391048612,-0.25641592061491975,-0.033437686239110115,0.2745077769877474,-0.513922301880046,0.09713129800154106,0.32033445338459504,-0.7605102619391942,0.06109643118256117,0.43173006918929185,-0.8247288140395101,0.017305999440846077,0.5355860100136091,-0.8290630272325092,-0.01175563749065382,0.236559986616283,-0.5507438935629193,0.05873244628531778,0.30230776637588047,-0.831131328664063,0.022262594607858652,0.44091279297641317,-0.8738043484132053,-0.022249491176021992,0.5538415405958453,-0.8310988941418316,-0.05034060057890858,0.20035540165493243,-0.5667740555364995,0.00600928574912313,0.2849046931209951,-0.8393024257091792,-0.03500807646045966,0.41875806221462436,-0.8852235526360434,-0.06676464585132905,0.518131582098524,-0.8426942358395654,-0.07998159634827055,0.17199636723778278,-0.5544624514728219,-0.05170628541862855,0.25272754482987136,-0.7648662483068394,-0.08279169670103209,0.356709770067136,-0.8224749150640766,-0.09834145046902662,0.4426968418589666,-0.8108046436135952,-0.10455283040614742,rhiosutoyo:C.ab7445a5-e263-11ed-8fa1-001a7dda7115,rhiosutoyo
C,0.0,0.0,0.0,0.19715326824776105,-0.01076352273246427,-0.011372996514178956,0.3577798815760726,-0.1363287512129323,-0.01232046873981296,0.4818654411198808,-0.20099628079804058,-0.02816559518307988,0.6090994535275087,-0.26541027160467623,-0.042789389157006835,0.25561221504035353,-0.5269494751385042,0.08522831766388766,0.3115035621542337,-0.7514754311792099,0.047106297257099784,0.4212034679740611,-0.819466871963123,0.003084431481539421,0.5221856774343222,-0.8353200223873264,-0.027615511222167672,0.2167805541770383,-0.5635208110721928,0.04983500279383971,0.2950538237026993,-0.8180070942421045,0.010895066315532049,0.4321516524397923,-0.8625939963116034,-0.03607748160452668,0.5435014900644928,-0.8348090853407791,-0.06710139964172046,0.17381641904329032,-0.577512945298673,-0.0008669967902792166,0.26464000654525327,-0.8356556495407963,-0.049114438542597685,0.3957284615300591,-0.8878727625535323,-0.08697579959814958,0.49517370347726075,-0.8624415464723226,-0.10486935826561716,0.131826805034058,-0.5633008201648764,-0.05677865196033363,0.2066581520442363,-0.769140018203941,-0.09912004545812517,0.3115911428798185,-0.8325327286851132,-0.1252095179017254,0.4031318532382224,-0.8376705999968778,-0.13962442395915625,rhiosutoyo:C.ae705135-e263-11ed-bd79-001a7dda7115,rhiosutoyo
C,0.0,0.0,0.0,0.21599337342488048,-0.009505495556775491,-0.00605421785997149,0.3731223011194675,-0.11904329192207008,-0.0032956590267686214,0.4865195838983457,-0.17561832174642023,-0.016636607411794686,0.5922473686436494,-0.2686074030061108,-0.030287701557285857,0.2901351225681178,-0.5127409228268858,0.09078788912456724,0.3577827017011768,-0.7180540760227357,0.05372920884515746,0.4599952118590506,-0.7664730051179932,0.008515309884173167,0.5558668031966552,-0.7735418670903301,-0.02343408274779371,0.24945899867011193,-0.5472678427297939,0.05269110549697729,0.32196838130036204,-0.7878906130966994,0.018038818182885125,0.44064121562162856,-0.832952345603567,-0.030877156767685012,0.5461646151677917,-0.8225208568825678,-0.06560166002835076,0.20240077723643804,-0.562116615994577,-0.0003412990858807442,0.2838596673466876,-0.8039783679302938,-0.043887797211868355,0.40271682544164383,-0.8634027235197822,-0.08090368198336771,0.49774206596568604,-0.8614905529149829,-0.10043337595863018,0.15115590223277048,-0.545223236549463,-0.05837200026315692,0.2271865929618642,-0.7513355283320627,-0.0948248405777346,0.32656380526863654,-0.8216122100636587,-0.11608057133068253,0.4139117041942663,-0.8407621227775111,-0.12907481287939057,rhiosutoyo:C.b16c737a-e263-11ed-9151-001a7dda7115,rhiosutoyo
C,0.0,0.0,0.0,0.18718547532603014,-0.08279234340303795,0.019268246522417917,0.314260029030077,-0.22514444147711254,0.015425578978080721,0.4165908669479975,-0.3037567722604147,-0.01229739285607627,0.5202023359245953,-0.4051753035093302,-0.04083880096700826,0.19009306794036157,-0.5686878723715971,0.10262074000695029,0.2219381717999776,-0.7977489862599059,0.06351649229642588,0.3181743554260524,-0.874896230537792,0.016165005631893242,0.4117198062197724,-0.8938781329415297,-0.015911359427353923,0.15372382035330243,-0.5846202482401424,0.04584772609194488,0.19628684137528785,-0.851861000336244,0.010573693029534138,0.32503205116847705,-0.9222948288077873,-0.03684972741029537,0.4372350677616533,-0.8966792751152154,-0.06922263429193018,0.11435753832161726,-0.5784587325145026,-0.023616210659249747,0.16662279854129863,-0.8423936559125349,-0.059054207046189425,0.2897998878337699,-0.9129726440758679,-0.0879468370041925,0.3955581073633897,-0.8964127091357472,-0.1049934234766866,0.07966906401434033,-0.5349131709928383,-0.09678961902420605,0.13335351681668,-0.7454938432308643,-0.12801929710971707,0.2242767090973035,-0.8282137534139589,-0.14182800684844857,0.30651876530510264,-0.8483795137485141,-0.1495636071460539,rhiosutoyo:C.b468991b-e263-11ed-8143-001a7dda7115,rhiosutoyo
C,0.0,0.0,0.0,0.21291864256378223,-0.04042108941674358,0.011645586183673997,0.363898250870616,-0.184226428228787,0.019736296251501258,0.47453932026169066,-0.25427236861187064,0.005844744179215188,0.5948302540281923,-0.33137085593574533,-0.0091294441987948,0.2407110827280156,-0.5431355003336958,0.12858518465393415,0.2795861905490937,-0.7753216664369608,0.10130779783441773,0.3810587648873608,-0.8462935395094303,0.05679843346981132,0.4806927502809315,-0.8690701165899631,0.02296442710216153,0.20510447523652017,-0.5687287846357165,0.08101558991149725,0.2669574098467412,-0.8253880194846498,0.053631326154549845,0.3977305483903155,-0.8833529306583779,0.0027178451114288796,0.5103820116700142,-0.8592707937438047,-0.03411605461599322,0.16768727761674515,-0.577606118287759,0.018376885114084276,0.24394264565190302,-0.8329495402149499,-0.01734643135226782,0.37133555149991254,-0.8937437777950299,-0.055512418621560006,0.4758841835985883,-0.872291163526464,-0.07693827052378864,0.13356026955053754,-0.559889834337635,-0.048740537633185435,0.20146252590487257,-0.7599110127213383,-0.08050682154972416,0.2985123388480405,-0.8282286505774421,-0.10213229236095651,0.3859326621413429,-0.8382141064003424,-0.11554900806509187,rhiosutoyo:C.b764d969-e263-11ed-9e4b-001a7dda7115,rhiosutoyo
C,0.0,0.0,0.0,0.22829448679134623,-0.03201346375220389,0.03768042106225265,0.3760882778399053,-0.16223366961156052,0.0562950955605667,0.4773020362496986,-0.2409880788181539,0.046262218413034156,0.5944717967238292,-0.31389836002712224,0.03455889781098366,0.2803574994820793,-0.5357073490578192,0.17057732068504639,0.33226000197474226,-0.761968751408895,0.15383597953077882,0.4329551889753861,-0.8253109606603316,0.1141529114046652,0.5261657156529796,-0.8407016876792917,0.08228681406497663,0.24460573174388714,-0.5617612677803411,0.11104243077859265,0.31407698801510825,-0.8291806521746732,0.09297387763432571,0.4430992724463934,-0.8758676468768685,0.04392934326471477,0.5462764624596693,-0.8375779122860817,0.006728106199986334,0.20585419481902079,-0.5700463318001221,0.03727871778592667,0.28844568351810707,-0.8351936111331445,0.008169077570083465,0.4175370839627753,-0.8796688934070832,-0.026995974689514386,0.5166003278124726,-0.8483978564238791,-0.04871407561884574,0.17004028977170954,-0.5420319340028447,-0.03885511247877479,0.24648018486800483,-0.7378589386472788,-0.06509703262920438,0.345252336226386,-0.7920464299629695,-0.08144575875963388,0.4304129275355521,-0.7966354648398993,-0.09257280782437206,rhiosutoyo:C.ba612792-e263-11ed-9a2b-001a7dda7115,rhiosutoyo
C,0.0,0.0,0.0,0.22027004119643287,0.019246838449749643,0.020319914336891124,0.3672074976862562,-0.08635162505671504,0.0374357884178076,0.4781298165180322,-0.15478262305116608,0.033995541058649006,0.5912899772884301,-0.22682016681078418,0.03147394153098744,0.2504170289314804,-0.4665694968719528,0.1474805300552428,0.30155891578363586,-0.709856322484817,0.13885075598222177,0.41667149230660544,-0.7948730699329224,0.11016564268691185,0.5153249580265384,-0.8227984299495154,0.08747300289606857,0.22370088631719967,-0.506427125154155,0.1048423202643108,0.3052241682080297,-0.7777849592095987,0.09521431458168388,0.4452101971343585,-0.842029892845658,0.054389218901254886,0.5556536373601557,-0.8310458769043219,0.024734303482319586,0.20534303442145602,-0.5283325366003188,0.04942178375994136,0.30341488488176344,-0.7863516585683908,0.026022969253035592,0.443144281840615,-0.8467183184737191,-0.009699968457667098,0.5472974433080197,-0.8353678052454956,-0.029032963516289836,0.19398455386090882,-0.5224017662408103,-0.008657950372707479,0.2829799354714712,-0.6995435193473074,-0.03106658141134855,0.3888291602794904,-0.7553819389376076,-0.045993341391217794,0.477923504544178,-0.7689071145569043,-0.05320951676838328,rhiosutoyo:C.bd5d40d7-e263-11ed-a6ae-001a7dda7115,rhiosutoyo
C,0.0,0.0,0.0,0.19446956066320256,0.055749015189502364,-0.057472135715881105,0.35217660952757335,-0.006927725015986917,-0.08380893774744073,0.48381829734946985,-0.06140430091683863,-0.10846605162868565,0.6042159464899567,-0.13483612127609523,-0.12964447114044064,0.24465907437653145,-0.38966237845644275,-0.018245488246174165,0.31208487805284674,-0.6598427937423472,-0.07065585925443651,0.4355421744258361,-0.7342912463482268,-0.11555539464481009,0.544721881791667,-0.7550276763873867,-0.1436410792693517,0.22206488871152566,-0.4437036235391354,-0.018471112898148897,0.32408400635495,-0.7192384931767182,-0.07355660840823007,0.4767305495426182,-0.781394155584714,-0.12186539727455552,0.6030963605122933,-0.782980044533607,-0.15237135491612827,0.20524156078948066,-0.4733405326773625,-0.02885777140471352,0.31803210500079293,-0.7209829710205004,-0.08502746254741293,0.4652063275875975,-0.7822957893741027,-0.1243740341310763,0.5780244026016392,-0.7823201656056861,-0.14106270129732298,0.19989915116399654,-0.4893250314537453,-0.04459561094729986,0.29932807911729403,-0.6663707485603673,-0.08865926115968592,0.4080707349897954,-0.7339267499912571,-0.11113580462175253,0.5009969446942415,-0.755452109596132,-0.12070952476686242,rhiosutoyo:C.c0596744-e263-11ed-9241-001a7dda7115,rhiosutoyo
C,0.0,0.0,0.0,0.21828161429636586,-0.006430083664143561,0.03874234297869569,0.346259284788032,-0.1208433745272083,0.048002603027892644,0.4478251874649388,-0.20423597761310958,0.034005767543319444,0.5605837153705856,-0.27645417254522114,0.01943547867665848,0.20899280934824388,-0.48692147737786823,0.10422226790080588,0.24650557322370986,-0.7231197208360904,0.07686910045026818,0.36285232110126675,-0.7918731368713277,0.041523590713515496,0.4722086063374802,-0.8087940805336663,0.014445629395953534,0.19174232695695512,-0.5224657095721469,0.04675587196098735,0.26649405479035176,-0.7951377998403907,0.015619451803400314,0.41594748147519217,-0.8484841927106445,-0.02340462830940574,0.5365021017696076,-0.8259088865010721,-0.052077452479847304,0.1850444251013793,-0.5269748434672865,-0.01882143656666068,0.2739543548274261,-0.7930866115803248,-0.06013075059427724,0.4168409338376758,-0.8496073977348136,-0.0941189395537634,0.5300956731132351,-0.8404504626575999,-0.11243485742976869,0.19405154512937556,-0.49932485834919477,-0.0838451295460549,0.272474965203484,-0.6922431382786823,-0.11938492642637644,0.3740177566659018,-0.7533935085402951,-0.13732700341448084,0.4655395255258555,-0.7682667985989013,-0.14760677815475232,rhiosutoyo:C.c3557332-e263-11ed-8549-001a7dda7115,rhiosutoyo
C,0.0,0.0,0.0,0.20289795983344341,0.043198497330181614,0.020618983891539763,0.33489531770462877,-0.04405844907514704,0.033420272186723256,0.4402972742259226,-0.11314378600155343,0.026754244567819427,0.5449861414424079,-0.19091947437239326,0.019504209276728864,0.24188951323720154,-0.4370326268808531,0.12252050227202914,0.3006172280112652,-0.665140557414846,0.11519332396478255,0.4103342237424892,-0.7479638993647227,0.0915628761401531,0.506894438828051,-0.7899727826324382,0.06933068555262155,0.22568936930851755,-0.48214684428784155,0.07679794823762265,0.3007991789727699,-0.745656546114164,0.06576301504593844,0.4360102492386813,-0.8131316311798511,0.026825862998866593,0.5415819889277866,-0.8239329533440747,-0.0036814591527947163,0.2114717268359796,-0.5102295461877622,0.020979600687109468,0.29292803131302714,-0.7665534584084077,-0.004116938055882571,0.4227487689728686,-0.8336504929537679,-0.03523630697300074,0.5235643161876802,-0.8503076365758112,-0.053453998875530186,0.19730105770653616,-0.5101423908282856,-0.03702378106871492,0.27458918541381055,-0.6961074508779651,-0.06401723551839132,0.3694481731579007,-0.7669950361306909,-0.07838277062582845,0.4551054791504983,-0.8063698750357836,-0.08620981887630684,rhiosutoyo:C.c6517c48-e263-11ed-b5c8-001a7dda7115,rhiosutoyo
C,0.0,0.0,0.0,0.2094433711721077,0.01851494734474903,0.05280121396537778,0.32647457085491094,-0.07763909164840856,0.0786758982158686,0.4230067818837426,-0.13219334658390364,0.07755886253060532,0.5237287032668616,-0.20458447694271548,0.07452876895046343,0.21228095163993652,-0.4669727932427076,0.16159088757368129,0.2668062487470745,-0.6929255671124528,0.16135786306875777,0.37444851768520854,-0.7769649122501352,0.13806982877251764,0.4745798140543105,-0.8198359736437937,0.11480041278299971,0.1996100381110665,-0.505612714517746,0.09934143918151436,0.2756816797829549,-0.761441365916914,0.09128597521796106,0.4088882636481869,-0.8333640102209181,0.05136434748805046,0.5174394070010949,-0.8427188223361367,0.01936616666664106,0.18457146372503472,-0.5271190628740229,0.027852230491558987,0.2680620436797905,-0.7772503332217148,0.006773354492945866,0.39746855767328326,-0.8477938967891061,-0.026362981763426874,0.5002026180604664,-0.8645454270713735,-0.048564857823653676,0.17277645282617551,-0.5225200723219154,-0.043465283005077064,0.24913480566991686,-0.710572639740003,-0.06611907187041989,0.34198793894153123,-0.7806306579378612,-0.08167593493778272,0.4277495580885343,-0.8139704364900257,-0.09296315347211795,rhiosutoyo:C.c94d9173-e263-11ed-8f68-001a7dda7115,rhiosutoyo
C,0.0,0.0,0.0,0.18209155128097596,-0.031490420635727906,-0.010871361166714654,0.3279702083884405,-0.1706892622922573,-0.016573935489894095,0.43939581368512004,-0.24706228327417296,-0.03563012185752911,0.5589255206458912,-0.32605879339588356,-0.053440940252709256,0.2271153803559593,-0.5512499323220027,0.06791679692840177,0.28279094496057366,-0.7742083057300827,0.026938573142131876,0.38972715928945467,-0.845128987517197,-0.01609403451134172,0.48717843012543394,-0.8624268863397297,-0.04436526613412704,0.18542614913724562,-0.579727657301665,0.03439726063621681,0.2528060446407958,-0.8302659050795836,-0.0021546578568079617,0.37800765733566777,-0.886434391048178,-0.04393405044977862,0.48014802538875817,-0.8670752975461039,-0.0713796523642676,0.1418220549589634,-0.585536516285467,-0.012367617226300358,0.21852304656302354,-0.8417346708722862,-0.04871238105315025,0.33954117192336714,-0.9068408390096993,-0.07480433266867438,0.4373195858694081,-0.8950061749577246,-0.08783807034852462,0.100054210092385,-0.5588442865430976,-0.06466081454667857,0.15908643954214338,-0.7717412163739346,-0.09588504781915132,0.25296851284638294,-0.8542426539222884,-0.11225490046075633,0.338383344600868,-0.8791375274208449,-0.12109039350726845,rhiosutoyo:C.cc49a1ca-e263-11ed-8659-001a7dda7115,rhiosutoyo
C,0.0,0.0,0.0,0.1986798962469406,-0.09235567685333063,0.02881702083412809,0.322329065484701,-0.24644413374000762,0.02872540792034475,0.4162724604358347,-0.3231845892516156,0.003878845100813741,0.5139196955619546,-0.41070205892480033,-0.024047797733692054,0.20517704922056232,-0.5893485062480618,0.07503557817235035,0.230155942577317,-0.8358897206992086,0.027723805547703987,0.3206426838380771,-0.9034688436127514,-0.017743623176060735,0.411767044878249,-0.9099816930600492,-0.048797736092984566,0.16871348135540742,-0.5833851652825657,0.012267395586703667,0.1965077153352001,-0.8685819139816282,-0.03153425929509666,0.3119961691959582,-0.925132351542217,-0.07363569094450517,0.4154937042964786,-0.898769002826607,-0.103229050779952,0.13208846404672747,-0.5505265102372959,-0.06141160453026722,0.16640517640304775,-0.8253953749669407,-0.10957685642315604,0.2738935729114878,-0.8924346183279116,-0.13762278632616476,0.3671237675839124,-0.8891486473008725,-0.15357060967968367,0.10350716402975024,-0.48248190114221734,-0.1368589764613752,0.14166212586085417,-0.693105099115807,-0.17889068699628963,0.21909111576396598,-0.7758840803827878,-0.19651405120710264,0.29341906284250774,-0.8133675233274653,-0.2076287209195321,rhiosutoyo:C.cf45f127-e263-11ed-a01e-001a7dda7115,rhiosutoyo
C,0.0,0.0,0.0,0.18918049457545083,-0.07730612503323207,-0.010601064635447152,0.3221416875503889,-0.20980579579796868,-0.021552805520436088,0.4275188786597981,-0.28081065497628654,-0.04715791797468433,0.5238565112600069,-0.37673581144162,-0.07405529601403926,0.2300038119598202,-0.5847273100376369,0.05781827731388014,0.2778120512961699,-0.802522725092396,0.010190527067705827,0.3625932873112342,-0.8713766217650002,-0.03917377988853503,0.44829743188499693,-0.8907202036672235,-0.07354662979237478,0.18342335484707678,-0.5912725835138409,0.01929720656602926,0.2400367912523568,-0.8359789415500141,-0.020838712155882684,0.34055230712778045,-0.895614213986881,-0.06564370728577125,0.4395912779986503,-0.8927469885750201,-0.09880446699287497,0.13081878975660813,-0.5708903388806815,-0.03328493497467875,0.19219349959624496,-0.8162458441409767,-0.07961436635995896,0.2883072321074305,-0.8925622166568942,-0.10995922241407831,0.3787480591470347,-0.9061717553205092,-0.12786243249057208,0.0703354685602247,-0.5166361409741204,-0.0909854645628725,0.12117070667293249,-0.7136478400589095,-0.13257963578453025,0.19838566850244213,-0.8057657439789161,-0.1530460127782041,0.2757723595264453,-0.8549008087214558,-0.16623599351559643,rhiosutoyo:C.d242043e-e263-11ed-8145-001a7dda7115,rhiosutoyo
C,0.0,0.0,0.0,0.1792419180778268,-0.08528914438326986,-0.005904946939540641,0.30659547256382613,-0.22282478065302966,-0.03065035563824242,0.4158184228545533,-0.29052108812779587,-0.07293831973018557,0.5288959947822937,-0.3759732010047042,-0.11743783517235722,0.20006509519797702,-0.5699034090554715,0.025046291712584563,0.25349605474281695,-0.8121128177798668,-0.04374526346961475,0.3589247420978785,-0.874713413748958,-0.10475077746317489,0.4604955024584721,-0.8757242782853367,-0.14508921612975012,0.15860427210872363,-0.5734645724349805,-0.024120244744500387,0.21994868853381613,-0.8459211635165992,-0.08786656248683167,0.350506140371824,-0.8951617920759782,-0.14591169325510733,0.46360541268981076,-0.8576523082570879,-0.18530491645496894,0.11447085195051437,-0.548590751609631,-0.08457756116231292,0.1822158775199397,-0.8103877086108747,-0.14691669257839385,0.31188663129291244,-0.8685226229474049,-0.1864661388277404,0.423016485412643,-0.8511042514280346,-0.2087145178195618,0.07226273065410013,-0.48359132839555347,-0.148189246216523,0.13292121355173514,-0.6786235138794957,-0.1996459283283702,0.22383190869837263,-0.7601994484403382,-0.2247519684788151,0.3062065900737151,-0.7929612892646579,-0.239955157694829,rhiosutoyo:C.d53e1dfa-e263-11ed-b769-001a7dda7115,rhiosutoyo
C,0.0,0.0,0.0,0.1915384239929842,-0.03363596403506204,0.005790826773347228,0.32913612266940145,-0.15698728461066677,-0.00742275732512448,0.4434462237510981,-0.22527083575193638,-0.03903655212464856,0.558183368331569,-0.28993651921762587,-0.07241150271021679,0.24482960048055052,-0.553723775065675,0.045995025890156895,0.30703407027087415,-0.7796621268082906,-0.012481210688081232,0.4159972877743464,-0.8246921460933819,-0.06651550224498413,0.5146936378828509,-0.8220634784711726,-0.10224794208154833,0.20501767615877206,-0.5680839931028825,-0.0036681519692747075,0.2804544574447744,-0.8331326874380549,-0.055115077636139764,0.4088871788176421,-0.8724103402401618,-0.10035285570350992,0.5162063291588861,-0.8463777915528488,-0.1310559411184033,0.16667014738243702,-0.5480789240781747,-0.0641298180255242,0.243152186266247,-0.8102643715282635,-0.11831772656888297,0.3709179665976093,-0.8558495042405734,-0.1454179918061019,0.47751713683607294,-0.834988335896209,-0.15842195864400874,0.1331475920718896,-0.48922338948742766,-0.12733758310755536,0.19815824504180599,-0.6822890222230833,-0.16863652363133044,0.29537352607882944,-0.7434144561516437,-0.18083394458149,0.38443832762931746,-0.7518414861907344,-0.18644377757087896,rhiosutoyo:C.d83a2d3e-e263-11ed-8676-001a7dda7115,rhiosutoyo
C,0.0,0.0,0.0,0.20793392093151797,0.011820461790431032,-0.0037734973982065352,0.37876599711505105,-0.09740279200851144,0.0023854217428948563,0.500619294187167,-0.15416927667476935,-0.007169964164703731,0.6221919236309903,-0.2092858722101195,-0.01752991082346152,0.3046577706364809,-0.47364002570926916,0.09020440365753475,0.3681406772072709,-0.6973773670883646,0.05398669107555301,0.4696500742006817,-0.7608379177250021,0.012019677545262075,0.5614738421867761,-0.7742754234350269,-0.018682994611685388,0.2691809162301819,-0.5107171835726213,0.05207857964775348,0.3506435033788373,-0.753136245433345,0.016313697239698898,0.4725418301761419,-0.805576274103489,-0.030920080690386473,0.5723272773847466,-0.7997696645523543,-0.06434831437125174,0.22472132033868572,-0.5287648855235951,-0.0012324821116951794,0.31972959049011296,-0.7689891456024825,-0.04692630376278177,0.4375801158259996,-0.8314964434449525,-0.08716802158302481,0.529428994505905,-0.8412101498103277,-0.10986547971292941,0.1750151787251057,-0.5136096812141434,-0.058518984674952146,0.2439685082163874,-0.7062603015120851,-0.10121819643635001,0.3324767110487767,-0.7839378488898344,-0.12952166331369275,0.41186644750663587,-0.8265323665401689,-0.14768186011341694,rhiosutoyo:C.db3672a4-e263-11ed-bf21-001a7dda7115,rhiosutoyo
C,0.0,0.0,0.0,0.22057003214617188,0.020209161702419362,-0.01271749042567052,0.39295625568084314,-0.07577064175155943,-0.012338160708512994,0.5192076567228447,-0.124048750974939,-0.027009650055689793,0.6415165513979362,-0.18307532803000123,-0.042592325634656335,0.34017424111877276,-0.4822747520056813,0.08940822808417544,0.41607842535042405,-0.6991406320916137,0.05596880690929927,0.5169069019852499,-0.7472264361393887,0.013020782153768218,0.6127925049341564,-0.7492229662915268,-0.019449244591664316,0.2959153200762093,-0.5216210316179385,0.0544533462732679,0.38668346306837165,-0.7706042785931935,0.019265143651062282,0.5122835692262071,-0.8080237023907516,-0.03186634429442094,0.6195932608449821,-0.7818839131410437,-0.06900534389980713,0.24062613054119958,-0.5403892559452136,0.004095579143996338,0.34459475748751117,-0.7820409807207019,-0.04574453881634525,0.466640070940652,-0.8172589557328774,-0.08863275366531577,0.5624909368276456,-0.794369534388794,-0.11152849425156997,0.17443791253728222,-0.5299228890947145,-0.05104676152647924,0.26747327448680647,-0.7218523638538658,-0.09624931122703635,0.36886174859811954,-0.7660515211328498,-0.1246780238411264,0.45834912510580256,-0.7635224227692508,-0.14242774900403513,rhiosutoyo:C.de32af24-e263-11ed-9f64-001a7dda7115,rhiosutoyo
C,0.0,0.0,0.0,0.22846823068173458,-0.02019699068431387,-0.0031379410557021816,0.3907408592090247,-0.13042598820248621,-0.005922987311498047,0.5107718942587944,-0.187633315916337,-0.026887626938393333,0.639977237824775,-0.2518674008875197,-0.049346784502771836,0.33445282268755117,-0.5203506908996512,0.09031942308259167,0.40168151231688487,-0.7428968368409059,0.046487612230553185,0.5007945930454314,-0.7883105832873417,-0.0026791664318225315,0.594800984002358,-0.7882511829333727,-0.03877419804565257,0.2915949233396382,-0.5478814494619939,0.04394608146047367,0.36868907615325053,-0.8080312832213328,-0.0004610333746396253,0.48974656237462727,-0.8341307761118512,-0.05343950696838535,0.591237506723504,-0.7941097332293144,-0.09138201682612763,0.2381460279125397,-0.5519306823827372,-0.018400408694464472,0.3239331940666141,-0.8199340915132621,-0.07722791744009674,0.4450776049818026,-0.8568688182021242,-0.11948767235825944,0.5415169082387449,-0.8286940118458321,-0.1415120942619765,0.17356642000325168,-0.5221761094696984,-0.08483021761886925,0.24805783642793694,-0.7373185343688179,-0.13713736970381377,0.34857237385946616,-0.7900551695075739,-0.16637811867583516,0.4382687578142141,-0.7914026654494419,-0.1845091247961204,rhiosutoyo:C.e12ebfa2-e263-11ed-b35b-001a7dda7115,rhiosutoyo
C,0.0,0.0,0.0,0.20151876919832115,-0.07857888881835202,0.0382014701249102,0.33399380676032103,-0.23605678354897486,0.050598342636014176,0.4428606626206193,-0.3185525670197416,0.036639209046561726,0.5487580044014294,-0.40985027350239206,0.021030969403125713,0.2308911987575179,-0.5872601267846382,0.11586088566105218,0.2749753305391635,-0.8109364984626833,0.0800069280460739,0.3756299766645237,-0.8720002609056636,0.037529964368753346,0.4713964166067516,-0.8749848210073943,0.008174368357609742,0.19318184609798478,-0.6061056587646798,0.053446592747983475,0.24333549136943422,-0.878004661437142,0.01708527369708911,0.3704783353850587,-0.9222665567832996,-0.02482019244249865,0.47566001830618615,-0.8780513559889291,-0.05266273094857022,0.1528359374546238,-0.5959035477346222,-0.020499618931202564,0.20338447595639564,-0.8726332314965566,-0.06092300526641564,0.32790639369233215,-0.9198058836112034,-0.0907906119019215,0.43231171483645353,-0.8809385060673482,-0.10733438621311067,0.11585904072270795,-0.5465850215511776,-0.09582008531759603,0.15686937392587405,-0.7621657253131202,-0.1301858324416043,0.24489528395975851,-0.823173973122309,-0.1465752147842541,0.3294231235293416,-0.8167769492345535,-0.15656601675408874,rhiosutoyo:C.e42adc7e-e263-11ed-99a0-001a7dda7115,rhiosutoyo
D,0.0,0.0,0.0,0.20204626502003525,0.029872663745377403,0.013029775229001962,0.3483006483639774,-0.096106562263085,0.006466350802264628,0.4450654984061735,-0.18197406646713862,-0.0192120273899677,0.49241812012794783,-0.2448381584965393,-0.04193302982372962,0.27642561143245836,-0.48492564695520773,0.036372080545513115,0.4292541060232378,-0.6427340699992627,-0.0046096227148163796,0.5472321336382184,-0.7118510989716488,-0.037098724795056465,0.640139438547052,-0.7658811709015494,-0.06039479509971599,0.2447496960952302,-0.49323367439827515,-0.008299503019261968,0.4541837670624326,-0.3921777337604447,-0.08993091403298085,0.401379417413734,-0.2737491589003581,-0.11899990317172024,0.33566832371817756,-0.2811980650045856,-0.11777637252658665,0.23536444631790304,-0.450630128797231,-0.0560175956210506,0.44797731936938456,-0.3429174588741034,-0.13086142775190907,0.39444242436452953,-0.22377135564784284,-0.11287593238905191,0.33009652069998685,-0.22753034357133853,-0.07924005517942559,0.2434793441340884,-0.3784594202361113,-0.10409426250564188,0.42006490805421737,-0.290103014416847,-0.13931059987844663,0.3788531177698654,-0.19251039007291149,-0.1064958888557472,0.31627619647864835,-0.18628933147274032,-0.07281267562770266,rhiosutoyo:D.00e54047-e264-11ed-8cd9-001a7dda7115,rhiosutoyo
D,0.0,0.0,0.0,0.1948142291737211,-0.0156372447770817,0.00047167885653714374,0.32745902155949214,-0.13938954145131324,-0.03745413846023734,0.4220376542323021,-0.22529333663763146,-0.09071619536909395,0.48296083643011806,-0.2896807120035379,-0.13869988223060506,0.3001947045793061,-0.5064265684077996,-0.04423443404807906,0.4166765082940247,-0.6879965285604699,-0.11992203067266342,0.522921293002327,-0.748566221659501,-0.16487943349114384,0.6038716878154777,-0.7740169308842048,-0.1903595948710817,0.2368871467180237,-0.5313073950281656,-0.08711959397439918,0.43612460585270996,-0.37431700531221007,-0.1780189837380288,0.37909486261950526,-0.24032503372062322,-0.18333678141562337,0.318595867340231,-0.24014746710355925,-0.16799584460716968,0.19047978252128792,-0.4871196135447294,-0.13358576762764118,0.3808172840994156,-0.29998033462494467,-0.21442352336079,0.3282220268306794,-0.19423056112689047,-0.18235233956989774,0.2722388389793866,-0.22201998964129988,-0.14465337535324585,0.15528200662243702,-0.3997813735074571,-0.18187569841031098,0.3135320569551711,-0.23769289950813374,-0.21671944770459187,0.2686565210104857,-0.15961872976996078,-0.17939183674958814,0.2070989555140994,-0.19198568402369576,-0.14516038558970046,rhiosutoyo:D.03e1550c-e264-11ed-b56c-001a7dda7115,rhiosutoyo
D,0.0,0.0,0.0,-0.17808118795302155,-0.10647726380853163,-0.014398584905095147,-0.2727178552725154,-0.23829076537104954,-0.04983750529158,-0.35197663683244473,-0.3401601589756883,-0.09233240847141926,-0.397334973694422,-0.40827778438273954,-0.13728026052896392,-0.16541747430566886,-0.5191122608286235,-0.044496759746873595,-0.20699535322096754,-0.7106593547465205,-0.08879036292951517,-0.2177480782503004,-0.8438776840413725,-0.12371149245198425,-0.22112545768487937,-0.9627127182987288,-0.1558452886343538,-0.13047970815813584,-0.4967057210470071,-0.068364359328867,-0.35181518516612287,-0.47094239627938084,-0.12002767423054267,-0.35640576484367703,-0.3596147543752505,-0.12751390771515186,-0.3044344073762228,-0.3226326312823335,-0.13206649228705733,-0.12442626184773484,-0.4171419874652188,-0.09444402776687555,-0.33914155975207916,-0.3683353469714516,-0.13083813530085048,-0.31906637762692097,-0.2754314767310221,-0.10537897099038217,-0.2575453633449361,-0.2622331884668028,-0.09083574546742477,-0.13706035032575564,-0.31468009047394185,-0.12549679436182548,-0.31204796576378313,-0.2791928820595058,-0.15152758540033917,-0.2964417789781032,-0.20848718423870016,-0.1358026363768217,-0.23897060243530938,-0.19605540593191625,-0.12151577456942356,rhiosutoyo:D.06dd78b7-e264-11ed-b483-001a7dda7115,rhiosutoyo
D,0.0,0.0,0.0,0.1803079962863642,-0.04106100472196147,0.011726003045721661,0.3400717186754604,-0.16567781770356868,-0.018105049709818702,0.4569217749514926,-0.22982693293133868,-0.06722951628826196,0.5445395368151229,-0.2921844492402234,-0.11284410465564824,0.2798524282554091,-0.5207646683771007,-0.009597272092854275,0.4011235374401249,-0.6969247039177615,-0.07573096740274417,0.5174097402492999,-0.7600911031032945,-0.11260571741371281,0.6021760145805376,-0.7871360618087817,-0.13341989231018692,0.2166409467765583,-0.5639919617410848,-0.05571449818969931,0.41894351563542737,-0.4599072101623022,-0.14329406758816027,0.3610335559465716,-0.298328892987124,-0.14956381932325993,0.29409349597801165,-0.2906147539437788,-0.13444086983767492,0.17176795482624205,-0.5516851452660794,-0.10515537312235189,0.36812602705468367,-0.41209529441618437,-0.19009205397512577,0.3108916521648274,-0.2736658903787247,-0.15356009828957257,0.2496352091581582,-0.29022213523943713,-0.11100074879555116,0.13418374333620867,-0.49700565019782417,-0.1545018245233318,0.30315243853182694,-0.368987787433869,-0.1963320377550195,0.2630462170190669,-0.2555999733325557,-0.15569405305335468,0.20128074685038233,-0.2642030260671999,-0.11649706961593083,rhiosutoyo:D.09d98e42-e264-11ed-9466-001a7dda7115,rhiosutoyo
D,0.0,0.0,0.0,0.19340726087253626,-0.02872506072606558,0.015113382300902584,0.3373704208978805,-0.15178115964862193,-0.009029954232343325,0.4371625238821772,-0.2285780191027401,-0.05222937581296647,0.5051785524457185,-0.304547744793541,-0.09088571090140014,0.2817131713362368,-0.5212271936639735,-0.005889337820846005,0.4071005718754017,-0.7147120148430701,-0.07805668950848241,0.5310263504193885,-0.7575800058819075,-0.1224156932080696,0.6223472030893786,-0.7687465759466787,-0.14735216583778116,0.22757673800714615,-0.5513105507297997,-0.05714554476306315,0.43835697902920406,-0.43398202279323,-0.14894996430817,0.3815619580880197,-0.28338633345203335,-0.1614525172599414,0.3139999281843439,-0.2907161127469633,-0.15029252066237866,0.19056990137837096,-0.5276090723809421,-0.1127986363589537,0.38775845842320966,-0.3738721245590579,-0.19772507447878127,0.32876360520958614,-0.24985781891899728,-0.1668309347364127,0.26781309595269454,-0.28703946353001986,-0.12838698622637235,0.15948473469697427,-0.4648956847422328,-0.16878936550955778,0.3211792114159482,-0.32738694280064007,-0.20789698646391477,0.27422060788852626,-0.22844747466852963,-0.16785021854370824,0.2077815508050475,-0.2552267891008876,-0.12994482363165843,rhiosutoyo:D.0cd5b0cf-e264-11ed-a17b-001a7dda7115,rhiosutoyo
D,0.0,0.0,0.0,-0.180612869354501,-0.10920100855501483,-0.009676974726105304,-0.27425626235700784,-0.24366146701037292,-0.04168940180824512,-0.35684711500115046,-0.3299181652535363,-0.08249760006326275,-0.4193707405224516,-0.38544635846186875,-0.1272667635408023,-0.14547353234087063,-0.5225583288001964,-0.03988052180254096,-0.19386430466149207,-0.7176969015334184,-0.08299906809869988,-0.20556702113726713,-0.8466606329595308,-0.11852817197218003,-0.2078095787067213,-0.9664007774976231,-0.15127695214316225,-0.12982292107647067,-0.4986541212865719,-0.0667081048065753,-0.3602169620537833,-0.4694101453598706,-0.12582104880144712,-0.3904637039372517,-0.3509011733197045,-0.13980788739351585,-0.3603330932842435,-0.29627027532172506,-0.147070228740555,-0.14046503279905792,-0.42094962625533017,-0.09459239411550928,-0.3570099709063662,-0.36766648562335624,-0.13708662872662739,-0.34060223845587967,-0.2717393674374723,-0.1160120354780387,-0.28541041754202484,-0.24685099310945904,-0.10213759269416138,-0.1645889143296761,-0.32113914323212195,-0.12693445980871992,-0.3282849564157842,-0.27750396748072886,-0.15590689109193168,-0.31835993235940807,-0.2022382282891525,-0.1406183251760088,-0.26717123661428965,-0.1829878891086989,-0.12535265378366914,rhiosutoyo:D.0fd1f9a4-e264-11ed-a6fc-001a7dda7115,rhiosutoyo
D,0.0,0.0,0.0,-0.17965956044516873,-0.10441631498393611,-0.023670665703566462,-0.2732109810960802,-0.23661173878410438,-0.06239537406553686,-0.350727865593351,-0.34082391290995706,-0.1073226256224753,-0.3879320168013352,-0.4137519051171957,-0.15338049068819254,-0.1401639685634653,-0.5214652221137344,-0.04384399050326131,-0.17941588608002723,-0.7239507590829395,-0.08875259874606173,-0.199111779843484,-0.8493091980630604,-0.1216954829341287,-0.20785030323401427,-0.9662937004399643,-0.15190370612848408,-0.1093810067811196,-0.502546705060703,-0.06548109000103543,-0.33862044006919445,-0.49475259322767084,-0.13115273299665278,-0.3575041630122128,-0.35968971862024435,-0.14254774622841507,-0.30807826277574335,-0.2904970648547433,-0.1444016740877297,-0.11164447345276854,-0.43237842907423685,-0.09073412186636912,-0.3272933967267601,-0.4012761937641298,-0.14489776469365967,-0.3198487287295073,-0.2839728802396641,-0.12325691196910986,-0.26108725666989097,-0.2422176363229577,-0.10490731762812182,-0.1319556796667226,-0.34129299762235943,-0.12103222021200416,-0.30169995911360936,-0.3131703403178917,-0.15651340552749415,-0.2961541710006923,-0.22357261715793617,-0.14311565025908138,-0.2439550299226147,-0.18985423467900434,-0.12773130736223845,rhiosutoyo:D.12ce4344-e264-11ed-b8ae-001a7dda7115,rhiosutoyo
D,0.0,0.0,0.0,0.19040491641918245,-0.03541297201758609,0.017135885003432078,0.34134984172138394,-0.16045882713980414,-0.0016864764394422399,0.43431877550741654,-0.23045604515742327,-0.03699779835776304,0.4760798772758719,-0.29038747624936617,-0.06874250280408373,0.29487014318187094,-0.5194417636899743,-0.0022772239864940367,0.41807251137578294,-0.6974450910326055,-0.06146684623277442,0.531522283630639,-0.7545087375784829,-0.09774797388669194,0.6181498601099085,-0.7770406591194358,-0.11873737626094617,0.2410831156650346,-0.5494453496376819,-0.05097439964757548,0.4427150858543697,-0.4308681461287925,-0.12718279546599004,0.3807805316516202,-0.2911487542521484,-0.13228984028113255,0.30966461643819143,-0.29478984134461306,-0.1174547928284265,0.19885070707205355,-0.5261279627935679,-0.10265638049747287,0.38978110986861036,-0.388259244928771,-0.17299313638248215,0.33202321869528645,-0.26471797810326453,-0.1383583993929082,0.2706659807992946,-0.2916526793788993,-0.09922897956553411,0.16076303427199798,-0.45992635416454825,-0.15451060084103263,0.3188940756233383,-0.3503813796828591,-0.18409771602950203,0.2794256535045111,-0.24836763947342924,-0.1398449249592297,0.2157040033366246,-0.26481030448413934,-0.10000142691809846,rhiosutoyo:D.15ca5aa4-e264-11ed-ba4f-001a7dda7115,rhiosutoyo
D,0.0,0.0,0.0,0.20743264915225965,0.06340071532938457,0.045498532469721104,0.3486663833510255,-0.040646139332456734,0.03465613647631871,0.4445581489630825,-0.13025709862328838,-0.0020651218316758034,0.510306289124455,-0.20026449730579754,-0.04184069829711,0.3097139556062057,-0.4097763268193986,-0.001962979615561511,0.4360415911013617,-0.6138024507859976,-0.06795380210717858,0.5405470572775343,-0.703569164930753,-0.11318904637410311,0.6103013951386788,-0.7797897782054262,-0.13949949425755828,0.2624226023697585,-0.4486964280851022,-0.06279620828239348,0.5098014736020939,-0.2822078769743254,-0.13577092876858032,0.46651435888486625,-0.12779277601833453,-0.13947030042651296,0.39869601793968457,-0.11223524978101818,-0.12342769332927589,0.22684421006643704,-0.3992636905047717,-0.12310280609171823,0.4695174561417578,-0.2440959376865284,-0.19154820726248464,0.42260977576350867,-0.09740980401015294,-0.1505829051731471,0.34192794510574526,-0.09249062817291565,-0.10342420478660883,0.20847509647123608,-0.30165241742780324,-0.1810432444050217,0.41117812050471286,-0.20308310506066193,-0.20843493546401898,0.3790069064472362,-0.08541570066774337,-0.15586350900605928,0.3016942132795899,-0.05645868557169026,-0.1086788290690696,rhiosutoyo:D.18c67c57-e264-11ed-a4cb-001a7dda7115,rhiosutoyo
D,0.0,0.0,0.0,-0.16320005912861987,-0.09693684695489485,-0.03378490245048085,-0.25877377156543196,-0.21361694353407268,-0.07988709979155119,-0.3260675489562482,-0.29906838313416423,-0.1314462545692034,-0.3572560223282053,-0.3976048040634542,-0.18376710099794363,-0.13229176096217096,-0.5006941830866922,-0.07567491838934641,-0.1622907107595536,-0.7088903358181547,-0.14360909426767354,-0.17286121952331143,-0.843814678069483,-0.1906618920026703,-0.18075185910664965,-0.9570620733589873,-0.22662955051644615,-0.07726286410091183,-0.4828444471928209,-0.09748554938531585,-0.2975098808024149,-0.45862416651126486,-0.18680275328278267,-0.3368369776757393,-0.3195464821484886,-0.2049624135719705,-0.31333267562949546,-0.2454103911017587,-0.20519947742825556,-0.05411821643891786,-0.4160113382262753,-0.12352829401817275,-0.2636029087050632,-0.3525245690954074,-0.1910424984748915,-0.2529420423274845,-0.23674716061892084,-0.16149303340449145,-0.20191529953096116,-0.2018970948028695,-0.1335066912256384,-0.050380030931511166,-0.3276717851171058,-0.15578372818784944,-0.21372195373391847,-0.2706057347806143,-0.19715143354958828,-0.20892589591728308,-0.18419366276036897,-0.17445671463233522,-0.16183403849510797,-0.1654410167549272,-0.14870110379579293,rhiosutoyo:D.1bc2aabc-e264-11ed-a787-001a7dda7115,rhiosutoyo
D,0.0,0.0,0.0,-0.18187828041570603,-0.11741280530816403,-0.022078646778725588,-0.2742399129210339,-0.25643865349486955,-0.058088499925392924,-0.3355872245414851,-0.3562505018163318,-0.10118682954164403,-0.3630428890610988,-0.4464857805455782,-0.14475586450036196,-0.15109746603453006,-0.5320690405085773,-0.05126971720139437,-0.19040417854667205,-0.7205823122801293,-0.10486506231275813,-0.21168992422058044,-0.843110052756614,-0.14496491265317293,-0.2286203315983172,-0.9567968877134839,-0.17964537189047305,-0.09518246868992258,-0.5124227994091287,-0.07674587574891165,-0.29869923405936555,-0.4872498065004838,-0.1519311091595242,-0.31878381192891886,-0.34419656405466,-0.1674308040777791,-0.2796170308303519,-0.270550380796079,-0.17010548308675416,-0.06925160379558246,-0.44232406075386016,-0.10551167912217489,-0.26988069363034095,-0.40069349496666185,-0.16003688963355506,-0.26429615812493795,-0.27976299934651566,-0.1303412579183828,-0.21939024857253453,-0.23380253733834122,-0.1070636254955847,-0.06132186954525576,-0.3462261085785146,-0.1402193053211244,-0.21680917160503602,-0.3120602045315023,-0.17457768244017946,-0.2149859666232327,-0.22651036424354815,-0.15352932426449312,-0.17237739021665643,-0.19748914965618686,-0.13235641042088747,rhiosutoyo:D.1ebeb15a-e264-11ed-8315-001a7dda7115,rhiosutoyo
D,0.0,0.0,0.0,-0.16164751515882989,-0.10281515868169555,-0.031670715557319054,-0.25608607421517804,-0.219789988803778,-0.08043891702323717,-0.3312088008991728,-0.30251073939485906,-0.13411328327762975,-0.38106336780484845,-0.37446949518960726,-0.18987051881191153,-0.1278944026126751,-0.49551074631674874,-0.08751284912320126,-0.15969686295108843,-0.7007052859665583,-0.15699849617817282,-0.17541368582799763,-0.834195101029486,-0.20794731156579802,-0.18835161276270226,-0.9500470053031214,-0.24886614411016214,-0.07134411409424889,-0.4762603988586141,-0.11132087454798487,-0.28893111942940225,-0.44628811622435705,-0.201490358593435,-0.32143602742552907,-0.29737527346964343,-0.21814664238840836,-0.29024968700238296,-0.2213855738242661,-0.21852665444987027,-0.04770686866937103,-0.40327384033573416,-0.13817300612202169,-0.26447878638149575,-0.34164174508816764,-0.1979462278212497,-0.25927547039843274,-0.22586944267978454,-0.16408095572957934,-0.2094912665157099,-0.18939183249488448,-0.13618273775850012,-0.04355692852992474,-0.30630871659806463,-0.1720887592480164,-0.21761065677144,-0.2567462449305291,-0.21123135044956853,-0.21810511961130777,-0.17690890006574428,-0.18904805859272789,-0.17031088844915293,-0.15931149236109285,-0.16479212485442354,rhiosutoyo:D.21bac1c0-e264-11ed-88fa-001a7dda7115,rhiosutoyo
D,0.0,0.0,0.0,-0.17275615926331325,-0.10772172850715211,-0.030851987266690507,-0.2595089257319141,-0.22388070005619903,-0.0825244901006369,-0.32684749819648157,-0.3120647097209631,-0.1400328577763444,-0.356052509868728,-0.399564677316044,-0.1989696268786142,-0.12301832444472162,-0.5146387717985857,-0.0813344821072044,-0.1611342720848401,-0.7184514962628261,-0.14560999064964048,-0.1814868513872795,-0.8416167004305412,-0.19181019087217502,-0.19456170723599836,-0.953485046030253,-0.23024336922938735,-0.07213353977653196,-0.49364234255351586,-0.10362076923663505,-0.28349105584374973,-0.4612453156016988,-0.17274484590912348,-0.2979749638686762,-0.3196479864494581,-0.18038377476721015,-0.24794755951695643,-0.26873061357014466,-0.18250761443847652,-0.05676664641210981,-0.41895295593313603,-0.12975041396716358,-0.27082060417688075,-0.35546087865487436,-0.17475792445805857,-0.2632191711593311,-0.23861305439545458,-0.1362210069621023,-0.20887320810588444,-0.2136701927832994,-0.1123210844923752,-0.06219382501987488,-0.3249803488810488,-0.1633854922766398,-0.23258594233909718,-0.26707947753987504,-0.19404510202968814,-0.2258480969163267,-0.18504362185849943,-0.17102453752119476,-0.17290404766903197,-0.17408001654472588,-0.15047417881362582,rhiosutoyo:D.24b6df03-e264-11ed-b926-001a7dda7115,rhiosutoyo
D,0.0,0.0,0.0,0.2017529698275221,-0.02814206939235879,0.006730504508832137,0.35416505576252577,-0.15684161628501775,-0.028873683174151666,0.47193194196392374,-0.23723645763592877,-0.08133338516080874,0.5732116671677756,-0.30210965604257145,-0.12741964098674377,0.2860845843805355,-0.5691930440609528,-0.02417768249449578,0.3966581072467026,-0.7748614439508654,-0.0962097154266822,0.5241340498675288,-0.801458829508444,-0.1330851178489701,0.6094110826238,-0.7784417038337996,-0.15048802645931272,0.2245969674125617,-0.6035159209419192,-0.07151587114215881,0.4563986949825305,-0.48162970516865006,-0.1613256402438106,0.40446866030651496,-0.32174182192339296,-0.16567574251381673,0.33474155533500416,-0.3159607320707491,-0.14788631326955318,0.18402977166122375,-0.5685637322618747,-0.12340156181916122,0.40604598049570906,-0.41180614163853835,-0.21394588201194142,0.3554275128372322,-0.27719661719516947,-0.18233399830428382,0.2918099334119901,-0.29734578437289577,-0.14122310938046695,0.15253434275471264,-0.4868662341362175,-0.17484544432375357,0.3404637961422288,-0.3525169716683646,-0.22217287236388739,0.3022960458888905,-0.241335998180203,-0.18517276539530952,0.23701981440710554,-0.2528370494756363,-0.14733639069768015,rhiosutoyo:D.27b31066-e264-11ed-932b-001a7dda7115,rhiosutoyo
D,0.0,0.0,0.0,-0.17999759119089642,-0.10794379473256392,-0.02877117514800266,-0.2660711748541913,-0.22239309025477821,-0.07560554676653082,-0.32977248762712,-0.30357579004749735,-0.12867007949029544,-0.361841045441514,-0.3670497761058921,-0.18308209574714415,-0.1568113861444692,-0.5122566747274871,-0.06900011227596643,-0.19479977050367994,-0.7063264987775201,-0.1290940307481475,-0.21829393045895853,-0.833410157693543,-0.17368022071495334,-0.23736231177569628,-0.9481786064849305,-0.21122609486707028,-0.10262569341570892,-0.494273041247261,-0.09206802297653525,-0.297991727672998,-0.45446268366368237,-0.16584652440137743,-0.30499032959548794,-0.3183874879665544,-0.17879976110535123,-0.25942569456051756,-0.25994791143019397,-0.18140719432167013,-0.07793386882400657,-0.4216677255430765,-0.11880104619334406,-0.2714124194490448,-0.34621168057962187,-0.16771913521132575,-0.25711696594082584,-0.23688787457672647,-0.1353978327374589,-0.20829192829814364,-0.20610563508463764,-0.11245696510174992,-0.07519232357787464,-0.32510818391372337,-0.15276302510395123,-0.2257910460551103,-0.2581938749251121,-0.1817465862941334,-0.21687808443559706,-0.1802277174955108,-0.16062534722609992,-0.17134163194077004,-0.1663139414349288,-0.14088998690260826,rhiosutoyo:D.eefc917b-e263-11ed-921b-001a7dda7115,rhiosutoyo
D,0.0,0.0,0.0,0.1820062900498617,0.02310067929128794,0.006539040504000306,0.37094237835116345,-0.11242591933814453,-0.003250905089438031,0.5007314544114613,-0.19326707702980297,-0.02760311583494393,0.6135561507635288,-0.21548044367045005,-0.048234237513197754,0.3082796398124954,-0.528768857956467,0.010530594061271445,0.43413434129983436,-0.7059923922335798,-0.042656534125924815,0.5465505277752662,-0.7461297718101993,-0.07972949399685546,0.6407424695357687,-0.7608461305890942,-0.10277282374639532,0.2564098349503153,-0.5754820029033522,-0.027245333858432124,0.487378237126939,-0.4383286644144115,-0.10625083520104772,0.4221711660607935,-0.2810953487199873,-0.12276185106724152,0.3456578879887142,-0.2597893011700016,-0.11153770594978722,0.2204931383247864,-0.5414545630732768,-0.06836283256458422,0.4533997319677247,-0.4064570536751984,-0.1474080447474475,0.39673797918467807,-0.25413856329338846,-0.11931551365973314,0.3210603755194028,-0.2469019095092009,-0.07717120427389071,0.19711277440915723,-0.4687592707575503,-0.10920235116466963,0.39773681422056856,-0.3602219004304257,-0.1520219623878609,0.355830757203214,-0.23586970962435924,-0.11586736823779722,0.2842524460624183,-0.2253363189535433,-0.07701149070034834,rhiosutoyo:D.f1f8a8e1-e263-11ed-a74f-001a7dda7115,rhiosutoyo
D,0.0,0.0,0.0,-0.17161869923085926,-0.10300804621415602,-0.03245150851575627,-0.2579295227211978,-0.2192503294926633,-0.07608915948725727,-0.31797417914586945,-0.3019080426206629,-0.12404038323348245,-0.3593494684760645,-0.3646016633929217,-0.17258067277310446,-0.15342164823122909,-0.5046604607902092,-0.07787177204654758,-0.1997263997893714,-0.7069323747211929,-0.1391243419343952,-0.22670753159903412,-0.8309889430564242,-0.18346028179622628,-0.24921953462625532,-0.9430343034033466,-0.22039946952122516,-0.09352797318825037,-0.48712285492596297,-0.09892533686588714,-0.2975299819732108,-0.4490775438475522,-0.17705664165121132,-0.3077755465811657,-0.3142613552476493,-0.19112671843478293,-0.2644740463694509,-0.24667761527944523,-0.19390806609373215,-0.06653525815089163,-0.4124040464078309,-0.12342690903301709,-0.26542447017299187,-0.3310065085688297,-0.17672411065008012,-0.25380189944496656,-0.227248348505945,-0.145193815945921,-0.2061898408437524,-0.19447200805346845,-0.12199489506331702,-0.06352661461226077,-0.31492878881592706,-0.15532927748113173,-0.2182909187021168,-0.2460922628591514,-0.18898917605744278,-0.2146374089181332,-0.17081266635187392,-0.16944779662104847,-0.17267457034859848,-0.15507785008093805,-0.15038551096553399,rhiosutoyo:D.f4f4b3ae-e263-11ed-9476-001a7dda7115,rhiosutoyo
D,0.0,0.0,0.0,-0.18683967300671497,-0.121687844227351,-0.025020189227917888,-0.2728753131277541,-0.24738060634029801,-0.06608707508936632,-0.33011620513423007,-0.33668679504541116,-0.11476358173512917,-0.3623045848804583,-0.4086996189456879,-0.16520338575497817,-0.16023249995205377,-0.5199181292511806,-0.05916064908917049,-0.19781038356013442,-0.7124261108505535,-0.11513173718868165,-0.2182527868477488,-0.8376827736031857,-0.15829340810334472,-0.23536329664578046,-0.9521350648731047,-0.19504598645221827,-0.10476235223727975,-0.5002321165132196,-0.0846849100628742,-0.30081457507607295,-0.4721849111253999,-0.16161660123373267,-0.3139756133454107,-0.3364042545671549,-0.17897739382232822,-0.27435997781203586,-0.2628479771148172,-0.18360600949121483,-0.07951853038389119,-0.42675350328420214,-0.11353214911571458,-0.2713306798659718,-0.36900572933413217,-0.1679046506666575,-0.26057271029896384,-0.2589633896207959,-0.13980867165504696,-0.21471267459235305,-0.21500347303865852,-0.11777597050852091,-0.07675938596400957,-0.3289243050791226,-0.1488146985540365,-0.22801508140996232,-0.27701865028731837,-0.18004596505698595,-0.22003768765610662,-0.2009672867743879,-0.1600334553650065,-0.17319731317107853,-0.1784865417066187,-0.14080566154463497,rhiosutoyo:D.f7f0f690-e263-11ed-ac45-001a7dda7115,rhiosutoyo
D,0.0,0.0,0.0,-0.17439216265145321,-0.13523075381323812,-0.01760108758382723,-0.2574541692921739,-0.2871005388173772,-0.05098674049058502,-0.3158368196895153,-0.3985193205705249,-0.09383287340674759,-0.35357266469467546,-0.4947443757112893,-0.13724038691944543,-0.13798277487967828,-0.5296897253399748,-0.042888269626295904,-0.16693479389865856,-0.734766661015204,-0.09408390065405652,-0.17986437786817938,-0.8572652383135482,-0.1287158470638803,-0.18876564114624433,-0.9690546626345665,-0.15906160299976146,-0.07800676431284907,-0.507287000782506,-0.07207052075462721,-0.27159438469262026,-0.5034224477039191,-0.1492920238960836,-0.29022521681346997,-0.36745363173379053,-0.16410989577948548,-0.25405171080635625,-0.2967283823901757,-0.16469105174332652,-0.04844499798248581,-0.4354506294799917,-0.10487849404533788,-0.24536417131335153,-0.3902755449780741,-0.16427561480533068,-0.23883703483144114,-0.2739965111175433,-0.13768241343296245,-0.19378563214293257,-0.23333460418798638,-0.11378433999645667,-0.04427526909394014,-0.3411702392034795,-0.14273492378266733,-0.20023340277063587,-0.29654326254241853,-0.17689410577715836,-0.19489735841036657,-0.2184347729595832,-0.15769255460445009,-0.1488889324392744,-0.19688210907407866,-0.1376369266259748,rhiosutoyo:D.faecfe85-e263-11ed-bf11-001a7dda7115,rhiosutoyo
D,0.0,0.0,0.0,-0.14670796141386805,-0.16754200271156947,-0.023559887206784928,-0.23345851963686362,-0.31192489143474633,-0.06199113341892097,-0.2887934657320725,-0.42464910576355847,-0.10831315343651454,-0.28934072748671485,-0.5199800593206313,-0.1536910133638912,-0.10608627302572876,-0.5534622581965939,-0.040932200292144456,-0.14828043304978786,-0.7424461436997307,-0.09812175050510193,-0.17425557577497186,-0.8640159290922889,-0.1401807675372888,-0.18869510969100978,-0.9664986367713199,-0.1739958065525668,-0.03832876384126921,-0.5456065898041483,-0.06382646374885487,-0.2392243728535169,-0.5526202741523546,-0.1360643649656761,-0.2663258155769649,-0.4030972131387998,-0.1553404872373594,-0.23055905438807411,-0.31855168309257387,-0.16011576415831127,-0.00021240074212436103,-0.4860931283218805,-0.09125973617501694,-0.2097311453952634,-0.4577003708503816,-0.1450198181062615,-0.21439597114289932,-0.32851166119964426,-0.12113881104440642,-0.16705624983325532,-0.2786030616230474,-0.10068788781759609,0.013967160612030818,-0.4002626016599153,-0.12456728050373182,-0.1584453788021454,-0.3779713017272714,-0.1582192559571427,-0.16503834986936342,-0.2864187771199927,-0.13900825458228197,-0.11887584527131856,-0.24756690908880216,-0.11837880927502578,rhiosutoyo:D.fde93143-e263-11ed-8b82-001a7dda7115,rhiosutoyo
E,0.0,0.0,0.0,0.12946451422474245,-0.24878436052314382,-0.0013986935589991073,0.3202990770166005,-0.29066256218347225,-0.012597666702910262,0.4485814687687369,-0.17807021974507137,-0.017550507202778853,0.5129368643990039,-0.057937560895096336,-0.025862924225704673,0.37697128290464915,-0.3318740216341279,-0.08707540113402232,0.6296609580405012,-0.38647257987602157,-0.12044295212570587,0.7763341019259108,-0.40827024359126046,-0.12778080953131704,0.8872128463307214,-0.42141018033982547,-0.1294465901982662,0.3781273883201317,-0.14989132156146265,-0.1099270519375121,0.6647817803218441,-0.1875152934150329,-0.1537726901911464,0.8315306115145744,-0.1984506152976857,-0.1768789236862822,0.9612029314710023,-0.20371245485914122,-0.18598430112999859,0.36855564685934444,0.021928630934996085,-0.1251443501017738,0.6283989102864777,0.027605200025682605,-0.18142871167163377,0.776301470362739,0.026057185126835792,-0.21921748118735426,0.8759412870572778,0.023577627292847576,-0.234727588376133,0.3462644307511318,0.16706787086779537,-0.132850552812952,0.5210985034120522,0.09308065201346871,-0.17243050300612145,0.5236291031843802,0.031918078452736094,-0.16703397556525656,0.4882294794730996,-0.0023898210352657186,-0.1533746760699084,rhiosutoyo:E.3284a907-e264-11ed-b2ff-001a7dda7115,rhiosutoyo
E,0.0,0.0,0.0,0.12473017243495746,-0.2557061075564006,-0.005148539647323375,0.31623169796809314,-0.3062119663174887,-0.017912550844817902,0.44547973838044214,-0.20060711370273324,-0.02354230261975165,0.5138926726757654,-0.0776193479098702,-0.03148504262635682,0.3702023348819891,-0.3538682879061741,-0.08784047611949859,0.6206209005219488,-0.4275122325580418,-0.12244215653952509,0.7643438360159719,-0.4528203939223927,-0.13103262523661835,0.872358102700795,-0.4658317497311931,-0.13305932768555767,0.37626529053187496,-0.17178923051247674,-0.1079477339733801,0.6628445608641911,-0.22021511774220398,-0.15408958238255624,0.8263398967730158,-0.23364818599207068,-0.17845266764751827,0.9525623074528249,-0.23903557867139372,-0.18838004817225742,0.3738164559870904,0.004113591515526998,-0.12072353484732004,0.6383711605413757,0.0037585906470587608,-0.17811554948753258,0.7778557452152727,0.0007723813892359558,-0.2130041180979577,0.8710864674971481,0.0002311079479289862,-0.22583029785124498,0.36142488967500863,0.15429390400262114,-0.12636087932787085,0.540425576206531,0.08048837872361654,-0.162786101903459,0.5344235923348476,0.02687501693634553,-0.15233550663015755,0.4916400312940145,0.0035941942717278323,-0.13504216944147393,rhiosutoyo:E.3580b367-e264-11ed-9bdd-001a7dda7115,rhiosutoyo
E,0.0,0.0,0.0,0.12665145092599167,-0.2565575075533541,-0.006935988252612407,0.3119762632767341,-0.30653472052842545,-0.020759926616172125,0.447500851877439,-0.20359494183113255,-0.025629575585397947,0.5205084294285146,-0.08380901654856222,-0.03392156921934198,0.3731586885083223,-0.3336560100173128,-0.10354410507992436,0.6229139491093889,-0.40655178813589865,-0.14381038139233118,0.7687936283560255,-0.43045987912063366,-0.15777729444486827,0.8801029695064747,-0.44059975851332994,-0.16319319658259165,0.3829060489058477,-0.1519748186771935,-0.11852646992232503,0.6626527547968442,-0.19564985623561562,-0.16474567450445726,0.8281157025371987,-0.2083960532624624,-0.1906957375312529,0.9556415885306038,-0.21304873581760916,-0.20337008245369562,0.3834012365156602,0.019257531875599487,-0.12513906660273696,0.6356680028864771,0.015396257648828057,-0.17916465594124187,0.7770914183340032,0.009939001400036495,-0.2178735372271134,0.8709662060094707,0.0056770329109510674,-0.2355258102759313,0.3754077363510879,0.1615171603623373,-0.12468022973432873,0.5410703941887961,0.08348901323467395,-0.16227564228961328,0.5438928786268871,0.020878145871349573,-0.15947414015242053,0.5134241888459393,-0.012509432796597657,-0.14807487147355491,rhiosutoyo:E.387cd25a-e264-11ed-9f3d-001a7dda7115,rhiosutoyo
E,0.0,0.0,0.0,0.14341300248268446,-0.2463264702788219,-0.013512610562562588,0.33492782372071533,-0.2796577963751604,-0.028558855210614714,0.45201737755237814,-0.14863856016222682,-0.033516310032817034,0.507109971764253,-0.011614275622867104,-0.04297653320803092,0.40038939874025675,-0.29629533115229606,-0.10564072354500745,0.649779712813145,-0.36245887530375254,-0.13909626408623046,0.7926909069405896,-0.3831993122069366,-0.14774719822743435,0.9075235608175987,-0.3883431853873973,-0.15250807686950124,0.4010886675581526,-0.1152824811873787,-0.11986627314514543,0.6741084169955462,-0.14560610751863398,-0.1636610207191459,0.8375881280336174,-0.1531885892846257,-0.19036510113379457,0.966772725896654,-0.15084921723930134,-0.20638558602926563,0.39252709693402255,0.04718641230282819,-0.12669908023154902,0.6397704363354564,0.060637351511106746,-0.18695730484152906,0.7864183025000917,0.05780764744512427,-0.23680434217315663,0.8875844420996204,0.05315275612831205,-0.2639175201617183,0.3788927613986048,0.17842009845412213,-0.12616988900445794,0.5437876620089196,0.09308522487082126,-0.17551030804649892,0.5370837949169341,0.013150304247471193,-0.18359096962076712,0.49526020625629236,-0.03301921480094946,-0.18156024909349472,rhiosutoyo:E.3b78e68f-e264-11ed-8b32-001a7dda7115,rhiosutoyo
E,0.0,0.0,0.0,0.14419836089029675,-0.24212475107463624,-0.010404313753056275,0.32885738940378,-0.28067256236813737,-0.020321921631653007,0.4570336123215186,-0.17044366583081538,-0.019160626031675277,0.5192249117360809,-0.054145373431814296,-0.022560298029275613,0.4018844328939212,-0.26421502653354967,-0.10027614432019981,0.6485052331629083,-0.3321491734132688,-0.14005352987226266,0.7978722448581189,-0.36733762594239394,-0.15399162528202612,0.911275015637091,-0.37895595363183465,-0.161152819034004,0.3986212140042823,-0.08197434371731614,-0.11184127419282752,0.6682575731077618,-0.11196293773349753,-0.15607036693876938,0.8285257643953882,-0.12178027865953737,-0.18022280495953524,0.9542799923274381,-0.11138534345988028,-0.19350866870928943,0.38434972778217363,0.07316949157679357,-0.116939227899082,0.6322116636330097,0.08379747788641562,-0.17537453651205698,0.7809543953300907,0.09188228766666849,-0.22200939120201071,0.8886320617359713,0.10805543067808084,-0.24693239535229622,0.3591775653177787,0.1956167091579369,-0.1141565746807508,0.519752926021941,0.103032751410726,-0.15844547171395554,0.5305272613817191,0.013814192629445268,-0.16470651813744705,0.5059521980084601,-0.039205941587840624,-0.16189263361654865,rhiosutoyo:E.3e75026e-e264-11ed-9edf-001a7dda7115,rhiosutoyo
E,0.0,0.0,0.0,0.12246742248995428,-0.2528344572960241,-0.02020573697974252,0.3167242976075598,-0.3039419218731571,-0.0306204969755882,0.4598488833281838,-0.20549377915918735,-0.027589551522292522,0.5348458040060725,-0.09670559234928937,-0.02724323103646426,0.391047148432212,-0.2915588964294825,-0.0989518664472662,0.6326678799623293,-0.36821236720329037,-0.13445552268769842,0.7801124909655902,-0.4099398495949675,-0.14735648126691378,0.8892768497905413,-0.4306731338293566,-0.153971868288373,0.39621843705261733,-0.10737519859443245,-0.10297830023801997,0.6595819110528051,-0.1588134918932216,-0.14079767836926765,0.8237661767259299,-0.18331204268097748,-0.16296823734568341,0.9518001850952056,-0.18713582488113026,-0.17560959607090776,0.38879492931717,0.050455433084374265,-0.10140748918029616,0.6364839360705904,0.03864084535233549,-0.1500158875896641,0.7808781340063297,0.03068525053431641,-0.19124123733700515,0.8804516263343557,0.03552305063093898,-0.21446561624885718,0.37039201171744834,0.17448783248274483,-0.09392703318145885,0.5208751300072831,0.064020170615741,-0.13447154482908033,0.5395682193532967,-0.02607644673507298,-0.14231463635000483,0.5236775481908068,-0.07453246856368005,-0.14112788963685868,rhiosutoyo:E.41713e95-e264-11ed-b714-001a7dda7115,rhiosutoyo
E,0.0,0.0,0.0,0.13450025208629807,-0.24108951168980272,-0.020028429730831326,0.3228658954833006,-0.2893652947708851,-0.035966417439403583,0.45204498623480005,-0.17916684650198603,-0.03929836872804156,0.5145605548106725,-0.058610988531787596,-0.04646619786405254,0.38659683492175,-0.2843351588104467,-0.11020157737297717,0.626054833164807,-0.36160295704650675,-0.15165289027110018,0.7737298151752618,-0.40380001466999155,-0.16921278816600055,0.8878544240239357,-0.42327788267432365,-0.18041717152163447,0.3864301782993131,-0.10483899083897459,-0.11826359148336231,0.652132977029737,-0.1490369258755492,-0.16601897803401713,0.8170083944428544,-0.1676707828713423,-0.19646800679838167,0.9471574866135675,-0.16732075406703245,-0.21581947897735132,0.37905025880830295,0.05232768458556996,-0.11977098566414639,0.6307250856254472,0.056849867127922185,-0.18034692563053434,0.7780546543218841,0.06009867332159485,-0.22962447281233325,0.8812430460380406,0.07108204330087955,-0.2571911122964462,0.36486860354259626,0.17950015974685982,-0.11450751795799828,0.5296419811973653,0.08310302539500718,-0.16659611702786606,0.5442241861746325,-0.00815868992055625,-0.17943259076653217,0.5221577765743511,-0.061030004416739995,-0.18093904937495978,rhiosutoyo:E.446d607c-e264-11ed-aada-001a7dda7115,rhiosutoyo
E,0.0,0.0,0.0,0.1299823493135146,-0.23603143603535617,-0.02324221472891642,0.3159720716409096,-0.28788962935419393,-0.038539040315873324,0.44480596995319927,-0.19723869309689548,-0.03858743977741388,0.513737542611465,-0.10085035581065409,-0.042923831304888894,0.3745962237535237,-0.27207415820144154,-0.12204637077030847,0.6192995327231083,-0.35025449898199823,-0.1650456310092724,0.7684115274597108,-0.40505517326847157,-0.18172307749744862,0.8792739393045012,-0.43621940566794176,-0.19128504849739822,0.3719222890734738,-0.09237943753175411,-0.12640705493671076,0.6476536763825779,-0.14946657776973638,-0.18000921399793196,0.8131933501439931,-0.17408206685431796,-0.21276021153814792,0.942591401954243,-0.17659788322766917,-0.2316310186280138,0.3660959389126735,0.06195956253312009,-0.1230360587959903,0.6335639154674015,0.060470847731447674,-0.1915005802529509,0.782591936398758,0.0633694002055875,-0.24628365887214002,0.890362364778712,0.0748973533136146,-0.27583244215945557,0.3546833891121448,0.18873064189255437,-0.11156495031136623,0.5113408913779282,0.09598472908357084,-0.16871309897505282,0.5161735110601748,0.0061417373281907805,-0.18423584496638248,0.48958221056372253,-0.0443090453067705,-0.1869128285508497,rhiosutoyo:E.4769ab6c-e264-11ed-a254-001a7dda7115,rhiosutoyo
E,0.0,0.0,0.0,0.12527535306282492,-0.25015509884814263,-0.01457529879653002,0.30714063252704943,-0.29910929212763493,-0.030763415886389624,0.43859774092079945,-0.20059652929588553,-0.03713244117147219,0.5126076314046569,-0.08796437468937601,-0.048715796089554946,0.3734425894247461,-0.2998483856374486,-0.10698125477607252,0.6157469202377216,-0.3891929711740527,-0.14745070084525283,0.7605989948408325,-0.4304284079181076,-0.1642473306928084,0.8776201401934802,-0.4460781077576958,-0.17549134253885465,0.3769935136380802,-0.12418280481479206,-0.1197868953765065,0.6377298966981081,-0.1792021219060308,-0.162910073425522,0.7908151027417523,-0.19976059887149128,-0.19182363582081557,0.9141715184163808,-0.20034446850352133,-0.212314042131615,0.3675960607069427,0.0306881878595001,-0.1257654533949431,0.622637293931813,0.027758871193437076,-0.1846714642401917,0.7666437544190716,0.014338698904839745,-0.23224302574959135,0.8682446179753507,0.011122004454036072,-0.26088318406932554,0.3492121421027259,0.15885981911164876,-0.12453483243956755,0.5142297921311092,0.06478218696769068,-0.17683525734401848,0.5123931661203064,-0.027951405764779672,-0.18681585007014603,0.47607846870921905,-0.08055635072396043,-0.18762913774539572,rhiosutoyo:E.4a65bdff-e264-11ed-9a2e-001a7dda7115,rhiosutoyo
E,0.0,0.0,0.0,0.10875955468822598,-0.25400873964497467,-0.01775084660680073,0.28889975366376375,-0.3213089612670934,-0.03651438394082063,0.4214541131075485,-0.2280472117493008,-0.0464063362801073,0.490979782548344,-0.11328497991763062,-0.06018356274338692,0.35240418606270546,-0.3212605315321808,-0.10329539285805316,0.5821996532426673,-0.4312238696313173,-0.15041418088378283,0.7214358661123228,-0.4879188493028223,-0.17383079145944427,0.8325484679207915,-0.5208313491513061,-0.18867367146470904,0.36699284620948086,-0.13994598398461652,-0.11779126257523087,0.6159218286592703,-0.21132416328542078,-0.16842433292750789,0.7707931609477489,-0.25071928765028473,-0.20599440665706087,0.901473695648195,-0.273752411575018,-0.2303465702368323,0.36813935493389294,0.017120346289210633,-0.12606585072052862,0.6096027632476249,-0.009179899752438556,-0.18997725057937276,0.7608528853573417,-0.03624835158919783,-0.24391343910153584,0.8716166190753926,-0.055802074558955354,-0.27472504544957616,0.36007203409158645,0.14413965102994944,-0.12759135112047282,0.5107138845307699,0.028114766109600793,-0.18506835682394074,0.5287446808364955,-0.06406818931313348,-0.20163567614022765,0.517142569342397,-0.12043431078469326,-0.20518126923289082,rhiosutoyo:E.4d61c046-e264-11ed-9e3e-001a7dda7115,rhiosutoyo
E,0.0,0.0,0.0,0.1619629160485117,-0.2341941479843549,0.007354576923992961,0.35233615011722336,-0.258233169771827,0.010208446237872013,0.4692048909625469,-0.14334538786092435,0.01830292068142469,0.5155862436154847,-0.020713734562402598,0.022380320319241725,0.4504352307493043,-0.25548695702451824,-0.06242251753528028,0.6942257209949549,-0.297217068900183,-0.08703256640817024,0.8354409902799632,-0.3170639481547664,-0.0905160655355864,0.9420750018113967,-0.3195866916565744,-0.09085085563445161,0.45195965849838843,-0.07558853984482058,-0.07733200492725653,0.7170598463305673,-0.08781530697954705,-0.10952844793718583,0.8709258528182474,-0.08966358949372512,-0.12283942597144816,0.9888905927684695,-0.07598764997251663,-0.12775473605968318,0.4356728848175325,0.08797716680790856,-0.08606842462901586,0.6654071054778364,0.11449569741849437,-0.13050829532466066,0.8035594679941008,0.127894664779318,-0.16493880591338214,0.9041668355323013,0.14849923177801766,-0.18180419808124698,0.403593563876644,0.2200715401888867,-0.08759363769550597,0.552040373606745,0.13337411987032718,-0.11038628476124614,0.5554845561982236,0.04723064387253738,-0.1056890395836751,0.5262290002095515,-0.0023217022458798153,-0.09741297632300425,rhiosutoyo:E.505df3c5-e264-11ed-befd-001a7dda7115,rhiosutoyo
E,0.0,0.0,0.0,0.14338090594762087,-0.25807681364969615,0.007758698497972958,0.32536401828705314,-0.297366301638867,0.0116715398562824,0.4530975536174714,-0.20038686889818635,0.020868304482402244,0.5118143950133939,-0.09117073511506192,0.02706752682664258,0.44057126244162903,-0.28512458490587217,-0.05589838618199773,0.6764816276762378,-0.35068731593664154,-0.07997264076775613,0.8104536261173915,-0.3823336834770513,-0.08275965706953176,0.9139244183660692,-0.3975687115342096,-0.08173907953525418,0.45258991293695583,-0.11063425429052416,-0.06814216528775209,0.7142838314251462,-0.14049002030418553,-0.10285316512709446,0.8599603397428989,-0.1548494143846042,-0.11128576186819407,0.9756448664509705,-0.1563813118724003,-0.10979161405138793,0.4392170259928277,0.04568185360471164,-0.07443064918739656,0.6575320847904084,0.054275051437339426,-0.11860523003506057,0.7936518547222925,0.06529082780615625,-0.14153063162564572,0.896335183554445,0.0834531712591737,-0.14739927005314674,0.40683731169710213,0.17012403999874492,-0.07364132138589675,0.5578584342726387,0.0822546852011702,-0.08527488563956878,0.5673871903849063,-0.002008652073865349,-0.06559894206987754,0.5423501830723013,-0.05261380193006717,-0.0464414501387072,rhiosutoyo:E.535a08f6-e264-11ed-a8a9-001a7dda7115,rhiosutoyo
E,0.0,0.0,0.0,0.1476324663156257,-0.21670562145199573,0.02704081700684114,0.32593142051076196,-0.24795364844878398,0.02965659611365305,0.451063908531325,-0.16502290797210006,0.03129462319033797,0.5128422448892983,-0.057324730368452044,0.028412300816139362,0.4120276318816628,-0.2959804259353393,-0.05774488272541258,0.662147532078402,-0.3236829920707137,-0.08404491902159773,0.8080668924053281,-0.3312171736349513,-0.08695330198821126,0.9175672728322608,-0.33439030611549864,-0.08593034119237315,0.4127107488048058,-0.1289155816321946,-0.09141910318420007,0.6877943215977477,-0.13612118000203322,-0.12418305072553129,0.8545124173324519,-0.13097654835509237,-0.13948577189393777,0.9810622988241527,-0.1267374667828244,-0.1464731386273309,0.3949655262716412,0.036657477668022784,-0.11635233796616043,0.6472571154711508,0.08956839286628282,-0.15569096923443695,0.791221288396129,0.12008844558770287,-0.18337458221169145,0.8909430131859142,0.1420176357011452,-0.19798090225484966,0.3602671903727047,0.1762105540502165,-0.1330577627496558,0.5182360016659526,0.1484491667036597,-0.15086049352053885,0.527166939847825,0.10403939940892701,-0.13642697623197544,0.49982990552479806,0.07571797481640712,-0.12215552620909619,rhiosutoyo:E.56561597-e264-11ed-84e8-001a7dda7115,rhiosutoyo
E,0.0,0.0,0.0,0.14406746376772323,-0.2300398344840838,0.004329061348395096,0.33552658941581553,-0.248545782684315,-0.0005924612875952524,0.4752120061927197,-0.14108998095128478,0.005407517997475546,0.5530251029949657,-0.025532150653981362,0.005986516234306339,0.4370827385333262,-0.23251660164557972,-0.09157779109402385,0.6791675260154905,-0.27960826890779217,-0.12273856208810836,0.8243426993797243,-0.3032682309262406,-0.13118828218056564,0.942548066721806,-0.3052720597122529,-0.13569123581876877,0.4278159965642614,-0.05775910874068967,-0.10337841725547202,0.6842116384236744,-0.07633317166098538,-0.14063542550263824,0.8337500185370074,-0.07509889428676615,-0.15855897171143102,0.9568876645447558,-0.05489345966676852,-0.1688560544959048,0.40216259204690274,0.09558765715724502,-0.10626201588660875,0.6333084453365736,0.12222244503496626,-0.16430858172882967,0.7763150585705256,0.14505343641773555,-0.2069011147287646,0.8836213460775986,0.1796960516511301,-0.22914377125551538,0.3689499028517426,0.2191228805735971,-0.09861805579550012,0.5187899683741558,0.11701674132279934,-0.13551266112381233,0.5138470618798265,0.004940974161845161,-0.13425062156648168,0.4770919241581891,-0.05604102362076375,-0.12849731294393765,rhiosutoyo:E.59525102-e264-11ed-9057-001a7dda7115,rhiosutoyo
E,0.0,0.0,0.0,0.10930321112636363,-0.27618624180415224,0.005242153853964735,0.28479002929859343,-0.32228315951762326,0.00192931293059025,0.4234940583431443,-0.23316212296240188,0.006822463372741489,0.5110350239192024,-0.12836966412227535,0.007102625980269826,0.4113328905586382,-0.29306640358420427,-0.08597089294199388,0.6627771058606807,-0.35052088333903103,-0.1122096490193895,0.804626472950574,-0.3773403922965678,-0.11050590368383875,0.9130283725080927,-0.3834102433519074,-0.10570862628801836,0.430264134482629,-0.10552204501835664,-0.09927226273075357,0.7047523674675118,-0.1221172314734659,-0.13490992292688891,0.8610039680358118,-0.1286820266862386,-0.1423066517871366,0.9821934876289445,-0.1251411774323392,-0.14012722280177473,0.42000995742235037,0.05363013556728303,-0.10495706555145255,0.6661195826805939,0.0765322824173596,-0.1554052156783863,0.8062062971978542,0.08804183129868486,-0.18594889567894143,0.9010401637736167,0.10173668446833753,-0.19759467140120524,0.3899520924995548,0.17175598536836859,-0.10189441352842306,0.5263084676767199,0.07980197333176799,-0.13085852372395243,0.5179393222030758,-0.01160577431572151,-0.12426564733873814,0.47431515142170566,-0.06825862218246251,-0.11211012354605722,rhiosutoyo:E.5c4ea02f-e264-11ed-aecb-001a7dda7115,rhiosutoyo
E,0.0,0.0,0.0,0.12924353883500692,-0.2620218286137105,0.023282534290390518,0.31022537260355865,-0.31280814087176206,0.033165559021937456,0.44728038906227713,-0.23881374468514743,0.045331326864174626,0.5257281031297925,-0.14226616425833752,0.05350346045977465,0.4266870256772159,-0.29835229735947466,-0.04747501713758525,0.6725753943702243,-0.35852501732980047,-0.06572032275379024,0.8117465783135903,-0.3844817286655204,-0.06060502034676178,0.9169927388470145,-0.3951967168629116,-0.05425745923489918,0.4463523096156331,-0.11883856088115961,-0.06839950426871343,0.711694004023896,-0.1422420171189899,-0.09514294891721925,0.8609050319049133,-0.15425460916819356,-0.10006138887427893,0.9756939467801251,-0.1566739574024281,-0.09660554297683442,0.43454533411663204,0.042033340110280565,-0.08186899659183382,0.6622935912180998,0.05926708028954015,-0.11537357928005362,0.8001218039569397,0.06176618725677143,-0.13666720208399327,0.8989665334582552,0.06674854700883404,-0.1447443287293412,0.3985897558070024,0.16612207447081295,-0.08728151537454161,0.5307750991639473,0.07382902486865807,-0.09610371999286016,0.5436640616341213,-0.007329266568254235,-0.08125028712367521,0.523411929036407,-0.05782581315413417,-0.06594299779447897,rhiosutoyo:E.5f4abb5e-e264-11ed-8620-001a7dda7115,rhiosutoyo
E,0.0,0.0,0.0,0.09641012704439683,-0.27652309883282705,0.005634110571448902,0.28654827618987244,-0.31727495352830287,0.023507135681258902,0.4063871958717069,-0.2188909387508773,0.0553004205263672,0.45252537064965226,-0.106869631560845,0.08420324422040965,0.40218736417314843,-0.27744315935694536,-0.06811056970986393,0.6360701212088775,-0.3752373846605144,-0.08465996492322778,0.7753524707291753,-0.42945241397640876,-0.08203456917750436,0.8860861353893588,-0.45726068365355144,-0.07592119503431091,0.41195592506980216,-0.07981034476755947,-0.07032587746204647,0.6655278114951935,-0.12091015866996378,-0.10112756968559847,0.8176437478095532,-0.1509697990378447,-0.10918880889774016,0.9466150075029347,-0.16114518753783338,-0.1039604298899604,0.392851333982486,0.07629952204665998,-0.06417439777822136,0.6157784889827546,0.07351861216571133,-0.11450419498084251,0.7596462167414562,0.061611995331965694,-0.15150657502914186,0.8698951153579918,0.06790262242402216,-0.16216667775200685,0.34892998271428916,0.1843545364816243,-0.04783513147482986,0.4665755709694482,0.07919927423021327,-0.06577037821680115,0.447158396988537,-0.026934364186826702,-0.04996094475465853,0.3951038101830159,-0.08474561685502716,-0.03061981343750337,rhiosutoyo:E.6246bfc5-e264-11ed-89ea-001a7dda7115,rhiosutoyo
E,0.0,0.0,0.0,0.1522945749159866,-0.23649913583196575,-0.00938277238497374,0.3408644841388042,-0.2601370349471393,-0.02054010489976739,0.4608013197397703,-0.13267174666526346,-0.020651697860884402,0.5171039788327705,-0.0056459498905518145,-0.02626611287212673,0.4075678755144997,-0.23339209239156924,-0.10804508481089506,0.6567101137400206,-0.2897507151033089,-0.14705348036289426,0.8096168881410027,-0.31872513488542153,-0.16154888998669628,0.9298870968935992,-0.32583095598481265,-0.1707166516565302,0.3957917133312403,-0.04792072580630166,-0.12072721120251742,0.6602917853393468,-0.06047357800963644,-0.1650830810601236,0.8147952938749969,-0.06282745031783288,-0.19279844339063965,0.9410500678315309,-0.04614320793109807,-0.21106243601635535,0.37343516856512954,0.10251798216824608,-0.12562120309627536,0.624263824395349,0.13527270897619822,-0.18590933963381656,0.7770738313239285,0.1482080973076256,-0.23671998420781032,0.8915561267784365,0.1617490261618188,-0.266080641509255,0.3463786715852352,0.21462685346801072,-0.12172579874189543,0.5222312380696382,0.1381431467373671,-0.170715943256293,0.5515166455558854,0.04983737348809301,-0.1816536074987805,0.5450322331445736,-0.009401604588136445,-0.18324393061130176,rhiosutoyo:E.6542c7bc-e264-11ed-8c8c-001a7dda7115,rhiosutoyo
E,0.0,0.0,0.0,0.14832822914443144,-0.21507475747981972,-0.014448484405786615,0.33440539416365755,-0.2434015438341093,-0.036922130139294705,0.46505923792190745,-0.12969316599771918,-0.05296468409071069,0.5325288465803812,-0.009123241100079463,-0.07025121842299338,0.3924604997961022,-0.28324339476057253,-0.10980066913853388,0.6447575582220783,-0.33489866257094597,-0.15495258470786716,0.7958589623721981,-0.3575158810135891,-0.17037690220250165,0.913288124420612,-0.365641741179653,-0.1794740061941904,0.3812608878778568,-0.11709813835118907,-0.1298477009362317,0.6514222428073638,-0.11962314985433807,-0.18424806026349078,0.8080263424367612,-0.11627009251302392,-0.21203349218727577,0.9287868735876118,-0.10221277706833716,-0.22931171964601407,0.3623654268374435,0.04095935133733825,-0.14430043572650886,0.6222208365121916,0.08701738519127634,-0.20524441303958282,0.7747172393090793,0.11181760829323262,-0.24275731553262048,0.8806071460573409,0.13482104422050012,-0.2622859584508365,0.34140263174506313,0.17417463171787742,-0.1532710858158007,0.537528124668793,0.150481342961702,-0.1916934519347764,0.5728748100335717,0.10836222695311232,-0.19109499209325329,0.564543189652517,0.08601249678995705,-0.1862616429349708,rhiosutoyo:E.683f1201-e264-11ed-b0d0-001a7dda7115,rhiosutoyo
E,0.0,0.0,0.0,0.1336947365945286,-0.21568303066473765,-0.03270643543867649,0.33977129675413803,-0.2539398222210574,-0.06624360462644052,0.507124363831038,-0.15268247042786923,-0.08470277343989692,0.6111065595931823,-0.04392976182348192,-0.103256500394943,0.35809954816408407,-0.3250200045683425,-0.16273957734972358,0.6148345453265072,-0.3614348649735557,-0.2158111440485138,0.7655258348765563,-0.3732054565160291,-0.2357883791392058,0.8907546472406331,-0.38042185848087096,-0.2486671832171978,0.3416989576589818,-0.15171501237792306,-0.17427185794463218,0.6148336569352768,-0.15321135934038954,-0.2262770960527888,0.7722509564909664,-0.14236499080798104,-0.25228917277184115,0.8975277419814868,-0.13574292257630172,-0.2746386345456083,0.3269433715822392,0.018349720864681604,-0.17888643961778283,0.5901024737971593,0.07376697355853758,-0.23643249979757408,0.7536293879097711,0.10907371396898531,-0.2711768145265525,0.8759293224523012,0.12942971836240438,-0.29502947127852075,0.31833041860315,0.15781766787020673,-0.17890441103204854,0.5239771454724328,0.1270150709980759,-0.2181434486506711,0.5803837698665858,0.07595981924566689,-0.22069461213407676,0.603021755200588,0.035024528129578826,-0.22301818088913478,rhiosutoyo:E.6b3b2558-e264-11ed-82a8-001a7dda7115,rhiosutoyo
F,0.0,0.0,0.0,-0.15112970737685047,-0.09001973202537183,-0.052437658854735385,-0.2658730346150211,-0.2242244412136299,-0.10436546232100663,-0.3405657643158761,-0.328730962658328,-0.16162163771220517,-0.3722834436448648,-0.41196449569256405,-0.21642032296773928,-0.14649864312078392,-0.5802236342606929,-0.06360887944747473,-0.16723832072440403,-0.8211044817030437,-0.14443806713841983,-0.19751393908263437,-0.9087538686330229,-0.1943333283127481,-0.21062678379939542,-0.9523325352306945,-0.22067872640424746,-0.05124482000028608,-0.57775831370112,-0.07455771705368959,-0.21701489414279693,-0.5460951105470645,-0.16881623961912678,-0.26835940470122965,-0.37354422609223653,-0.18996959304495492,-0.25582988446659705,-0.2631973871853043,-0.18585300026939144,0.026113200763180962,-0.515957071894925,-0.0949512404541673,-0.14499654890006056,-0.4493908908432605,-0.1767709294081001,-0.18800662568424867,-0.2928088508791251,-0.1540591111292182,-0.1784090519156491,-0.20345815700834227,-0.1203805736712444,0.09271760775521593,-0.4231182188662875,-0.12290846394874191,-0.050916952573408454,-0.38590332935922655,-0.1709043737109146,-0.10722612028603028,-0.26733656610294787,-0.14653963082820123,-0.11467108526275688,-0.1908838433810289,-0.1130204067125697,rhiosutoyo:F.760cadbb-e264-11ed-91f3-001a7dda7115,rhiosutoyo
F,0.0,0.0,0.0,-0.14193144562258422,-0.10308971026127632,-0.04176144664041614,-0.2237647190120189,-0.24735873163015282,-0.0861149249068802,-0.262408488280378,-0.3575679329336674,-0.1394860849572543,-0.2671331805414965,-0.4412965593045484,-0.1926778136132452,-0.1006999345004254,-0.5421666855505537,-0.05749001277241489,-0.07093844091689071,-0.7815892421371092,-0.134859575506538,-0.05043289632994549,-0.9034719425454332,-0.18351775752075886,-0.02723324004821311,-0.9766378467250755,-0.2131592526274296,-0.007431115280094028,-0.5163588013715722,-0.07629351679031934,-0.15098942852622488,-0.4743734432467117,-0.17774906496846743,-0.20776492209682637,-0.3177068199295633,-0.19569626714377472,-0.1983440998467064,-0.22911748578793076,-0.18786572326171352,0.05789749841183186,-0.43575547851385144,-0.103519733228083,-0.09876951886769057,-0.3616399280316158,-0.189691406459578,-0.14304576819752107,-0.22554838366042848,-0.15596624511962826,-0.1317169861699858,-0.16671049706179292,-0.11430174472576482,0.10853820989407688,-0.3310558410111117,-0.13807493635613613,-0.02109924588460468,-0.2812962263783792,-0.18452252162174346,-0.07006620822079379,-0.186784455867991,-0.15187408407265932,-0.0659615142458011,-0.14419712323561648,-0.11297993940428155,rhiosutoyo:F.7908d7c8-e264-11ed-bf54-001a7dda7115,rhiosutoyo
F,0.0,0.0,0.0,0.11291859048238231,-0.25921404288841515,-0.023695152546619396,0.30419399811418035,-0.3162752656966272,-0.048927503224678384,0.43896584657283,-0.20419824708980616,-0.06861380957815104,0.4776868199122486,-0.06769818614931387,-0.08569769079362617,0.40358057838266786,-0.32770340812921595,-0.11666225354855482,0.673944427146917,-0.34349578852999413,-0.16532930918340955,0.8228138736269595,-0.3372230631570818,-0.17832854261629208,0.9302470795568935,-0.32039831166634775,-0.17884432576188855,0.4289551404844263,-0.13672713800681263,-0.11870192315162362,0.679286309889188,-0.09760871789373629,-0.1626847094948584,0.831596332988047,-0.06717197157359879,-0.17408083022282492,0.942662524348718,-0.025521283106987192,-0.17160294769337975,0.4267233716074229,0.03549212070283085,-0.11336611509232233,0.523491384331958,0.018965516199937273,-0.1477521172801008,0.45376981027762386,-0.01552667299384064,-0.13363769586918445,0.37619872435114643,-0.03211989007126004,-0.10527763215675759,0.408921222972996,0.17360524599447985,-0.1092396564663093,0.4493801901946058,0.11163524599360894,-0.12180966905130046,0.3945310496475056,0.09503534289569811,-0.09597445251920136,0.3382998839017862,0.09953008207866491,-0.06102485904393276,rhiosutoyo:F.7c04ea22-e264-11ed-82f8-001a7dda7115,rhiosutoyo
F,0.0,0.0,0.0,0.06480471663964568,-0.28208713023748183,-0.025302370035400538,0.2262660352423493,-0.3836812382959774,-0.048956708237640444,0.3703963724326219,-0.3138991389905,-0.06685720659108034,0.4422870471236355,-0.19477805753243205,-0.08343642479366344,0.3595993162773267,-0.35822479531006673,-0.11019017027750572,0.6204448485118862,-0.42274454366944664,-0.16453144947526224,0.7729382790828853,-0.43457188019451753,-0.18387195911156162,0.8820666175232,-0.4322905063372734,-0.1873056336094687,0.40302028986040006,-0.1822218207036257,-0.10721167699713997,0.6379099725369697,-0.1908489946372686,-0.15005598315299543,0.7752549179343555,-0.19114332170446358,-0.1605770229111746,0.8725420851210953,-0.1799692013801351,-0.1573235389703037,0.4143841629805837,-0.03171380930755767,-0.09863472177162103,0.5081988133127953,-0.11487246346137846,-0.1334757731224497,0.4508492520871464,-0.15920788547165401,-0.12696555001047166,0.3749650880692101,-0.1657080377150886,-0.10547232440571898,0.4069315846238573,0.08691654619239435,-0.0911355953179485,0.4284768684809039,-0.029321757622280717,-0.10810512749388586,0.3748592930865317,-0.058895524318685076,-0.09214005425204802,0.3158205386374513,-0.04914041310817877,-0.06497552244844379,rhiosutoyo:F.7f010a43-e264-11ed-8cf3-001a7dda7115,rhiosutoyo
F,0.0,0.0,0.0,-0.06664946828025411,-0.16396995993926136,-0.02618672542971543,-0.12211684412603295,-0.35785195533390995,-0.058707597309598715,-0.1666027937255445,-0.4860901483141903,-0.09810852268577205,-0.19396138283940167,-0.5618612065268684,-0.13960169953290008,0.013181612193498197,-0.5521762129640342,-0.06347386566223047,0.009393540002685458,-0.8154782709911151,-0.11279260751176932,0.02113519030900161,-0.9310880916178027,-0.14577570437613052,0.047998088612973236,-0.9842856458165413,-0.1699351374172372,0.0713621707099556,-0.4796537219542967,-0.0840212686863213,-0.16730560610409378,-0.4384969631391618,-0.16912730492632752,-0.2516425421359245,-0.3106268641933767,-0.1895020136468046,-0.2613889304873481,-0.18625915251610956,-0.19020824256979718,0.08506048803695045,-0.35203552019480416,-0.10611148617861808,-0.15241894937916886,-0.2954385901177982,-0.17086836910721187,-0.20975605063225494,-0.20833930064500936,-0.1480134036379777,-0.20585301772992262,-0.1287716546332577,-0.12260057092171518,0.08216518122830894,-0.21226719362952212,-0.13286602508432865,-0.10043308382681719,-0.17496525838608237,-0.1720331704024697,-0.16417364779491675,-0.1336134646720732,-0.14587131611484805,-0.17381729945313049,-0.08864803138807549,-0.11346129736729811,rhiosutoyo:F.81fd1af4-e264-11ed-a378-001a7dda7115,rhiosutoyo
F,0.0,0.0,0.0,-0.19242492157988694,-0.13078500198727558,-0.013923452210241521,-0.2890231401204914,-0.251423468555564,-0.05835946214864302,-0.3617693573276137,-0.3336132876953956,-0.11500663838877731,-0.4217828666572647,-0.39447319945461573,-0.173958509705998,-0.18186354860648649,-0.5612669761325116,-0.06850628707895072,-0.17091641788242504,-0.7836942775394914,-0.13941614202185135,-0.1674453701566642,-0.894973422137273,-0.18641053635820304,-0.16346375313316389,-0.9625484524727093,-0.21628702701274657,-0.113177052143562,-0.5169231061876158,-0.10008395429498472,-0.3258994193991559,-0.4520506961973708,-0.17485088009968436,-0.35527207993614374,-0.33980445511727836,-0.18915814354581426,-0.31982225510171797,-0.2786550320375155,-0.1932559511126257,-0.07908780184398928,-0.408471393482104,-0.13478937314646486,-0.29355418529453287,-0.32339572549910195,-0.19142530669698474,-0.2959485082512706,-0.2347087576394984,-0.16608423605421532,-0.25761720941140714,-0.19688262388605757,-0.14458652469542477,-0.07021588826557845,-0.287023839276672,-0.17438666478115625,-0.23662107641545696,-0.22624679209097615,-0.20365852712670846,-0.24990565720573177,-0.1595348915058514,-0.17959238391979815,-0.2226797552784931,-0.1339086361283851,-0.15489933611617698,rhiosutoyo:F.84f95333-e264-11ed-906f-001a7dda7115,rhiosutoyo
F,0.0,0.0,0.0,0.09858621937159649,-0.2679533622834291,-0.022480565525746097,0.2709743715940962,-0.333317494137686,-0.04561357818274275,0.40363444113124364,-0.22955221471715798,-0.06558593918320901,0.4507416556699122,-0.09656237432201402,-0.08410304359743317,0.38061213135534816,-0.3299648237480551,-0.09934008755245499,0.6369589552927847,-0.3963333899440402,-0.14678942299861344,0.7834976087786818,-0.4143431245177441,-0.16274655026618834,0.8945463457912556,-0.41505733724017735,-0.1658741753094947,0.42510676971391054,-0.1537319620779615,-0.10027759171425754,0.6599763214138424,-0.15131306084620247,-0.1339576306989422,0.7994565990044216,-0.13765141610385967,-0.14356800482740306,0.9000969069610782,-0.1091922492194084,-0.14264631309100045,0.43714166121142767,0.007457648724267889,-0.09604190641724833,0.5016246592916728,-0.02167676325036665,-0.12315361838000177,0.43298637391873657,-0.043595183981328604,-0.11924891259189606,0.35712599043438703,-0.04167355626559602,-0.10200757101662242,0.43140324115777284,0.13805883142313044,-0.09378890842577765,0.43145209609969826,0.06753177909897097,-0.103615076722944,0.370568369544517,0.048206450731990175,-0.08795992134250441,0.3103726834214519,0.05421764421139518,-0.06368196867583972,rhiosutoyo:F.87f55de5-e264-11ed-be94-001a7dda7115,rhiosutoyo
F,0.0,0.0,0.0,0.08128124757457439,-0.27340530787490697,-0.022694218320999826,0.2523199951554337,-0.3552815320465057,-0.042849136206536624,0.3853777682133472,-0.25793216528740437,-0.05925431922734765,0.4346477167333737,-0.12496672613397575,-0.07461349616848463,0.36840275696070796,-0.34924376032355015,-0.09670863432390679,0.6192985016394627,-0.42384926660386885,-0.14294838066896642,0.7653239944953723,-0.44902208585750647,-0.15893236238642813,0.8751150663403575,-0.45579650901218033,-0.162552031781892,0.4175567110132254,-0.17210260728659585,-0.0957787489495019,0.6439917616766819,-0.17598005418805712,-0.12849257917262638,0.7829511139484359,-0.17061805122855014,-0.13837403821321595,0.8870829830788535,-0.14742290879159772,-0.13736133185124333,0.43271014745644915,-0.01245901769297484,-0.08993596046390773,0.48604538466487335,-0.0493793064881508,-0.11738017573390727,0.41509110722002796,-0.07172411137348793,-0.11360229435718447,0.33829295925164526,-0.06682666337092043,-0.09559308025543473,0.42770247585540283,0.11625733059344093,-0.08579595705553335,0.4232476535074597,0.042503027495092056,-0.0960925579869904,0.36217137258178567,0.028556856853007875,-0.08017159596273618,0.3028436649722938,0.04026162196372198,-0.05519686178856376,rhiosutoyo:F.8af16818-e264-11ed-b98a-001a7dda7115,rhiosutoyo
F,0.0,0.0,0.0,-0.17351852153088354,-0.1256233561962532,-0.030832885063908785,-0.272205055018072,-0.2516909061340105,-0.08918973259199912,-0.3611151028735987,-0.3478936314402381,-0.15613571350643846,-0.3683980915346359,-0.38806633455190687,-0.22529552075140272,-0.15206331789692407,-0.5373792783368667,-0.09761614593896245,-0.15852474688058202,-0.7858482892619473,-0.18600192003264782,-0.144380604554634,-0.8950148635686832,-0.24430071827987856,-0.1168838194891094,-0.9522693997184287,-0.2819949699933332,-0.08153513990793662,-0.48161234404625247,-0.12182788010331827,-0.297258774505324,-0.45403283162283026,-0.21347108273148702,-0.3477366233615856,-0.32112598990453145,-0.22263461267476242,-0.31835921937929024,-0.24238296043326413,-0.21804979666599505,-0.04776523618093534,-0.3634779253990157,-0.15084617779179696,-0.273954751059131,-0.304330845668298,-0.21806836684618378,-0.2965231717823969,-0.21511050811302937,-0.17815822372363813,-0.2563169305526615,-0.17892238185817516,-0.14269967575198428,-0.044447695227889536,-0.23424984258686504,-0.18642909628461443,-0.2206579612717468,-0.19258183627043496,-0.221166310760426,-0.24764670595618868,-0.13422824357012225,-0.18861371650398967,-0.21662171087005927,-0.11377272428505125,-0.1553627219926297,rhiosutoyo:F.8ded7ebb-e264-11ed-b56d-001a7dda7115,rhiosutoyo
F,0.0,0.0,0.0,0.08948820894738832,-0.286093133339352,-0.019924057465811006,0.26564565917625077,-0.37594636970147255,-0.03473113154724105,0.3919513733159934,-0.28684868214698817,-0.04658939385464819,0.433781487114224,-0.16009436090271162,-0.056509570625442866,0.38972325756463977,-0.3276164502866291,-0.08403987125042817,0.6359907411395168,-0.4073256906750602,-0.13272486854803975,0.7835635028997237,-0.428692541425981,-0.15170059961401933,0.8877342153439721,-0.432431754792607,-0.15789471287731247,0.4201845056197462,-0.14174420100068497,-0.08568342710243045,0.6539506693529369,-0.14966210915310268,-0.12795800161243845,0.8018760012430874,-0.14642524303817958,-0.14310294559403366,0.9062017054864484,-0.12274278583808844,-0.14336559875266985,0.4168731855003896,0.008643327713123653,-0.0832011501496584,0.4952990358513098,-0.08306662349107531,-0.11549416226422908,0.4267390653485688,-0.12722393191037257,-0.1060936652100556,0.34895404090351184,-0.12750320685307245,-0.08237604515086674,0.39703162787531415,0.12718395271733046,-0.08235618229997581,0.427476073081171,-0.0025470801827981618,-0.09762288356581542,0.37145798102175326,-0.03331425597596586,-0.07786151065830652,0.3118750775827482,-0.022794513528540145,-0.04893115064328913,rhiosutoyo:F.90e99528-e264-11ed-a8a9-001a7dda7115,rhiosutoyo
F,0.0,0.0,0.0,-0.15250296764787652,-0.10214617198131479,-0.05264963701237908,-0.2389531305494507,-0.217753844407719,-0.11262631002322984,-0.31576694192487,-0.29515126059332397,-0.1787982955016168,-0.33362900237212495,-0.32578813430411835,-0.24676336083478126,-0.10800891577421737,-0.5400466933812686,-0.08375016250946987,-0.11974735473488624,-0.758748366977994,-0.1624742603782612,-0.1209716561301671,-0.8817829921043111,-0.21159360503934882,-0.10936246660436272,-0.9634427321889444,-0.2445770894636531,-0.017433079194115787,-0.48855017672669937,-0.10408710844806233,-0.21464921483324384,-0.44753819449497245,-0.2049201778662647,-0.2865251163065394,-0.2886546923734172,-0.22045146990676276,-0.27195059056448806,-0.2088644436032963,-0.2122688606502283,0.03782858715297852,-0.373902491922847,-0.13218835405862397,-0.1731165344692407,-0.28985176945010693,-0.217345997832137,-0.2264286224286857,-0.17221152411141652,-0.18515892384428687,-0.20385199721726302,-0.1355903222722642,-0.14530926142813583,0.06598963375462011,-0.23678179290648174,-0.1680978167264548,-0.10383645855791693,-0.1769699649618572,-0.21625847881424343,-0.16082594403734088,-0.10403390094614551,-0.18674563246120082,-0.15153135021932462,-0.08436261272456032,-0.15035565561435402,rhiosutoyo:F.93e598f7-e264-11ed-9f63-001a7dda7115,rhiosutoyo
F,0.0,0.0,0.0,-0.09820081487606765,-0.09997851917823435,-0.04673473954062987,-0.1924024508317278,-0.21453731358808253,-0.1024266548516762,-0.2656526910265602,-0.2854726036332926,-0.16443462180028234,-0.28690406693656645,-0.33736869252519663,-0.22596825855126182,-0.0874310982961807,-0.5347346463816863,-0.0889595164126892,-0.11258817759521295,-0.7899834153822862,-0.1611705939539273,-0.12270285008146448,-0.9059357582752816,-0.20745288998357414,-0.11444886527727959,-0.9643040738834041,-0.23878674655142249,-0.010293515977415185,-0.49284497004938277,-0.10846499980651952,-0.21853959246233687,-0.41217081730735305,-0.20255284659092682,-0.27180681478649554,-0.2720087887025164,-0.22420045025560617,-0.2506725217487044,-0.18026994684917383,-0.22708977118072482,0.029813686892957315,-0.3798151682599897,-0.13338566291385767,-0.17957651101943528,-0.282910372549888,-0.2052137694742052,-0.20662956978279046,-0.18078263152384297,-0.17920979172639176,-0.17491656501367517,-0.1377192649735294,-0.1538413045171798,0.051814536259933416,-0.2511491992671526,-0.16576807887039854,-0.11566786251305104,-0.17646129586135267,-0.2099887416520321,-0.15086068470423458,-0.10770479645449235,-0.1840926512402631,-0.13027389120739244,-0.08181684342157132,-0.15422216663523708,rhiosutoyo:F.96e1a5fe-e264-11ed-a40e-001a7dda7115,rhiosutoyo
F,0.0,0.0,0.0,0.08524347216976146,-0.28822798682401163,-0.022699472944592895,0.2577071392634966,-0.3866028202710074,-0.036425214126832674,0.384995200031373,-0.2956508186584118,-0.04713298261437873,0.4334516519271621,-0.16898659728867294,-0.056290646136029146,0.4203572304532282,-0.3020875055039039,-0.07730973590715029,0.6635987427442792,-0.35258539868928757,-0.12091622712083994,0.8118310809466426,-0.3631484093226501,-0.1419760153202473,0.9193259085508731,-0.36324977214290644,-0.1512926862252044,0.4417140516109743,-0.11371874118271225,-0.07713875079262346,0.6617975579353506,-0.1023241416974506,-0.10967239744274897,0.8053494753003372,-0.10016744822155871,-0.12420078514100198,0.9120990054331785,-0.0801106126215611,-0.12861366021802462,0.42621499670139606,0.029724425401357883,-0.07415848440214864,0.49423949671991163,-0.07113305834585272,-0.10238498692724814,0.4372399026352271,-0.1295153831476787,-0.09973093593971935,0.36303995406016004,-0.14178530821194715,-0.08500008117957672,0.39721163626046246,0.1355885823286946,-0.07351565794511468,0.419727776204989,0.010890740568243877,-0.08870701814562663,0.3711749853021924,-0.025295786263276783,-0.07511764024727036,0.3135372191756898,-0.02135475252876127,-0.053933092479691205,rhiosutoyo:F.99ddb5d7-e264-11ed-9ff8-001a7dda7115,rhiosutoyo
F,0.0,0.0,0.0,0.04863547661510096,-0.2864034614371825,-0.030728794079242554,0.2093299622610821,-0.4018623830406961,-0.046262561588430985,0.3342081874490063,-0.3227446450665353,-0.058940248508525084,0.37956432969835185,-0.19445336156161877,-0.06902478625332066,0.3960548349437597,-0.34356327331672126,-0.07395375571371447,0.636658523034612,-0.41518854140836126,-0.12172759111505131,0.787422683171795,-0.4275280134465612,-0.14417663164188535,0.8932991126402361,-0.4225837025625244,-0.15310032555391528,0.4308726232325814,-0.1471670613991663,-0.07211665682712504,0.640397051849869,-0.14924983082724413,-0.11197901118828368,0.771739659051144,-0.14808182388593236,-0.12832475270145216,0.8683487920481058,-0.13565441135098683,-0.12925449302625927,0.4257512225509745,0.00591498055945551,-0.06983634709184403,0.46795933677764345,-0.08648116802125085,-0.10810707006659148,0.40449440282215926,-0.12471231682808459,-0.11279288575336446,0.33776509345139694,-0.12321672398136997,-0.09803896922413544,0.4005144153921266,0.11959000954341843,-0.07003978504082316,0.39731319998997505,-0.0027868978040820882,-0.09317093576623851,0.343772849723914,-0.03790628271060861,-0.08646711610743166,0.29376130076540724,-0.034440943617200535,-0.06633960270183721,rhiosutoyo:F.9cd9f041-e264-11ed-96e3-001a7dda7115,rhiosutoyo
F,0.0,0.0,0.0,0.06534181902714987,-0.27166425087406904,-0.016378355354200482,0.23815091141803876,-0.3588194500914087,-0.02571548697961164,0.36863151396317223,-0.27678732076802515,-0.03489136451991646,0.42759126029889705,-0.1655877859681723,-0.043041008572648407,0.3980442666965951,-0.3484780327707093,-0.06680018219039249,0.6474832827419407,-0.42309982261111795,-0.10399275546607073,0.7920512620917322,-0.43415566922718957,-0.11688407390561328,0.8961908230323739,-0.427589738293581,-0.11835972464729429,0.43651812587882316,-0.16014265974933176,-0.07091515661950354,0.6569452853910037,-0.16001511570384347,-0.09253498529615288,0.7843167354764303,-0.15153328447834183,-0.09931247496869787,0.8731924095030771,-0.1287878282325791,-0.0973145195652012,0.432855267885123,0.00020212230597663956,-0.07239470749980703,0.46813504671100636,-0.05664842906271185,-0.08781727298053746,0.40707767264864747,-0.0762886900625895,-0.08566901003954375,0.3409267555954646,-0.06846832234746021,-0.07364305150379674,0.4084657414969208,0.11555338320705748,-0.07646399798810236,0.39331935339332796,0.027333693471645104,-0.07625027514785715,0.3380398159119067,0.011394949400496273,-0.05810028565322819,0.2850289795546479,0.019415004213096457,-0.03549412380962058,rhiosutoyo:F.9fd60805-e264-11ed-ac47-001a7dda7115,rhiosutoyo
F,0.0,0.0,0.0,-0.16275385854725113,-0.1057229436781466,-0.02959574426661479,-0.2640454198207686,-0.21721408196615646,-0.08199674083513638,-0.350678643087267,-0.2662633486961325,-0.14395647611843143,-0.40340216896424047,-0.30332263671650045,-0.21054391670947756,-0.15033714242435345,-0.5360753835928472,-0.07867308063057726,-0.16074679744982986,-0.7574841811317097,-0.14954587077956635,-0.16497178742261503,-0.8812925249058353,-0.1966206213922062,-0.16000836534355145,-0.9604740336624168,-0.22778707970455897,-0.07540300037105051,-0.4768336477510061,-0.10559027186290747,-0.2798244371420221,-0.4184651309097088,-0.19097087537265262,-0.3385046486763082,-0.26885746989943643,-0.20498570138972846,-0.31856856134070805,-0.17610197316997522,-0.20199467292929987,-0.03268634837067425,-0.35928815595847174,-0.1363352167413321,-0.2476709182127409,-0.2726688852415751,-0.2023164206975324,-0.2788769800473711,-0.16305502301412547,-0.1688492560604689,-0.245563819967232,-0.11388887077427863,-0.1350086303728638,-0.011831762062237912,-0.2255358564087829,-0.17267979034439668,-0.18536909866202975,-0.15881081537868139,-0.2067948106896757,-0.22624717318281654,-0.09013399693825963,-0.1730029202048067,-0.2044506581484393,-0.06510364946412335,-0.13705666063126176,rhiosutoyo:F.a2d2261f-e264-11ed-9095-001a7dda7115,rhiosutoyo
F,0.0,0.0,0.0,0.12906160052148746,-0.27362041507206314,-0.024250039960483385,0.3224135552409344,-0.32474056882233704,-0.04116214239228045,0.43856701450675956,-0.2062282766459518,-0.05131586668355887,0.46979993744244175,-0.07770100070842934,-0.05883894763621053,0.4237510643222267,-0.3021104217796666,-0.09777408065188117,0.6836831642095685,-0.33238231092008813,-0.14097842581835895,0.8281912479429027,-0.32804467595475434,-0.157390417418629,0.9348907642607538,-0.31540519790282723,-0.1627845816894897,0.44104351889873217,-0.10202207493170362,-0.09323830657379262,0.6726658715799712,-0.05861420613155826,-0.12054774300020611,0.817581903127692,-0.03608492035866998,-0.12698673884562098,0.9311282786790587,-0.005134919288373753,-0.1271229184450841,0.4295381297671532,0.05981043279846867,-0.08445546817394785,0.5305235249512595,-0.0003091878210583985,-0.10551835378373933,0.47425539398036337,-0.04710011171181361,-0.10083086566954709,0.40182949771801096,-0.06204408966885269,-0.08574534235352894,0.4034461297668556,0.17863371389001556,-0.07725142477573174,0.4453538372701667,0.0662040166826656,-0.0890070768710275,0.397946939196099,0.0327907192438206,-0.07712584536552214,0.34355779964842126,0.03429013008477856,-0.05672268551663462,rhiosutoyo:F.a5ce31fd-e264-11ed-9afb-001a7dda7115,rhiosutoyo
F,0.0,0.0,0.0,0.18081982767507931,-0.21938504802552378,-0.03111200177716614,0.3827733705409772,-0.22366016290356971,-0.05764391948614513,0.5009738927207322,-0.07022668724084567,-0.07700362141293153,0.5322506909591119,0.06911088420255149,-0.09265794420284655,0.4513270478228865,-0.22669333565482908,-0.11697729651675315,0.7201072182480751,-0.22218205728511228,-0.16232236263644548,0.8638079796599413,-0.206858936427303,-0.17426824137358618,0.9678288290406768,-0.18194980052287374,-0.1737861552812505,0.4488316332341318,-0.0385835577509742,-0.11580586482069666,0.7144627718774412,0.038335169325616876,-0.15317125307871493,0.8677055107907159,0.08438288261039911,-0.16390601249772463,0.9752479745913664,0.1385610103149031,-0.16671594128950454,0.428913743266315,0.1353061217208751,-0.10876953855350921,0.5737032183747838,0.16303449403705014,-0.14464579444180456,0.5271841505445667,0.09936731723721225,-0.14078742130174451,0.4584348743236736,0.05850103095968801,-0.12346706058538623,0.4046201605569407,0.2706864265620751,-0.10303978680399063,0.49946036257852416,0.20513105318647842,-0.11310929450491873,0.45727934025089834,0.14669086905582088,-0.09238235356354052,0.39614022416954614,0.1234393230235189,-0.06703085391877535,rhiosutoyo:F.a8ca7c70-e264-11ed-a606-001a7dda7115,rhiosutoyo
F,0.0,0.0,0.0,-0.22411078169509902,-0.087646319861006,0.007615614547988808,-0.3387157135184181,-0.2105993147664604,-0.016215391555949893,-0.42872163131574126,-0.2912289864087624,-0.05280925449358145,-0.5033363594381702,-0.33985996617620173,-0.09883997329476729,-0.24799052701218174,-0.5448018559254377,-0.022945638451749423,-0.3036978824722205,-0.7109104897424156,-0.06467152073044966,-0.3060770671509891,-0.8465689933963748,-0.10250391830460005,-0.30732868417480314,-0.942493250965307,-0.13136038888580892,-0.22387441082168746,-0.5085465538360855,-0.05187012233366611,-0.4658981148294018,-0.45805991158009335,-0.09346838474358082,-0.48971486821551397,-0.338655018797982,-0.10862799443808586,-0.46025568213356005,-0.25599412941996946,-0.1191578558951412,-0.22227011152792892,-0.40803875672186823,-0.08069420149067809,-0.45880094333617494,-0.33314437344332626,-0.11952649773300915,-0.4560756053016123,-0.23262690386370083,-0.1137781968806298,-0.41618019176172205,-0.1631645771583734,-0.10782796064301461,-0.22835530132782852,-0.28271238061689014,-0.11086077728496588,-0.4098349335481609,-0.24258422337811636,-0.14147236205416436,-0.4373463269085495,-0.16775851460397218,-0.1343355334527641,-0.43148711008174767,-0.1075781275159365,-0.1229100243687553,rhiosutoyo:F.abc69f01-e264-11ed-ae12-001a7dda7115,rhiosutoyo
F,0.0,0.0,0.0,0.17152458609824808,-0.2055154534481375,-0.021501656218663043,0.3659166048244408,-0.22976151449337265,-0.05090563980089496,0.4980619870755893,-0.12451572226424037,-0.07876033413964965,0.5540077825652415,-0.016184552421361,-0.10117760289776553,0.4389698801194921,-0.26386973964179705,-0.10293865888933841,0.6911365116774945,-0.2791577225792179,-0.16519045670223453,0.8334291843655913,-0.2753427422555351,-0.19624809315733577,0.9436766637437289,-0.2561703264287742,-0.2094065857676891,0.43688139236230134,-0.10538710264410607,-0.11379549547821069,0.6860493367384376,-0.03236409383509882,-0.16732978113176256,0.8413797492806881,0.032682593479628416,-0.18943491422503028,0.9557100974500439,0.10615498945228284,-0.2006161383923894,0.4229271392138672,0.059410907261084195,-0.12064895038428754,0.5726593542596486,0.11839988768029627,-0.16830235507382735,0.5278910121541192,0.061811179912589526,-0.1627811015994122,0.45945898830932097,0.02129477799548446,-0.14231796295659047,0.409458953804882,0.2064446947017808,-0.12944861801361393,0.517513816687419,0.19718294953200152,-0.1467023064939385,0.4787405438821149,0.1564282240923378,-0.12478756663531367,0.42407636370216834,0.14158682215429516,-0.09742774061814606,rhiosutoyo:F.aec2b51c-e264-11ed-bf8e-001a7dda7115,rhiosutoyo
G,0.0,0.0,0.0,0.17895143622270882,-0.36789231500780506,-0.0016669420702896856,0.4475112762586061,-0.5247927908914627,-0.018490477982350418,0.7245583933422046,-0.48545708304830143,-0.03476480279122668,0.8787192812542929,-0.36264185695954054,-0.03455169209130239,0.5800271152604582,-0.5290102483376034,-0.06614797882627771,0.8865526597051103,-0.45124742077212704,-0.10198111009543794,0.8012865447165837,-0.3965260360776248,-0.09721659903054783,0.6749789723099369,-0.3856083172239534,-0.08116271562335464,0.5929291503559223,-0.2580553633127997,-0.08200105336743557,0.8708896728786656,-0.1920467923959832,-0.09369523753328991,0.7861404770884441,-0.16204872300454246,-0.07875473718205957,0.6684613501005108,-0.16782364040149272,-0.06714357321362346,0.5913000589764983,0.012275364819398706,-0.09471559922014929,0.8211003843274749,0.047156938273921305,-0.10059156903179053,0.7507767529068151,0.05895182795518698,-0.0735101960573575,0.6480451362536689,0.05078919627108914,-0.056909226305067735,0.5842303302003247,0.255126433787232,-0.10596911657652859,0.7834172261093658,0.26856004948451895,-0.10820789325785368,0.7172545010069932,0.2634076133912005,-0.07757956023743182,0.6211381096209758,0.2620935327387826,-0.051129612677303246,rhiosutoyo:G.b993d996-e264-11ed-99b9-001a7dda7115,rhiosutoyo
G,0.0,0.0,0.0,0.17049881402787204,-0.36030161877856737,0.018351778078627586,0.40807561252335267,-0.5263925434586387,0.004152606185152167,0.6508426349395925,-0.4988892854281942,-0.014923143931042639,0.7744101460934446,-0.36854683205683747,-0.021809975029343447,0.5743200385144557,-0.5530570786794193,-0.053618324824677904,0.875443247097212,-0.47562684048864523,-0.08589662227747215,0.7971041140688737,-0.4090573943779917,-0.07867881050367569,0.6700701882748816,-0.3930652727576711,-0.06080646098362485,0.6027990218852264,-0.2792253589714802,-0.07980266591443065,0.8750806916197278,-0.21595190971892342,-0.0805646837534928,0.7925341607518751,-0.17256262349129314,-0.06140218573573606,0.6769520592968056,-0.172243090149962,-0.05060138773731866,0.6060595150387308,-0.004312655881364691,-0.10135514410230184,0.8426465955573694,0.02518674572845432,-0.09732697470681591,0.7693836569044525,0.04900221307835946,-0.06644870449630785,0.6648820528073338,0.043405576162678546,-0.05105457555775765,0.5979684296074557,0.24241971264719814,-0.11976491789778679,0.8060623252734866,0.2453502301933148,-0.11332197447671832,0.7364144991293554,0.2502363753265065,-0.07521039878015236,0.6386256013440442,0.25142094598796416,-0.04541751728281336,rhiosutoyo:G.bc8fdb9c-e264-11ed-8f26-001a7dda7115,rhiosutoyo
G,0.0,0.0,0.0,0.1881381871699726,-0.3673121669301467,0.029953663905157295,0.4280866536808632,-0.5743615266817202,0.019414363330087888,0.6654795812459049,-0.6261319333460842,-0.0032742146256330078,0.7967862975639328,-0.5958282382091702,-0.01654602831199688,0.5843262386517578,-0.5008095756796586,-0.028687051252732677,0.8670083038789794,-0.49241096103439036,-0.07634164301404057,0.8027856372789803,-0.4499223603248629,-0.08868661548761837,0.692044694380599,-0.4166842205758865,-0.08306569167324872,0.6066457184060873,-0.24126656961616744,-0.0659175669836808,0.8716870052318593,-0.2413933324607036,-0.08177683045142736,0.8093837585760367,-0.22515478159772304,-0.0702519559625237,0.7042738517098506,-0.19906468341319083,-0.0627483590240243,0.6098744832953727,0.01034200429095697,-0.10087532394556796,0.8396155446084139,-0.006493945286637627,-0.11332517826813072,0.7834669797716703,-0.007512196645111684,-0.08740983995063405,0.6876660752524211,0.012022649131607225,-0.07050755595268843,0.6049097588696395,0.2367141701520254,-0.13273403906322312,0.8116488953689482,0.21175940609873883,-0.13003413452329002,0.7553210187266609,0.19027425633935638,-0.0923590575352147,0.6557020173299826,0.20264354423129521,-0.06115975409191539,rhiosutoyo:G.bf8bf8cc-e264-11ed-9c16-001a7dda7115,rhiosutoyo
G,0.0,0.0,0.0,0.16467076703138406,-0.3608752894468537,0.021176080103052098,0.37132188996958526,-0.5708741628694732,-0.0025754015678980204,0.591005352360827,-0.6306662171569778,-0.035275483807813764,0.7273151115320055,-0.5997510551253838,-0.05788411744958452,0.6092606411334676,-0.5021869046251871,-0.06273049528756627,0.8946549076727783,-0.436566877413868,-0.09487864734552756,0.8213258596730334,-0.3812846587778869,-0.09005240844700116,0.7065744531740705,-0.3667996543756707,-0.07534757558495415,0.6262165095279923,-0.22957534096285473,-0.09479802578612509,0.8982274948484767,-0.17192028806780787,-0.09729164981420217,0.8257107600559371,-0.14015537904065814,-0.0780432835798295,0.713033653353945,-0.1425324246009133,-0.06919229828553694,0.6147737023127837,0.03302081262630816,-0.1211637615482429,0.8600361402062593,0.07105822081393433,-0.12037325059823703,0.795299082477657,0.08342915201905747,-0.08875771847143663,0.6880933918654412,0.07232956585078733,-0.07293547971584116,0.5885466543497324,0.2659333758206077,-0.1441731926204013,0.8084074593132845,0.3034991182750179,-0.13250801992884675,0.7468321529332342,0.29109449666037934,-0.08996505319246767,0.6428511492262345,0.2756029912738897,-0.05818061571830932,rhiosutoyo:G.c28808b0-e264-11ed-a40c-001a7dda7115,rhiosutoyo
G,0.0,0.0,0.0,0.19559397518618085,-0.34432579856002316,0.018468657132683437,0.45642214181722673,-0.4689445088311941,-0.00010398828349675426,0.6904433751174415,-0.39165430059219225,-0.023910809456232897,0.8084606389434561,-0.24194551668838093,-0.03365236593573498,0.6033373583625256,-0.5131234196564708,-0.06127612732955811,0.9187304438396569,-0.38233420508772775,-0.09876703489587349,0.839524313447518,-0.30896997481048416,-0.09556565398574882,0.7196343080442765,-0.3066110199485082,-0.0794885135296215,0.6117644795571665,-0.24211953440929915,-0.08875630656151473,0.894111038484438,-0.1252491466794603,-0.09509765075949675,0.8087676528381778,-0.07267809092602996,-0.07570138810727452,0.6983026717388627,-0.08709478980517917,-0.06302322692481607,0.6024001239623941,0.03209957652014839,-0.11138452736917806,0.84544955207392,0.09883256575485758,-0.10647974020904459,0.7700554029231365,0.13424020619548885,-0.07261991425888058,0.6683603967911896,0.1208214104256251,-0.05487722814676325,0.5845691369460227,0.27516433373612253,-0.131471679235964,0.7880755208619945,0.3111980925274522,-0.12160756245075045,0.719986229737945,0.3231897702634827,-0.08179042954960605,0.6271618093152371,0.3187205806567737,-0.050580808072450044,rhiosutoyo:G.c5842fbe-e264-11ed-8485-001a7dda7115,rhiosutoyo
G,0.0,0.0,0.0,0.201196179134948,-0.35416734694797775,0.01356237562061259,0.4584031127514292,-0.4872753676366263,-0.0014480061143092723,0.6935888458236523,-0.43025233474833047,-0.020860114766223774,0.7959832937859914,-0.2951061524964648,-0.02962771164823179,0.6082273319013525,-0.46018916129691834,-0.05492955342880161,0.9019515394330202,-0.4203327716292273,-0.09901404753314917,0.8138969227943668,-0.3920795328550114,-0.10178023592143147,0.6840659461877535,-0.3791592721319895,-0.08944521858115176,0.6182045026324322,-0.18081817726441415,-0.07912395662715162,0.9038846893345529,-0.16587973695428515,-0.09682678508768865,0.8256084865369493,-0.16247939982816706,-0.08049889992877717,0.711647450445932,-0.1519182877314054,-0.06730611242054532,0.6079201621622151,0.08419129287458302,-0.10049923049353301,0.8595544627603676,0.06810070032492165,-0.11405143449692112,0.7924715677717709,0.060615111955384084,-0.08801755687447012,0.6892038649385833,0.06847440579302089,-0.06985609954736648,0.5896037050184313,0.31438408280988056,-0.11901047204672395,0.8115577561442165,0.2753869181149182,-0.12246037882235422,0.7484436217298024,0.2552807986640084,-0.09016771847665465,0.6484576396113567,0.26880136896718515,-0.06182409580385096,rhiosutoyo:G.c880600c-e264-11ed-b0e8-001a7dda7115,rhiosutoyo
G,0.0,0.0,0.0,-0.1711353190807934,-0.33993754843985946,-0.0012061054547964113,-0.48208133251088353,-0.44550758121081563,-0.04481039867319346,-0.7373378410473468,-0.3638305732420669,-0.08445813271650127,-0.89380969773319,-0.26658185043789634,-0.12505243406695493,-0.506195890232848,-0.36888223948421756,-0.18559975373215407,-0.8872845610651381,-0.3796641588563498,-0.2618801904981468,-0.7974511729244889,-0.4063043870467318,-0.28734169520992153,-0.6675925440878532,-0.40374748726804005,-0.2883130772131543,-0.5010785123169955,-0.07836214680527939,-0.21015276202447059,-0.8697870387628135,-0.12678514421715983,-0.24052906076696026,-0.7795899592795972,-0.19665779820761503,-0.21525836795422357,-0.6569812473536248,-0.17836100074546274,-0.2058267096198019,-0.480753761518919,0.1840759645256226,-0.2242151211913911,-0.8229160730104926,0.1135559529576106,-0.23148681322660097,-0.7350943729399998,0.03451294212729281,-0.1684425312870643,-0.6209930456211963,0.04395655543205379,-0.13594906422591424,-0.4529804949151549,0.40505651585702934,-0.23532852667987023,-0.7354024370736412,0.3193336856812082,-0.2330414676602656,-0.6779496147181315,0.23791627135411292,-0.17205088900552173,-0.5888333621451828,0.2521112940949517,-0.1316740237610097,rhiosutoyo:G.cb7c6568-e264-11ed-bd61-001a7dda7115,rhiosutoyo
G,0.0,0.0,0.0,-0.1607815495422124,-0.3331561923685412,0.0018636249396074948,-0.47983059627531616,-0.45417638340700267,-0.04116880777921603,-0.7352433164703207,-0.3521578705998742,-0.08066586600871933,-0.8915201064799394,-0.23385482588708836,-0.12027336513619742,-0.4832120626692451,-0.4019905659523241,-0.17978402345972108,-0.8684293515494184,-0.42173896053944565,-0.2607042587503412,-0.7751364768480784,-0.42181942566399183,-0.2860550577502722,-0.6458076179792267,-0.40783233399437724,-0.2864143345313709,-0.483037614279229,-0.11398689543212834,-0.2093084680047382,-0.8598382511318711,-0.1718963581260263,-0.25086725646060193,-0.7555913371655605,-0.20499456059635662,-0.22828284844256885,-0.6303607280200952,-0.17718291680871076,-0.21665129282891935,-0.4703015943660585,0.1487175743492517,-0.2289025908318236,-0.8166413536704961,0.0763031464441599,-0.2452537880931674,-0.7190051324764021,0.02363711312618967,-0.18089196787587866,-0.6035388052643675,0.03656914608275464,-0.14399736048061584,-0.44984060063595593,0.3732590448608662,-0.24500072527646966,-0.7380204897789078,0.2774997531619365,-0.24601140747333203,-0.6707641982177248,0.21356956798899465,-0.18167547690986605,-0.5791536883403965,0.23318052814339132,-0.13796535276785435,rhiosutoyo:G.ce7871cc-e264-11ed-86a3-001a7dda7115,rhiosutoyo
G,0.0,0.0,0.0,-0.17241723433915382,-0.35585206297019073,-0.0051246904421207344,-0.507701167366818,-0.4507696297905078,-0.04885109646965738,-0.7783158349748213,-0.3540255669099338,-0.08636147402049026,-0.9344466248987022,-0.23189124412489245,-0.1231725076559926,-0.4993841848656693,-0.3633725501870836,-0.18921986813751693,-0.8881949843617306,-0.37392055688315384,-0.2670076532514698,-0.8012101627299391,-0.3908997879366937,-0.28990347061058674,-0.671326839422635,-0.383160288672371,-0.2878633170253831,-0.4872998730721867,-0.0677146601468273,-0.20922690048720702,-0.8701873629148914,-0.12134201449580981,-0.24363262625989748,-0.7803077173385418,-0.18417496052073368,-0.217457848292518,-0.6588656980769569,-0.16662951890927954,-0.20569515005434666,-0.4694168952464583,0.19428429896886357,-0.21900935137667757,-0.8308450693595212,0.12207795939048219,-0.22883961050260454,-0.7429767917775825,0.04611234243327542,-0.16492256490779475,-0.6297306542379794,0.054017389039331856,-0.13037534688497707,-0.4503380472264548,0.4075418048524997,-0.22564440992461363,-0.745382220419097,0.3193546714956263,-0.21962645002796521,-0.6846306940361077,0.24367699096548173,-0.15841931618399202,-0.5937426268119596,0.2587949416924082,-0.11936088277447038,rhiosutoyo:G.d1747520-e264-11ed-baeb-001a7dda7115,rhiosutoyo
G,0.0,0.0,0.0,0.1371433169808462,-0.38519278927165895,0.009343405112651203,0.37931569302690593,-0.6106573079015117,-0.006756244042962925,0.6218230478260593,-0.6381093957740878,-0.028555552653651905,0.7507629908025735,-0.5644909862846754,-0.03850452780366245,0.5482326078607148,-0.5156780484529206,-0.03522267699024344,0.848772136350575,-0.521827847557335,-0.08533204596492355,0.7596039825508893,-0.4750278414108369,-0.10241796995084228,0.6320922333970889,-0.4391394458413014,-0.09919867499923611,0.5717335634348962,-0.23334580608359132,-0.06106306200939325,0.8481314594398963,-0.2536425030567518,-0.07832255273426611,0.7665801936867453,-0.2345502437137623,-0.07207783069184717,0.6529387063277077,-0.21855866832797996,-0.06421244680782402,0.5753927638258329,0.02783885394757652,-0.08645686331906158,0.8159311078329924,-0.01694253920408858,-0.0984966986702085,0.7453373401572279,-0.008823947819587095,-0.07725331934641523,0.6409384694311675,0.008428004244501863,-0.06132823303676778,0.5731538908289657,0.25586520617251723,-0.10961067175834051,0.7804163676240505,0.18731059161082297,-0.1172935026012432,0.7152784052367672,0.18184342370318915,-0.08698396183769437,0.6147249070462202,0.20963070884076562,-0.0576543035776147,rhiosutoyo:G.d4707f9e-e264-11ed-9376-001a7dda7115,rhiosutoyo
G,0.0,0.0,0.0,-0.15191651033632814,-0.3351531581715132,0.030140318491486965,-0.4427883949924436,-0.46524262865275595,0.0008473296285090756,-0.6850675376986853,-0.3922977724115764,-0.03222022122342519,-0.839127938155791,-0.2761252239328024,-0.06937425536302702,-0.48816801829703643,-0.3776367368993719,-0.1474086230816273,-0.8893353890359615,-0.4007207722393612,-0.22023947989437503,-0.8343122806609801,-0.41723470254829653,-0.24594611330887156,-0.7076662910681023,-0.4002856918519515,-0.24455934890472084,-0.4872917724818337,-0.1058571010917665,-0.18412553943190538,-0.8887842582355265,-0.14741705761858065,-0.21930488288835334,-0.8176560038716485,-0.20771198419425374,-0.2022661314290333,-0.6949320401287122,-0.1907920947626005,-0.19411972928510246,-0.4750825735983786,0.1399798343328989,-0.2085854051191066,-0.8451656021533017,0.08310078864099488,-0.21935706754271236,-0.7706027771387629,0.020680879034306758,-0.16499857325477954,-0.6588286262427986,0.03187170294503364,-0.13329548569215424,-0.45129354286540374,0.353832058919697,-0.2270212166535831,-0.75802152150044,0.2762912586061196,-0.22762688191191807,-0.7048586968997976,0.2151474688969688,-0.1698980222989765,-0.6099440196773948,0.23398197282066976,-0.12848302012700863,rhiosutoyo:G.d76e8f19-e264-11ed-8866-001a7dda7115,rhiosutoyo
G,0.0,0.0,0.0,0.21064546340890528,-0.35752552312074504,0.028939058382160706,0.4737177985437799,-0.4623112719933229,0.0263679486517139,0.6974221439541464,-0.37218620050137824,0.014984248706963296,0.7857266169974377,-0.20109701949828773,0.01716457689083453,0.6719490208670865,-0.5179543744955941,0.00907923548992958,0.907674023355598,-0.4196294182503538,-0.006246492162071154,0.8348901847767783,-0.32035951169707416,-0.005301289019620834,0.7399231146815083,-0.27974408295890896,-0.0004960711191436341,0.7010833905351108,-0.26390919149623787,-0.01886705591687679,0.8895159837647674,-0.18556592432929905,-0.0011222693821878306,0.8185235408344911,-0.1225488968678902,0.013414456886190914,0.7330953256706979,-0.10068384511383309,0.015378438835967762,0.7053199758645124,-0.01096325419654736,-0.04431551530510305,0.8554114718630839,0.02672186968878168,-0.025916877807791835,0.792139028866384,0.05995945070361538,-0.0027605941195621066,0.7094009582142232,0.06666214712290951,0.0036253874020276303,0.6962257008750098,0.21184495752685933,-0.0687182617852366,0.8065673914342012,0.199122125658008,-0.04121763146418188,0.7457545215870706,0.21382072309251549,-0.005246809163124673,0.6727287792162943,0.22692842171505628,0.020484720056147557,rhiosutoyo:G.da6aaef6-e264-11ed-b8fb-001a7dda7115,rhiosutoyo
G,0.0,0.0,0.0,0.251991513165954,-0.3528428214183814,0.08661705733993416,0.5128003906724727,-0.42027934686015267,0.09754940995521132,0.7126487832269277,-0.3068220193522245,0.0846885616381189,0.7894596160961882,-0.14214890850859868,0.0738190608500183,0.7023687673813817,-0.4672364982261713,0.029609221498450015,0.9284948702919648,-0.37072583136237125,0.02143907185925404,0.8555474921373406,-0.302275903815023,0.027890602107742954,0.7550818985146925,-0.2688448993610584,0.03725234726653723,0.7388611564086188,-0.219123760215756,-0.024568314260147564,0.8994504685493349,-0.14832529919830234,0.017898353215632285,0.8157066855705114,-0.11798812260422718,0.05224806311610312,0.7296378003841391,-0.09082633268778695,0.059855183031812045,0.7325649057989136,0.043588006171087997,-0.0699381067179291,0.8667287103889132,0.08548355422365794,-0.029044908720335653,0.786613618897956,0.08241000341790405,0.008855881891265292,0.6958400065509216,0.07558474699586122,0.01588759111137,0.7066463246015872,0.2838035074974917,-0.11013712715986629,0.8231452102298553,0.3099753265709117,-0.06139613715948727,0.7525238354851859,0.29458143767236744,-0.007900635606156933,0.6721532531121202,0.28697348696069047,0.025635219875394813,rhiosutoyo:G.dd66f8d1-e264-11ed-b90e-001a7dda7115,rhiosutoyo
G,0.0,0.0,0.0,0.21630330971717748,-0.3708254922418881,0.06830882202773268,0.46585359566696316,-0.4716396996229845,0.0761296261424306,0.6659700835848098,-0.3917630145567922,0.06817244638051609,0.7585829796651733,-0.24012551622388706,0.06379780766455626,0.6873832484840117,-0.5154670808974147,-0.0010592263003117068,0.8761741579779699,-0.4819937340274648,0.0009408771740445877,0.8089165349190756,-0.39914912731721497,0.020139443973086542,0.7208385385521503,-0.3434786861035726,0.03506367280765527,0.7352888245089942,-0.2537531166738161,-0.0465022384545099,0.8781344219989968,-0.21091489581080503,0.000908558664247798,0.7980952257165028,-0.1764673624626454,0.04004176584893497,0.7169400310001103,-0.1478948958501628,0.04952338284608484,0.734222592382527,0.005779497809017207,-0.08095706953068817,0.8564433585158211,0.028990415512944193,-0.035825459361862017,0.7761575327451727,0.03183546282272482,0.007857994785592544,0.6925232712630286,0.04089601364379553,0.01749275654920975,0.7048318443611322,0.230398184965199,-0.11088809027457106,0.8218333139513597,0.23515989572577922,-0.057121406440159235,0.7532932175540626,0.2170674207206557,0.002136319041588578,0.6772991852871003,0.21270207878032357,0.038077861565652696,rhiosutoyo:G.e0631711-e264-11ed-8ebe-001a7dda7115,rhiosutoyo
G,0.0,0.0,0.0,-0.18825677211619138,-0.3489911969535295,0.0046796510731793636,-0.5203165542565727,-0.4624022563280036,-0.03445039537577849,-0.7805825192241401,-0.3696534958150065,-0.0733701161819685,-0.9338074380566854,-0.223380548627595,-0.11077747854863158,-0.5163685182354255,-0.35258375208665826,-0.15277367508935974,-0.8982653442479508,-0.37140403380447423,-0.23490086206073243,-0.8016453724403864,-0.354880500559902,-0.2638252328450709,-0.6664278586666718,-0.3388783096795193,-0.2667450997924639,-0.5051851916352834,-0.07184177711773088,-0.18466313893812944,-0.8842936797391666,-0.11772923071125342,-0.2336882359303127,-0.7632434448791983,-0.12992082633856095,-0.2151616394886185,-0.6269572680736079,-0.1164578480973909,-0.20222502719383126,-0.48603118863408723,0.18656995868316423,-0.20816000099080614,-0.8476431783145743,0.13363550170180227,-0.2339098008841737,-0.7347221541180244,0.10009107282092679,-0.16951737168060643,-0.6070796471997993,0.10281191154783409,-0.12824910191379169,-0.4596407848699861,0.4133618804297574,-0.2282888842380712,-0.7544889786376036,0.3400351213138581,-0.2341963671059719,-0.6790610854534226,0.2957090303715198,-0.17077543208754756,-0.5770309654150907,0.30875324724179487,-0.12609055746005823,rhiosutoyo:G.e35f2896-e264-11ed-a13e-001a7dda7115,rhiosutoyo
G,0.0,0.0,0.0,-0.18558661099879892,-0.34586770908087355,0.015051074026995922,-0.5039443520655351,-0.45466639850937535,-0.022880011910505264,-0.7565028288846826,-0.3724995706420153,-0.061789507246062934,-0.9206468781724313,-0.23855808021227531,-0.10230244194196346,-0.5245067902337285,-0.33796295803514803,-0.15378260238079489,-0.9021297691236962,-0.3654724778070939,-0.22932890708842177,-0.8168707424988121,-0.3549535783009958,-0.25547285702420075,-0.6828945132992369,-0.33044548824281106,-0.25560298733539794,-0.5157528443563542,-0.05433053953786765,-0.186164514773497,-0.8937962744218757,-0.11618706546970928,-0.21898669905115478,-0.7870774287615715,-0.14252353542670398,-0.19573258053104137,-0.6555674280991998,-0.123470552838124,-0.18387831150642342,-0.4955519135155426,0.2057359939875969,-0.2077769742826646,-0.8573286344543628,0.13393476679686864,-0.22032356737950215,-0.7558533259493122,0.09119128790725753,-0.15507334378613127,-0.6342606837721504,0.10274114445362605,-0.11763885941928982,-0.4671087052588649,0.4305186951730939,-0.2244386268027141,-0.7676290965601574,0.3437358692184709,-0.22260499406572337,-0.6991408274062285,0.2935372262011305,-0.15593371665742867,-0.6003578856239538,0.3118506091738643,-0.11028860497570596,rhiosutoyo:G.e65b32fe-e264-11ed-922f-001a7dda7115,rhiosutoyo
G,0.0,0.0,0.0,-0.18482706633052007,-0.3447340119800778,0.010705360071035463,-0.49424257343706995,-0.435491547951981,-0.02302188855653124,-0.7262827533125849,-0.3419158203219166,-0.059163155531306,-0.8794056057662017,-0.20252457576327132,-0.09663168146544851,-0.5470416506736178,-0.32884386918434405,-0.1381187330386067,-0.9171999795823516,-0.33558196552961805,-0.2147764928138369,-0.8257383379733183,-0.3459918489348503,-0.24704998682358686,-0.6903437332324656,-0.3325275977343793,-0.2500980245233913,-0.536383649641231,-0.032354803947392,-0.16720865896464643,-0.909397984926703,-0.08606851086835247,-0.20598913173047265,-0.8080496740887723,-0.13461730219232515,-0.19471953014554505,-0.673964431620987,-0.11337117995837234,-0.1873099184798094,-0.5126461787552974,0.22997496550831723,-0.1872692289580657,-0.8745874356588559,0.1588810831964653,-0.20490310572841614,-0.7758717811054833,0.10230893737301018,-0.15061682923637004,-0.6490036214182809,0.11866568283656563,-0.11740316402176505,-0.478309087455131,0.4435936278304892,-0.20317203194466804,-0.7728600930803344,0.35945123508380844,-0.20837975170226736,-0.7022562541390479,0.2938137291823041,-0.1502453162117537,-0.5968042723500423,0.3070073066076974,-0.10759341650932965,rhiosutoyo:G.e9575530-e264-11ed-a905-001a7dda7115,rhiosutoyo
G,0.0,0.0,0.0,0.1315549629327064,-0.3764876289290978,-0.017441682114045735,0.4043719442532949,-0.5768996840731182,-0.04952329373485447,0.6917729199176617,-0.5540749610521728,-0.0810353394061103,0.866904166277256,-0.38922561845781756,-0.0956840911073982,0.4184624498663776,-0.6046328699222502,-0.09790337065927861,0.7578619320810815,-0.6301848773045691,-0.16885589216534763,0.670435385105332,-0.5744922749810542,-0.1791271768829235,0.5517904026070175,-0.5337100324934826,-0.16772185610528073,0.4464561718044255,-0.33016829917104445,-0.11777434689992637,0.7825563028717735,-0.3529703064119954,-0.1666209085920935,0.6805670865701997,-0.30715304175055386,-0.15398201085875768,0.5607584998313536,-0.27980926927275507,-0.13647205600128215,0.47495960803030784,-0.05534862051217046,-0.13799411467064185,0.7888457924061528,-0.08632367267765208,-0.17734423443413788,0.6918243781131593,-0.05987369660453256,-0.1343384531859369,0.5775259905786791,-0.03686863810567211,-0.09683956083870346,0.5055280940926237,0.19687859238651761,-0.15806263706945559,0.782085298127399,0.13687833643630173,-0.17883960785684594,0.7012398371271819,0.1487911404876724,-0.13877759177388127,0.5930807368267097,0.18165901979024185,-0.10352914798404994,rhiosutoyo:G.ec5370aa-e264-11ed-8ec0-001a7dda7115,rhiosutoyo
G,0.0,0.0,0.0,0.16008671929883858,-0.3633141112341334,-0.0005389344885485222,0.4282280486973615,-0.5162120192506686,-0.025113507131766088,0.716946879799348,-0.4694870414870607,-0.04873378329745888,0.8794113519166212,-0.3211205913423056,-0.055357442844190946,0.5161459067953965,-0.5666751054227908,-0.08161817665648764,0.8491391932303297,-0.5124197353579732,-0.12801814455697047,0.7603648574565292,-0.4622807838623939,-0.1227535959702192,0.6365128139038411,-0.4500541116654965,-0.10500834869420474,0.5336142866439771,-0.2940447862227146,-0.10125044098267945,0.8403668968214033,-0.25197384984170396,-0.12062362138584502,0.7490711054618058,-0.21164341566858783,-0.10196714705704275,0.6361680190850258,-0.20722122699371584,-0.0877884070564515,0.5392494552273844,-0.01553918167459689,-0.11738393173599579,0.8093390360422091,-0.009775920209099792,-0.12906638852552418,0.7243179594479225,0.017252596140400693,-0.09155518141236876,0.6216512848957839,0.020291014397284292,-0.06751722065682045,0.5434521872798946,0.2390970718346302,-0.13144419873324287,0.7770518248129346,0.20875696423597567,-0.13409911309919217,0.6996933654304018,0.22327002551103572,-0.09638803345687082,0.6017018515174059,0.24043171702543717,-0.06647772855409054,rhiosutoyo:G.ef4f757b-e264-11ed-b802-001a7dda7115,rhiosutoyo
G,0.0,0.0,0.0,0.13687205860021212,-0.3637957549929917,-0.009675928413300186,0.40371540230283476,-0.5372957061549684,-0.03382689147058092,0.6761373234651773,-0.5174438513352411,-0.058045707107480596,0.8358145616867994,-0.39457869442864485,-0.065293730868083,0.527730725654002,-0.5671198733273123,-0.06315723702734154,0.8438211432130444,-0.5240741961134009,-0.11537814019442166,0.7579653162129862,-0.4713376685781405,-0.12197672198235306,0.633771208179558,-0.45692411054174936,-0.10971105699896973,0.5495154365348488,-0.3051534785328661,-0.08091187603279078,0.8460386136801814,-0.27098308725850356,-0.10404601440324449,0.7532660261389458,-0.22919926062317028,-0.09274409652457309,0.6380890609088249,-0.21937330852681278,-0.08045725855988767,0.55859067310141,-0.03919572696542328,-0.09902516803158251,0.8186336689589871,-0.03235597443600041,-0.11422240080163146,0.734298187267023,-0.006248457094136311,-0.0843276499883965,0.6295857551897992,0.0007178407645443806,-0.06257074755623887,0.5653966501870807,0.20535785038744628,-0.11677655615057062,0.7867257820767644,0.18385955526961714,-0.12357254133413141,0.709646166381249,0.1937773765729803,-0.09188625654567631,0.6119576755867093,0.2111649750165553,-0.06392840077370952,rhiosutoyo:G.f24b7f1b-e264-11ed-8cd7-001a7dda7115,rhiosutoyo
H,0.0,0.0,0.0,-0.15009104383827152,-0.1024335795655646,-0.03031648071331835,-0.23347615604457914,-0.23061589398346297,-0.07396327767004046,-0.28877316618591586,-0.33266468823016526,-0.12288466760344073,-0.3151435905113637,-0.42175168613663155,-0.1722319286208089,-0.11005669419368212,-0.5095854954010415,-0.06717873875873928,-0.1573585569926157,-0.7135320145786913,-0.1256419201945356,-0.17978965271584207,-0.8452539124938108,-0.1712666085683619,-0.18959321748417943,-0.9591302570006099,-0.21005609248469917,-0.059138977512462984,-0.4986837351847338,-0.08616723668842134,-0.2721543152409157,-0.478747490353022,-0.15169508516201374,-0.29352498284511047,-0.33107723420276197,-0.1624051118078287,-0.24503565636616964,-0.2633224008443646,-0.1657245442719547,-0.04283820595469322,-0.43565962763950034,-0.1087684003492448,-0.25922366468493435,-0.3928327028350096,-0.15436746089271983,-0.25802075073399766,-0.27267251242304197,-0.12269999241564944,-0.2044230251525061,-0.2331414001744408,-0.10224036199237725,-0.050028712996785796,-0.35281429394614106,-0.1384691321063032,-0.2215193630419453,-0.3180538820212038,-0.1733019211932731,-0.22251014232059654,-0.2297340023285051,-0.15388068539254338,-0.17405931889778153,-0.1969291532669255,-0.1346336943139626,rhiosutoyo:H.0019bc03-e265-11ed-aab2-001a7dda7115,rhiosutoyo
H,0.0,0.0,0.0,-0.1628279376581979,-0.09656621810240666,-0.04394289660389564,-0.24930093810224677,-0.21316814172084028,-0.09950249713566452,-0.29821595285633706,-0.3084362378662958,-0.15904917597161855,-0.31757159958558356,-0.402423958891616,-0.21796531709002348,-0.1172178571681864,-0.5050328566175482,-0.08475420284086049,-0.15187577309795663,-0.7091531876807252,-0.14732463949509347,-0.16501008871306544,-0.8424479043203211,-0.19490846401963258,-0.17186202409539028,-0.9563611821611651,-0.23629797698908603,-0.06478754897762759,-0.49494342495104443,-0.10083560993920408,-0.2811858516234296,-0.4689516443751529,-0.17123916761072935,-0.29649096031784383,-0.31823154529063946,-0.17888462322321017,-0.2420914631142068,-0.2593906063932414,-0.1805718741554085,-0.05047342365100615,-0.43792449463339916,-0.12210409947463877,-0.26523239182401237,-0.3850299291917397,-0.1648638974762455,-0.25690581261454215,-0.2714679204076027,-0.12486174347486516,-0.19865051933206462,-0.2435481234800455,-0.1022724603984472,-0.06172562806567941,-0.3622903156184614,-0.15298982911051684,-0.2331496602284564,-0.30783024254515984,-0.1870128963202948,-0.22293860357364187,-0.2211901852105518,-0.16696112991694959,-0.16567713315284766,-0.20075671392536068,-0.14882658387287376,rhiosutoyo:H.0315ca55-e265-11ed-aa0a-001a7dda7115,rhiosutoyo
H,0.0,0.0,0.0,-0.16932613835924049,-0.1523882116590526,-0.005998053538784962,-0.2435002654418939,-0.29570530231124437,-0.03962567371763413,-0.3022748175664208,-0.39201801583651297,-0.08391742352638676,-0.3402949033337799,-0.4637339519911303,-0.13053157523355946,-0.10912761966728757,-0.5379409871136268,-0.04116055004359,-0.16016481760461704,-0.7353402605946509,-0.08647925123878551,-0.17717748123866534,-0.8611740629947977,-0.11892679535036284,-0.18568599370893213,-0.9714027143084007,-0.14797796584153336,-0.07586908937577508,-0.50135081514981,-0.07150969242704948,-0.2975719414869208,-0.503826451303787,-0.13540418295380122,-0.30773338911508796,-0.38540548224009596,-0.14626123418621131,-0.25984346853046014,-0.3241889949662507,-0.15031107896000023,-0.07203550097526207,-0.42415410443169155,-0.10311056694199433,-0.28298793084153134,-0.40479644559701916,-0.14857348241797047,-0.2671988119177926,-0.3091650870894651,-0.12065078758977676,-0.21536904564737538,-0.27321761310860737,-0.10171888891064923,-0.09028836158074535,-0.33158973558927024,-0.1389801445198049,-0.25001328195396627,-0.3214276932374915,-0.16441969480842492,-0.24077484537103586,-0.24969451009813706,-0.1433911475968263,-0.19350898809620304,-0.222845117927867,-0.12532836313563234,rhiosutoyo:H.0611e31e-e265-11ed-b3c2-001a7dda7115,rhiosutoyo
H,0.0,0.0,0.0,0.11100139802734096,-0.14401294904492468,0.0012616546488574802,0.17493942771929277,-0.30751514328460794,-0.029471222434044975,0.22109607474826737,-0.4237017799413942,-0.07309780742037758,0.2544113698850812,-0.5035924980339429,-0.11217426549191481,0.023901805184267037,-0.49897339633959725,-0.04574842458578714,0.06771120186612195,-0.7143168066515266,-0.1195631795210325,0.08620618987852093,-0.85969166355778,-0.16659825980571366,0.08894160544731583,-0.9777699343828408,-0.1898824537376459,0.024763845601855697,-0.4705870691573762,-0.07951587205850225,0.21876708341821596,-0.5842243174074985,-0.14068120959276936,0.33678037362371016,-0.6012479508621418,-0.1599582205656048,0.4156805937432957,-0.6141557870576277,-0.16645586632407672,0.048597877611004564,-0.4108021066005976,-0.11592170050746738,0.25072530396292503,-0.4314590696398646,-0.1759309267562376,0.2622066813014467,-0.3313751675415834,-0.16377400606343284,0.23584474208218484,-0.2596047713692158,-0.139702110079726,0.09880877827101815,-0.337826185677792,-0.15375231630779013,0.2487540819614293,-0.36055758786798187,-0.17686012276454358,0.2566391847793777,-0.2902120394628371,-0.14847184884888506,0.2340734026145955,-0.23183259159638567,-0.11938755731348084,rhiosutoyo:H.090de663-e265-11ed-9748-001a7dda7115,rhiosutoyo
H,0.0,0.0,0.0,-0.15552010757203366,-0.1837940000611314,-0.006434250755487776,-0.23631941331625608,-0.3468184951792525,-0.03535396124070995,-0.28682399149734444,-0.4557502049598383,-0.0745460251675093,-0.319286142171058,-0.5325859341825503,-0.11691498606892209,-0.11467584098608265,-0.5642079534217238,-0.0323989305339741,-0.1628113125165454,-0.7528859548859345,-0.06824072101089573,-0.17028530254345886,-0.8695330349937169,-0.09640521617821275,-0.17124642410365862,-0.9773832330394794,-0.12408335103874538,-0.08713368877762807,-0.5313710333339832,-0.0616629078444994,-0.30688315441334063,-0.5464672012937833,-0.12054840203575252,-0.3463596326282999,-0.44036886027410277,-0.13749513146609088,-0.33185081673306616,-0.3774037990276488,-0.14618982186825596,-0.09239285956209198,-0.45941610577548997,-0.09121938315845016,-0.3025415087471032,-0.44122019079465424,-0.133650282754874,-0.28652771567723706,-0.3450118426251858,-0.11679094619216099,-0.23111963768438878,-0.30720452818513444,-0.10584920167832358,-0.11845213279241895,-0.3744346413488544,-0.12424933749212985,-0.2825431408694551,-0.36973342502817685,-0.15082600599639134,-0.27120266639707713,-0.29965674418075244,-0.13573761240210352,-0.2161810568634644,-0.27226018009044717,-0.12142431804981359,rhiosutoyo:H.0c0a22ec-e265-11ed-9ba0-001a7dda7115,rhiosutoyo
H,0.0,0.0,0.0,-0.1741487685183489,-0.15124709489209928,-0.016127698097549565,-0.2565559880783113,-0.29185934033132005,-0.055933862859664535,-0.32025317060692027,-0.4069926698800977,-0.10497884237388432,-0.3545171359123531,-0.5040552882798799,-0.15471318890283264,-0.10965124946430659,-0.5349914144350914,-0.04096902169018428,-0.1556261127147556,-0.73703125696005,-0.09265741447460345,-0.1693205931760615,-0.8654656521498362,-0.12677079409371125,-0.17630815493253713,-0.9718949735926554,-0.15599870130746654,-0.07165209451352159,-0.5055217500623508,-0.0695856988160114,-0.3064971587813499,-0.5352122412824517,-0.14376853867865724,-0.3250088804400739,-0.38977632279588975,-0.15332993917874202,-0.2793367429260063,-0.31482726201177774,-0.1516189331023192,-0.06462787121248417,-0.4400257935052431,-0.10218577804555189,-0.28819790256508626,-0.4289681571174183,-0.15625476933253069,-0.2683110513927996,-0.31204677329001373,-0.12626939119314218,-0.20831732804992212,-0.2781217664755293,-0.10342720547883774,-0.07931864522688106,-0.3557318979678327,-0.1399554834501733,-0.2548762032733903,-0.3402600829777718,-0.17063602396906485,-0.24248481560650817,-0.2549139367929392,-0.15019045943345666,-0.18531274482490262,-0.2353533948067521,-0.13146942125879718,rhiosutoyo:H.0f0643d4-e265-11ed-af78-001a7dda7115,rhiosutoyo
H,0.0,0.0,0.0,-0.15744725212982405,-0.15802641818187207,-0.008673166544532823,-0.2412569509257174,-0.30393895852298947,-0.04263560281693432,-0.3048612154601317,-0.4155122650819749,-0.08704858011905704,-0.33650753434899017,-0.5017026867905809,-0.1328476982932272,-0.10558796266130761,-0.5510113093714506,-0.024883042883108025,-0.17665939965532484,-0.7529497810942407,-0.061783014546828115,-0.19698729908721094,-0.8677540956644726,-0.08823178207314346,-0.2013054209957629,-0.9727952984419014,-0.1146535424967349,-0.07472334837555493,-0.5403769991971674,-0.0538661240753968,-0.3044599065171055,-0.563976225942557,-0.11843658581458537,-0.328690865133841,-0.4220249628442209,-0.1328348865523231,-0.284060035246611,-0.34188262488213206,-0.13663181318131876,-0.08008883010301873,-0.49070719856757417,-0.08475201079675913,-0.30421855592742647,-0.4887373934035657,-0.135356679920947,-0.3022444173804651,-0.360296299496579,-0.11559093094772065,-0.2416426220085223,-0.3107531090123912,-0.09994771287530965,-0.10595159001343926,-0.42516723070891094,-0.11910017040573416,-0.2881524444257051,-0.4180597290343957,-0.15242039976610233,-0.28190125690426676,-0.3194539767578792,-0.1378871165044823,-0.2193777003967059,-0.28229446430525057,-0.1221773550976511,rhiosutoyo:H.12025c2e-e265-11ed-a50e-001a7dda7115,rhiosutoyo
H,0.0,0.0,0.0,-0.1646015023967042,-0.16781472023869543,-0.005569870174397975,-0.23718785921669439,-0.31661843392119626,-0.03770624661204973,-0.2885833744209496,-0.42055293549017675,-0.08048219249786245,-0.3202292049580846,-0.50454227631656,-0.12545042692480782,-0.10216201480180123,-0.5403921200978589,-0.04361520237284378,-0.13014085896008065,-0.7440992714981315,-0.08989456249871382,-0.13379357856654303,-0.8712260086190216,-0.12138475612376648,-0.1355089982441495,-0.9795176250642661,-0.1489380192675032,-0.06575108228533688,-0.5045354623357156,-0.07460792216202156,-0.28270077958311995,-0.5354866927005129,-0.1385691633227158,-0.31344290591075125,-0.42144727047601926,-0.14748033309191796,-0.2846644836877484,-0.3543670360521993,-0.14934937343532173,-0.06352078118016682,-0.43084992523074467,-0.10695794834061317,-0.2779145968505529,-0.4237580617299151,-0.15164243769217678,-0.2624176879780151,-0.32056032183974775,-0.1237820263767398,-0.20754001562531177,-0.277746376698454,-0.10496901786744807,-0.08194961824795824,-0.3429287045201753,-0.14337887558288656,-0.2476511526772487,-0.3451719947763302,-0.16928384740718036,-0.23911195705766408,-0.26984130717121196,-0.1487408929310404,-0.18866273344319076,-0.24103946188905603,-0.1307278018546587,rhiosutoyo:H.14fe97c7-e265-11ed-bde8-001a7dda7115,rhiosutoyo
H,0.0,0.0,0.0,-0.16409475246407487,-0.16953063572498983,-0.0003628671453714396,-0.2322760618656245,-0.31791350498147736,-0.030735376506934163,-0.2824870265328456,-0.4226531195278187,-0.07176683552071686,-0.3237188760094109,-0.5050796101109686,-0.1165057023125631,-0.09801290370591827,-0.5321839606923845,-0.0482671742257814,-0.13234368218970866,-0.737766045685044,-0.09536458792183351,-0.1400053614897654,-0.8661801346148625,-0.1294237398965708,-0.14654516516935473,-0.976346979312821,-0.15896883516028065,-0.06556179688935528,-0.49271518223525795,-0.07988018008515528,-0.28920897816315483,-0.5250479577821727,-0.14028804311163137,-0.32510488779119545,-0.42147608033557743,-0.15008257864877755,-0.3035631885219081,-0.35912328902933316,-0.1552582331680427,-0.06838011458766793,-0.41543296512968525,-0.11151472407439086,-0.28506478779267774,-0.41147070638219563,-0.15227585792563594,-0.2684930018486157,-0.31599273104508513,-0.12548164018964855,-0.21489694082407218,-0.2745028025837111,-0.10927193954801041,-0.09124465794086546,-0.3262808453447745,-0.14640742736369425,-0.256193472292639,-0.3348943666675957,-0.17106850493244335,-0.247498179086953,-0.26585228921864157,-0.15089506505039665,-0.19802445933190949,-0.23729335096425555,-0.13393824278354644,rhiosutoyo:H.17faa4ec-e265-11ed-a25d-001a7dda7115,rhiosutoyo
H,0.0,0.0,0.0,0.006240673399655438,-0.17624544437244782,0.005351404997513995,0.0437573824654689,-0.3644950818911059,-0.03243648528232162,0.10139503948593002,-0.48304227475387507,-0.08065209052227969,0.15159522604571365,-0.5572416801741312,-0.1257282765497194,0.014751627781858716,-0.48885062547861485,-0.0886139911944118,0.06329932883403219,-0.7063720968032776,-0.16883263321107225,0.0763259142383505,-0.8503289514711109,-0.21753010159279937,0.07599521590051742,-0.9666735011114367,-0.24447304434066147,0.02432086156430811,-0.44126785253794826,-0.12765690299527674,0.22929178315824728,-0.5624789669672782,-0.19267328065338246,0.34830293751594793,-0.5748936821880399,-0.20644807384199687,0.4283554128411782,-0.5872330455901067,-0.21210456102560954,0.058617454259395935,-0.35958826983989084,-0.1649219408995775,0.25926302494311726,-0.40106262635644513,-0.21411484189932603,0.2512122309255256,-0.31188989781831844,-0.1802823364718641,0.20948878857506592,-0.2561152418464207,-0.14902596327026538,0.11255851204373434,-0.26954687122571175,-0.2043935629040798,0.2667946292781881,-0.3056873475198128,-0.22034838817963162,0.25431149371166784,-0.2419978438382358,-0.1793907617906854,0.21889602712711634,-0.20323414043158725,-0.14531705228483435,rhiosutoyo:H.1af6dc63-e265-11ed-afd5-001a7dda7115,rhiosutoyo
H,0.0,0.0,0.0,-0.16170305128184115,-0.16667210380631206,-0.014578878377490093,-0.22624713287295195,-0.3039432053285017,-0.055381321142990284,-0.27598123190424534,-0.40670095080253704,-0.1049855591233409,-0.3094043317023048,-0.48094521362881487,-0.15653215219632374,-0.09509933342696411,-0.5325054007204679,-0.05274011042666901,-0.1422035083098263,-0.7344115600660087,-0.10300697420475576,-0.15736572750428973,-0.861071441810937,-0.13917652156693905,-0.1631594002660816,-0.9716817670421357,-0.17091972882814135,-0.055520661426236836,-0.4990197661575619,-0.08061122726428102,-0.27634130817413455,-0.524266308714107,-0.14883061076059648,-0.3013960531428703,-0.3969998579818767,-0.1596874002749585,-0.26737057765077854,-0.3253275424666505,-0.16208803788216472,-0.04856982203913523,-0.42776750923768997,-0.11071824681562496,-0.26430072234323715,-0.4171648583640665,-0.15694162500513603,-0.2496473501711842,-0.3092814499777958,-0.12920501830448308,-0.19704412695799392,-0.26458313152908947,-0.11013000069674014,-0.06530653169778251,-0.34254356377772244,-0.14595404576210982,-0.23177936291523946,-0.3372040429087377,-0.1718731788853157,-0.22577237914799425,-0.25868590265524843,-0.1523478038593819,-0.1780550718622777,-0.226487791443207,-0.13549174487001248,rhiosutoyo:H.1df2eb2a-e265-11ed-9bcd-001a7dda7115,rhiosutoyo
H,0.0,0.0,0.0,-0.16214777384701207,-0.1899529182573506,-0.014442631337479767,-0.23403052418268272,-0.35719433452035265,-0.04693945630430917,-0.28200929484522164,-0.46930945874639096,-0.08769922720068458,-0.3130444115658587,-0.5443515592935693,-0.13002745900204335,-0.09733608469347534,-0.5671118376174827,-0.04024098848763345,-0.15287217322902283,-0.7569351878642517,-0.07644709647796119,-0.1680490505847743,-0.870284974702751,-0.10552330919268733,-0.17170350879020504,-0.9757812075045136,-0.1355320631812471,-0.06545425608973512,-0.5435180302022404,-0.06556371904407425,-0.28652072867877987,-0.5442534416576492,-0.12071887786391877,-0.30040390334748124,-0.41776135304816386,-0.13281879745675187,-0.25597205697461417,-0.3522579439776703,-0.14046341601421572,-0.06938818948078089,-0.4771831636219826,-0.09240600764467317,-0.2815968617882831,-0.4486085208232189,-0.12993241342742065,-0.2651129106281105,-0.343941673949656,-0.10878390795316151,-0.20494052838834256,-0.3059562127544182,-0.09858803076582863,-0.09782215305875319,-0.3981189933044675,-0.12462259676703186,-0.259730941723457,-0.36478008955847435,-0.15039500176717363,-0.24656745332283364,-0.2848923714062595,-0.13801345301471238,-0.1880045016331101,-0.257550507963989,-0.12783493709333227,rhiosutoyo:H.20ef0482-e265-11ed-ac2b-001a7dda7115,rhiosutoyo
H,0.0,0.0,0.0,0.10343633010983555,-0.13578911178686914,0.03527458059141675,0.18079731494940374,-0.3154517225083959,0.023121314936393147,0.23560890975628077,-0.445644178876187,-0.007626984094752208,0.2741938393886567,-0.540258401746729,-0.03533103380165643,0.03891327090519898,-0.5110546216599844,-0.006003701320672023,0.08743621106504881,-0.7242304786899839,-0.05448107955203145,0.09533624127844864,-0.866481712357545,-0.08491658736242844,0.08695756614724794,-0.9909973236629112,-0.1017972798393657,0.026004088670091276,-0.5064206574514486,-0.052453837067466404,0.23146252350871657,-0.6190939619450432,-0.09075725898329391,0.3529513912681192,-0.6172830471236584,-0.0979281879762149,0.4284851532888863,-0.6252133042622059,-0.10068929683655481,0.03238685188819649,-0.46455086087451203,-0.09835303338183837,0.2509918178415248,-0.5256593162634219,-0.13576828618200534,0.265733624270374,-0.4152149099135277,-0.11498941751531477,0.23671349093160513,-0.3392682543276004,-0.09292820271101655,0.07307707127621225,-0.398547305573214,-0.14302320266002816,0.2430794267893189,-0.45437051558288244,-0.15489185415870887,0.25322736383130573,-0.3699258352540891,-0.12190781275365761,0.22876027794956075,-0.2992018937452079,-0.09358024994211037,rhiosutoyo:H.23eb4151-e265-11ed-989c-001a7dda7115,rhiosutoyo
H,0.0,0.0,0.0,0.11694157716401514,-0.16551088018594826,0.021382531258536334,0.16068288219576246,-0.3447163155433918,-0.0010863762385397925,0.18680767225764286,-0.4779983404424163,-0.042217065363763795,0.20863111942234638,-0.5791298230794997,-0.07806570569932007,0.033386582839585295,-0.5399591707363977,-0.014799920045510274,0.06365783003812117,-0.737351500928999,-0.07764471880599273,0.07046823524127278,-0.8745263357782072,-0.1188963018578136,0.06446641202106794,-0.987857682490518,-0.14135515860976855,0.01955889552561934,-0.5116909966879758,-0.05883972890395071,0.2282100282765724,-0.6126799931268266,-0.11274736299753484,0.3481418577778451,-0.5890168424835703,-0.1276412155261855,0.4273200241504619,-0.5705712971297889,-0.1321004217103545,0.038568077123095956,-0.4502298470006204,-0.10443056733040754,0.2574514591965853,-0.455865991901392,-0.14963684257776078,0.2703437409343685,-0.351142551851767,-0.12746828785869324,0.24693924080973575,-0.2862667367389838,-0.10313046234760384,0.09086399245330488,-0.37081260836562574,-0.15176562444818564,0.26111977180848506,-0.3668771613240626,-0.15770196927805769,0.25892896493459294,-0.2865682418851673,-0.11976607948753941,0.23263493172427763,-0.23712248559196902,-0.08897521992983855,rhiosutoyo:H.26e74fab-e265-11ed-825a-001a7dda7115,rhiosutoyo
H,0.0,0.0,0.0,0.05478742434743679,-0.17420871393909254,0.03427549823636387,0.11026666975594465,-0.3513268025610346,0.01382314792390813,0.17938727068111385,-0.47117728159745603,-0.023684184940628097,0.2350943546285533,-0.5535769410916653,-0.057240059765511477,0.05924520320915336,-0.5232367042073209,-0.031488721138502734,0.10671575562061587,-0.7318097550183702,-0.09603738893892264,0.11673459060399849,-0.8665209185798041,-0.13888992493494892,0.1159217794222534,-0.9801867597594344,-0.16061150969927213,0.05866898495355003,-0.485719665582365,-0.07631374753965586,0.27189039090173744,-0.5706623623253979,-0.11833759801238528,0.3808825116684668,-0.5655953679024396,-0.1300292504851796,0.4546590997606497,-0.5708926700504656,-0.13718453102389933,0.0844971208811814,-0.41344658737566364,-0.11895917353377468,0.2923563524274007,-0.4023433307355535,-0.151425912801125,0.2859059403537672,-0.30078121552412995,-0.12789416206856374,0.25077256423611627,-0.24014047320508727,-0.10652095000617894,0.13468871641474112,-0.3267146285697504,-0.1613469343427939,0.293249075451372,-0.31179670382067143,-0.1601901767558489,0.27570595689657396,-0.23494171403104247,-0.12014004777394773,0.24168999974128896,-0.18826421931223541,-0.08888527905967326,rhiosutoyo:H.29e3902c-e265-11ed-9d7b-001a7dda7115,rhiosutoyo
H,0.0,0.0,0.0,-0.15703812506997816,-0.10476743689082668,-0.02156047097734358,-0.2364089639728409,-0.2316426783525278,-0.0630515701144793,-0.29663208843981453,-0.3381826833441713,-0.1113879313319295,-0.32731804513386104,-0.44888209649848826,-0.16072979095966747,-0.09358624351114131,-0.5131385704511205,-0.05586192306804521,-0.15438420258768654,-0.7146222385066763,-0.11861959060155164,-0.17719466104119502,-0.8448219254554327,-0.16256928371774715,-0.1868307553294255,-0.9622335230117748,-0.19799221210791262,-0.04298178343152598,-0.48852895889647513,-0.08442958011427196,-0.27475122469948765,-0.5349641514755499,-0.16864817071769206,-0.31242357862998743,-0.377133053945691,-0.18015181726351231,-0.2734129956436366,-0.29481990692792465,-0.1751314886372425,-0.026405771642501307,-0.4206083324493852,-0.11707194964955286,-0.2508532460673195,-0.4216953244492305,-0.1843752891148712,-0.256679762627553,-0.28998460594254205,-0.14995042061669198,-0.20459552156985214,-0.2412373986336375,-0.11730562475998285,-0.03317315073062165,-0.32767403765470443,-0.1544639176557323,-0.21016534322633204,-0.33817704943681864,-0.1992604134559667,-0.2153108612353181,-0.24475665407337,-0.17530942987903775,-0.16836474368320295,-0.20644467559874355,-0.14830012591138744,rhiosutoyo:H.2cdf9c67-e265-11ed-bb93-001a7dda7115,rhiosutoyo
H,0.0,0.0,0.0,-0.17062842116724808,-0.14496825117454318,-0.012369383048797884,-0.24852412187409195,-0.28832799114188556,-0.04741428172441994,-0.30542989627751954,-0.4002090955857023,-0.09234998594735461,-0.33354564845889406,-0.49897618653858283,-0.1374949112425487,-0.10159829389480493,-0.5451719587576372,-0.03062435156123175,-0.14526401403199835,-0.739905918736471,-0.08156336708750088,-0.1563817725566106,-0.8649364435455061,-0.11636486079094562,-0.15927089652657264,-0.9761575176698231,-0.1474763785028326,-0.05311435242526303,-0.5181917281259328,-0.0648341842483614,-0.27692832462366773,-0.5586735235790319,-0.14485569251995573,-0.30531328450678574,-0.4080318980867591,-0.1586075829803822,-0.2668036904369384,-0.32453940967068745,-0.15704233214233662,-0.03810991973352052,-0.44898110276611625,-0.10325103972867408,-0.25893836120100994,-0.454342165361237,-0.16970415029830785,-0.24912603873688943,-0.32529045874853224,-0.141690806246863,-0.19284796663731266,-0.27675494639688364,-0.11517207968677232,-0.04745887397333916,-0.35582446195764844,-0.1456916026388791,-0.22730154931520183,-0.3617787821256607,-0.19027950107068412,-0.22169109917078902,-0.2699835741190766,-0.17221558490687103,-0.16837854522101148,-0.2365556362233839,-0.15145279658840505,rhiosutoyo:H.2fdbaabf-e265-11ed-ae4f-001a7dda7115,rhiosutoyo
H,0.0,0.0,0.0,-0.14456783928002606,-0.18059559555725832,-0.012681790546164973,-0.21193966183776564,-0.3338315484807341,-0.04952461904591555,-0.258310185017166,-0.44277067151174737,-0.09514695773655928,-0.2822045744053921,-0.5274157674627681,-0.1429756305547742,-0.06889626304497647,-0.5435451128270746,-0.05251351888035126,-0.10823487615145468,-0.7491409745557074,-0.09931160807101691,-0.11623101674688426,-0.8734637580655427,-0.13356397365355005,-0.11784729819917815,-0.9793398554181363,-0.16433338643360848,-0.03163512842790056,-0.5062385557804261,-0.08077181713934284,-0.2453922851121197,-0.5598210849815806,-0.14458859995491175,-0.27909672396094676,-0.4350554327834119,-0.15446889978493408,-0.24796203914307482,-0.3557092218401704,-0.15755430049239488,-0.02878646474167469,-0.4357644609713466,-0.11083713245572943,-0.24135745850626386,-0.45678847156447205,-0.15522809435684579,-0.23803683983908347,-0.3435156901540986,-0.12831546670225408,-0.18533785658159013,-0.28781464289998054,-0.11096130950894438,-0.045570251689955724,-0.35214973697536883,-0.14545558563779126,-0.21303916354307934,-0.3727946296585085,-0.17302071246982975,-0.2119169506229793,-0.2912071804139843,-0.1540601352727518,-0.1611828858868683,-0.24924123835485582,-0.13769518595768493,rhiosutoyo:H.32d7bce2-e265-11ed-bb7e-001a7dda7115,rhiosutoyo
H,0.0,0.0,0.0,-0.15090213107256042,-0.11622808642331185,-0.017501998056777032,-0.2311320788151346,-0.2653853064909987,-0.053729012472977934,-0.2841414559770878,-0.3785885654410716,-0.09846685368846297,-0.32055013777932073,-0.494465697083846,-0.1429164940949817,-0.10274036818604038,-0.535177273534343,-0.0317410366615534,-0.1467506730011442,-0.7221747339265137,-0.08070033940676519,-0.1582619076119579,-0.858075808378513,-0.11871969791778099,-0.1651332652325395,-0.9743990306703196,-0.15256976680319523,-0.05722843717880085,-0.5206120337109249,-0.05886733180877543,-0.2644372354386568,-0.5421396574826636,-0.12832103630469427,-0.28132169458755873,-0.3909122562592888,-0.14242078074132442,-0.23728180107901384,-0.31306625310910086,-0.1430425414153482,-0.04339880515065447,-0.46580740366984064,-0.08975170565973098,-0.2491528259829898,-0.47476003820615054,-0.14281206039052727,-0.2388785631396442,-0.3411079099327123,-0.1139856610749837,-0.1846821451304047,-0.2879399044975887,-0.09057961759307037,-0.05301595242716235,-0.3880863305586262,-0.1261665581942549,-0.21733367929673159,-0.40194596223428924,-0.16816146716887034,-0.21000739551449313,-0.3034821876356764,-0.15125131054793037,-0.1587953260020488,-0.2582295686501221,-0.13133456254085496,rhiosutoyo:H.35d3dbab-e265-11ed-bbec-001a7dda7115,rhiosutoyo
I,0.0,0.0,0.0,0.15363908224365508,-0.05527956904518296,-0.04253779219866386,0.28167903227143903,-0.2488777248810554,-0.06188260325063753,0.34654901902725516,-0.4328422542761206,-0.07946363543720929,0.2599760072505126,-0.5261927954291651,-0.08687985885942785,0.2395633629465343,-0.48049764288209107,-0.034719528795661696,0.3005762503888128,-0.6113257562486066,-0.0867241649020038,0.2738161235980149,-0.4777037183793363,-0.11144332432242386,0.25176190762017375,-0.3704594100388235,-0.12140663487476223,0.15920808744183873,-0.5098498133863305,-0.04718144418244022,0.23384888835676465,-0.6373477338989311,-0.13166498003782034,0.20666495593750947,-0.4504070831888771,-0.16500539135228195,0.17424016462089253,-0.31657572302676357,-0.16745388606214523,0.06629347436655034,-0.5412032682431318,-0.06823234369366935,0.13005683753290861,-0.6856853403446497,-0.15206196117711063,0.16404782529408468,-0.505971349756207,-0.18237429567915545,0.18179449094632366,-0.36004130509685617,-0.1839892819815361,-0.025738720419183417,-0.550930993696318,-0.0903557011413046,-0.04491511494318178,-0.7500905932025936,-0.13857867692629583,-0.04746983111472296,-0.8644648221188279,-0.1679446202132783,-0.03825436916260026,-0.9815859260316274,-0.18715147089083686,rhiosutoyo:I.40a85663-e265-11ed-ac06-001a7dda7115,rhiosutoyo
I,0.0,0.0,0.0,0.1461518886318421,-0.049376565131408603,-0.04882424762692854,0.2677615999921349,-0.23237157291577454,-0.0745296478173274,0.3111679843697539,-0.41447355891823784,-0.09635657000033569,0.22393422632142174,-0.504083401141386,-0.10445089695376367,0.23669151310353115,-0.4697320328548841,-0.04307393090215623,0.3070063249173319,-0.6161815173663271,-0.09997503209561225,0.27334591291777144,-0.4761824411059684,-0.12387363047303127,0.24141698913980777,-0.375093967567667,-0.1318531102361018,0.1589852719213239,-0.5040091777788104,-0.050522235092851774,0.23003201506449736,-0.6511571111563823,-0.13448852252767665,0.1957376606227499,-0.45574198265334165,-0.16174867680129987,0.15572588290323902,-0.33036537710656494,-0.15814534620383544,0.06842246728277368,-0.532849988216052,-0.06782489430732262,0.1337602162997696,-0.7102007424412818,-0.1470600752960225,0.1774057778536376,-0.5312943414622604,-0.17278226061987448,0.19999625531840937,-0.39077125294498033,-0.1726306529628787,-0.019332961591483754,-0.5330443269887262,-0.08679855599548696,-0.061099993057201527,-0.7286306140975799,-0.13893833896599675,-0.07221816107050931,-0.8478595584210645,-0.1737935393010226,-0.07444099858663221,-0.9777963349757951,-0.19588993092379153,rhiosutoyo:I.43a464e2-e265-11ed-9a76-001a7dda7115,rhiosutoyo
I,0.0,0.0,0.0,0.14377510257324,-0.005788149750175285,-0.0865835035106482,0.31801237389633813,-0.20040761191146164,-0.11919157208079331,0.3952556977738547,-0.411963937678689,-0.14325452322217566,0.30781352078678736,-0.5557303698920067,-0.1519480136111533,0.2931845700917192,-0.5118868696064135,-0.051981993702335166,0.35721609078671646,-0.6322761861305181,-0.1265986192070034,0.3095024156326876,-0.4742796397785539,-0.16144817546348578,0.27445682082710876,-0.3512727872274069,-0.17223551499229628,0.20108275914856227,-0.5803694792846344,-0.05261649862730043,0.2791639135954041,-0.7315184948043489,-0.16278035915298109,0.2363690705256656,-0.49923658631254053,-0.19953054957135874,0.21031532346151924,-0.31238325680052553,-0.19022897889053403,0.08905805827572796,-0.6224008743464856,-0.0689633356842587,0.1708136199906565,-0.8021027540942407,-0.1821414582452645,0.19486748008853488,-0.5839544449451025,-0.2145654955739686,0.2220241882017331,-0.4052902703796163,-0.20467468266948305,-0.027433361044926684,-0.6063408579295199,-0.08946379565076082,-0.02830119562293014,-0.8092777050972371,-0.16266417918211554,-0.03566906213419572,-0.8959726339594297,-0.193132408627643,-0.03999637032116156,-0.9784752156318667,-0.20245133428877254,rhiosutoyo:I.46a076e2-e265-11ed-99ad-001a7dda7115,rhiosutoyo
I,0.0,0.0,0.0,0.14238161185066128,-0.03420172998688137,-0.06239849973050514,0.26791139753545534,-0.20523284809495354,-0.0979776791308253,0.3238261319524196,-0.3818655006145227,-0.12771648171712607,0.22625122805866682,-0.4762737838552334,-0.14220571977206717,0.2591760499811355,-0.47020002012997436,-0.05940654800166262,0.3159881195109454,-0.6097331447600227,-0.12525333361654303,0.2845573317205223,-0.47231878878995276,-0.1524622794981483,0.25768738435076216,-0.37628544020971466,-0.1618959299366502,0.1712412850068707,-0.5086977444550214,-0.0650998067438143,0.23663560037664383,-0.6409641049882012,-0.15684905370834115,0.20029670964072172,-0.4365912113277829,-0.18021365530913253,0.17312672267750184,-0.3267387429430065,-0.17317180906357396,0.07176066243616942,-0.5357649345528877,-0.08260012802834889,0.1307725252345295,-0.698139244297771,-0.17353151110270143,0.16164727543508497,-0.49360489792039475,-0.1923177500898718,0.18133973490245198,-0.34661611746797294,-0.1850031168530924,-0.02383137542327078,-0.5312136381351975,-0.10321150224549168,-0.06356962130139644,-0.7177617144100035,-0.16528398885658505,-0.07758667975092427,-0.836848602171223,-0.1990958314095198,-0.07833409448373761,-0.9727277654964268,-0.21832192714828513,rhiosutoyo:I.499c8ef3-e265-11ed-b7f0-001a7dda7115,rhiosutoyo
I,0.0,0.0,0.0,0.15340547176596456,0.02023011215306092,-0.07035205140072628,0.3527668242587237,-0.15722482121932252,-0.09090328162653386,0.44519849964212727,-0.36625134992696906,-0.11114553103971431,0.35397758272541474,-0.5008563541450518,-0.11743949423004568,0.3095220928828334,-0.4976445205576277,-0.017320487437237662,0.3957957557431979,-0.6302045299851071,-0.08817309547277709,0.35138109932341477,-0.46465111493667577,-0.12340672326822302,0.3103909901353999,-0.3411734558347256,-0.13156328107965973,0.22112627905506665,-0.5710309652599811,-0.023752179967302518,0.3115901158246659,-0.7294703434039294,-0.13270485122857895,0.27416652123372937,-0.5052074877092702,-0.17607916046831257,0.23017563027728807,-0.33071843777303794,-0.16972971160045433,0.11749722448735922,-0.6306007566284223,-0.04549842212275732,0.19920181725950104,-0.8181216035278058,-0.15327951022422606,0.22087700525310086,-0.5843580923275566,-0.1836672478905936,0.22261290052926652,-0.38800559332633516,-0.1695256038373685,0.006240866386740036,-0.647423889417663,-0.07175628639960382,0.028482736823475446,-0.8796547228412539,-0.13297138130624037,0.05494326960395593,-0.9442014437186581,-0.1570392565310068,0.0645156210030637,-0.9847760965700633,-0.16141181577201316,rhiosutoyo:I.4c98a104-e265-11ed-bb30-001a7dda7115,rhiosutoyo
I,0.0,0.0,0.0,0.14245075775674348,-0.02511876712267386,-0.04574714248721401,0.2773809866649536,-0.21494785278231587,-0.07357176736190364,0.36658530031146697,-0.3850132365335537,-0.10209991081938734,0.27237159255787674,-0.4727545583223522,-0.11690674988134253,0.2217010965217017,-0.5041768039369849,-0.029636818242924468,0.28826133392658027,-0.6388565085831639,-0.09546197943699967,0.2789295233926303,-0.500279274912703,-0.12284812206708058,0.24971245867331496,-0.3770324675555572,-0.1295420763374415,0.1493386473756356,-0.5247902806505713,-0.043738890738093006,0.2362526717102878,-0.6440276086816739,-0.1360256736994125,0.21781142365894682,-0.4185614467481055,-0.15851370420488126,0.1843155878545757,-0.27141881474600577,-0.1473162326174442,0.06808586032810114,-0.5434307696873082,-0.07103546835305563,0.1515634686747708,-0.7033171868199228,-0.15746818004164861,0.20916004400392801,-0.5053897079860868,-0.17613978002359956,0.23341376045178364,-0.35624091784735634,-0.1688793637731278,-0.011064967057513687,-0.5284647819781672,-0.10118202882221622,-0.030273609331356796,-0.7218167014025899,-0.15647174324879107,-0.03402787252112362,-0.8450728925082264,-0.1889718651362785,-0.039186642810570105,-0.9771775219871865,-0.20877858498471136,rhiosutoyo:I.4f94cc95-e265-11ed-8a24-001a7dda7115,rhiosutoyo
I,0.0,0.0,0.0,0.16966729606840314,-0.02412705458994496,-0.05095273636341454,0.3128630400460853,-0.20969886579183425,-0.072367375780188,0.36300809522569905,-0.4049447504440907,-0.08801364874372718,0.25038218165040377,-0.4952538273708907,-0.09024452422161607,0.3015706590682495,-0.45355585166610907,-0.04958355057827624,0.3567829709595921,-0.6123012940421083,-0.1064353716867933,0.31020203538270447,-0.47445644263359427,-0.13444592323875182,0.2705032876240743,-0.36211658192347096,-0.1481040562791136,0.21180697993634648,-0.49394453428205526,-0.056305064030923946,0.2710072337363545,-0.6526803086271236,-0.1407577576572715,0.22514463285764277,-0.4472433525704629,-0.1678853158592599,0.1847733526973724,-0.30885878333522376,-0.16651166993953975,0.10938398110334592,-0.5308843885641279,-0.07246053632198751,0.1596943596118804,-0.7138332629744274,-0.1544598047068778,0.1769957843645145,-0.5120467136965523,-0.17888969525943912,0.1876992614082636,-0.35354901461316085,-0.1787791020493671,0.007257307418381593,-0.5354728360439972,-0.09092294052645564,-0.028168533219890962,-0.7425291872816063,-0.14859132503803776,-0.03446495921411429,-0.8562933906486444,-0.18446112467792314,-0.02817795955004872,-0.9778007199883485,-0.20763370291420163,rhiosutoyo:I.52911950-e265-11ed-b677-001a7dda7115,rhiosutoyo
I,0.0,0.0,0.0,0.1600664007315271,-0.043640203011805365,-0.04297392544264043,0.317042090771469,-0.23871707567415637,-0.06472764636191948,0.3945914340619397,-0.4205812811694381,-0.08692901817699274,0.31981733441414806,-0.5414273302326791,-0.09803814698483738,0.26263192425237963,-0.49835970755923564,-0.005454324472845257,0.32403893586748234,-0.6340665989691298,-0.06079853038683443,0.30433651522582394,-0.5068638124244572,-0.0967844171000969,0.2788639525361603,-0.3901379464902657,-0.11606073903618387,0.18518654748529637,-0.5409378211850631,-0.024935158299333855,0.27153150961833,-0.695654023080699,-0.12089777038841534,0.24813470991767234,-0.47984194468039193,-0.16837431900172548,0.20266133247143184,-0.29064019986907463,-0.1738915363625498,0.09586758217957816,-0.5743255999273293,-0.05560980774282844,0.1825081354085174,-0.758681434505167,-0.14337613542750605,0.23967468889692636,-0.5667215189851583,-0.17839297785608654,0.2725686266531022,-0.40009860196255304,-0.1813410053241686,0.00664595807958061,-0.5609865420847694,-0.08861047920735478,-0.010218278401563684,-0.7530929790531796,-0.13888138295661373,-0.007991916845592065,-0.8644263460463764,-0.16871732252718447,-0.003561363065841747,-0.9822336676797259,-0.1876281928963427,rhiosutoyo:I.558d264b-e265-11ed-87b3-001a7dda7115,rhiosutoyo
I,0.0,0.0,0.0,0.18104150289901014,0.03284838918812619,-0.06429259816794806,0.38587355609458507,-0.1870185473436148,-0.07566328333717487,0.4927247922442763,-0.43191635061946937,-0.09581430047940172,0.4151170550554943,-0.6108771540616854,-0.1055531861537471,0.30719357906010347,-0.5207776396944195,0.035767611362709194,0.4032954931291737,-0.7086705513198153,-0.03944079884351929,0.3761070769734548,-0.5851039272098715,-0.08600873472628039,0.33555931561197816,-0.46840570246258106,-0.10170600781963642,0.2275022670760821,-0.6100608193376191,0.022712390377569773,0.34147022727234055,-0.8552145277351071,-0.09462440047754761,0.33663809031778086,-0.6493094505106201,-0.15222733801890728,0.3101428921217878,-0.4551404592423065,-0.15463953459157612,0.13669934036732964,-0.6853426691185426,-0.009482316754453672,0.25843358970439323,-0.9563516822107381,-0.13639479332141924,0.28276496502308207,-0.7093977505520768,-0.1781116901667727,0.2718316212819607,-0.4626539799943277,-0.16490588149913485,0.03397970416915693,-0.7324984810161692,-0.04696733213572061,0.16138359813158026,-0.8965903865688354,-0.1310068746836748,0.24979894835310193,-0.8192199954989943,-0.16552888238705402,0.30043705650241337,-0.6995904939039037,-0.17204122989699566,rhiosutoyo:I.58892847-e265-11ed-937d-001a7dda7115,rhiosutoyo
I,0.0,0.0,0.0,0.17088404036823385,0.04264458489593964,-0.08330188126520435,0.39727530269993133,-0.16400860577864987,-0.10689187892841681,0.5032010292436252,-0.4291607309482668,-0.13256391512345,0.40670184136472587,-0.6147521358892827,-0.1450319388190017,0.319237150456144,-0.5069196243112669,0.01677007597373239,0.4164497301039335,-0.6743832155667091,-0.053110471789180366,0.384975230624138,-0.5108888778332576,-0.09076325360067188,0.34271917982320665,-0.3747805276756709,-0.09867098483200634,0.23422211305352053,-0.6008469323334864,0.013505388307785648,0.3513551595307969,-0.8242043909399943,-0.1027340750715177,0.32658692042005055,-0.5788281115756112,-0.15775052821987812,0.27867203241452987,-0.3569060705978839,-0.1538620338029652,0.13787186324437437,-0.6856919860695437,-0.007856886874453885,0.2638680739486833,-0.9558942450282369,-0.12899547229460837,0.29277015394111144,-0.7089471007325079,-0.16667124743242556,0.28127736937383535,-0.47305267217838926,-0.15048195581098303,0.026510166970033455,-0.7399318853633866,-0.03433788164139303,0.15520615000396237,-0.947491115962308,-0.10644653184008897,0.24339286677243463,-0.9260092277385066,-0.13001378069713102,0.2868091235515157,-0.8662497159574524,-0.1297813938005919,rhiosutoyo:I.5b8540e6-e265-11ed-b9d5-001a7dda7115,rhiosutoyo
I,0.0,0.0,0.0,0.14181752887730179,-0.0072247407892562085,-0.061178634613497714,0.26541223396265123,-0.17985978177644388,-0.09991188504455129,0.33517068293204016,-0.36379676268273653,-0.1323362469016127,0.2261821356477264,-0.45346846562561705,-0.15161673410735393,0.21345948377719806,-0.4527716746908165,-0.0784083137174946,0.2865567414828411,-0.6118873437379634,-0.1456406977247181,0.2653848777968138,-0.4598711649356601,-0.17919389706959887,0.23068550314619915,-0.343453722996378,-0.19515979478921275,0.13935502178390527,-0.4805795563905578,-0.08277083793963246,0.217196200380178,-0.6208726007534662,-0.16838052470730902,0.19814749168075435,-0.3910104955905713,-0.19253084746988713,0.16935614451495765,-0.25276012030486067,-0.1915574003517547,0.04790403764151774,-0.5049487002193332,-0.09756694870417654,0.12166168675551653,-0.676616553789559,-0.1782690156239784,0.17899184524214815,-0.47726199955173115,-0.2002913367238774,0.20503762812753656,-0.3223035633758085,-0.20228798357373395,-0.04217461652869602,-0.503136184669594,-0.11507483831910968,-0.07387114328962173,-0.7046025896932662,-0.17574176372073325,-0.08002130675470298,-0.8313023326431683,-0.21488709466021458,-0.08574552793517545,-0.9662948372700612,-0.24273852579338098,rhiosutoyo:I.5e816249-e265-11ed-8bfc-001a7dda7115,rhiosutoyo
I,0.0,0.0,0.0,0.1593562362909709,0.018485912548932833,-0.05876952177472487,0.35150737286376477,-0.1536640516724315,-0.0806376550144358,0.4489227701103847,-0.32674322101441083,-0.09758690102118969,0.37784179140242363,-0.4476293371458107,-0.10068670135029538,0.30088432930096304,-0.4315878895199896,-0.024567732808012183,0.37444627282888987,-0.6047287488284828,-0.08489918665564652,0.361710122200576,-0.4825340342824077,-0.12173214506847423,0.33718142039008336,-0.3695776492633105,-0.14197602084935904,0.22124489590531232,-0.486378604403857,-0.036827095501122446,0.32900030266423674,-0.6415800214501194,-0.1442602525104892,0.286621094959904,-0.4042574350636591,-0.19101674890127113,0.2222545550239225,-0.20745050530975864,-0.1913117683140473,0.13258510419769937,-0.5316469588732555,-0.06130862617511089,0.23959483348638752,-0.7125430180971226,-0.15289506459683525,0.29777978173615294,-0.5352056988165239,-0.18714857915461122,0.34040754859723116,-0.3921823952431521,-0.18916153561403487,0.03863205632166996,-0.5395656371998911,-0.08942029007653114,0.02605758481392789,-0.7375837466296803,-0.14122356390884439,0.038942562486456396,-0.8533868665618651,-0.16906970792900175,0.060257988166158336,-0.9806044295898043,-0.18650449734797744,rhiosutoyo:I.617d7ddb-e265-11ed-a641-001a7dda7115,rhiosutoyo
I,0.0,0.0,0.0,0.13288781550572132,0.003056097537147827,-0.05438273631187829,0.2864902377808077,-0.1687383867510454,-0.07621397263517814,0.3566039447585742,-0.3621809631956906,-0.09301666610659177,0.3248183497652193,-0.5173323123916466,-0.10150198941042121,0.24902207369150822,-0.4303205248841655,-0.026823308867656548,0.28728035985546424,-0.5627937930770825,-0.0750597805305072,0.3115574753448824,-0.497166337068718,-0.10926464591984109,0.31014193661923517,-0.40532798470941533,-0.12946985477062525,0.17376213415232622,-0.4916064851123781,-0.0323033471999557,0.24759145630031415,-0.628261763199855,-0.11283181597736851,0.23948400580496124,-0.42580156480950027,-0.152200740100512,0.20036971539688225,-0.24936285153286772,-0.15873320948077632,0.08859110373891438,-0.5367972457563801,-0.047876524107869134,0.1795029300952287,-0.726142252833528,-0.12683350958563874,0.23370122157799744,-0.5640594730651407,-0.15324548864087462,0.25453877746643705,-0.41281326626635695,-0.15504177817029743,-0.005030010846969511,-0.5403054712804644,-0.06642173499250653,-0.010024992793976267,-0.7455925714916545,-0.1254468958001512,0.005399090183663164,-0.8668551998196705,-0.15833400181042265,0.017748981225498513,-0.9838270198817192,-0.17823963817319755,rhiosutoyo:I.647984a9-e265-11ed-962c-001a7dda7115,rhiosutoyo
I,0.0,0.0,0.0,0.16242674417774142,-0.001294121096844392,-0.05340934074739026,0.33584676393548113,-0.1733997585282026,-0.07487152300713718,0.4143338317345224,-0.3475803536716429,-0.09137090947604079,0.4005182707837464,-0.4954429104431476,-0.09714824971691859,0.2928856840549311,-0.4484875109909042,-0.03244865435923591,0.34949374106613423,-0.6057299780006768,-0.08533873719235113,0.3648247380825445,-0.49592866043333206,-0.12104005455666446,0.35816996321701733,-0.36922506152303913,-0.1424332179445607,0.213904034447702,-0.5121540089022585,-0.044619831048662684,0.3047946113543948,-0.6692624400858626,-0.13913700163416187,0.2953910630150002,-0.4487553228838883,-0.19121777782107224,0.2503051516265844,-0.24789146771813836,-0.20324543137983467,0.11981088447738131,-0.5605469166142242,-0.06596353869098409,0.22235010981179182,-0.7566008078397357,-0.15345204735091428,0.2848048303412153,-0.5767166765816001,-0.19139356996324194,0.3218075501817379,-0.4120684704166621,-0.1995730835262342,0.016654730679501212,-0.5603245626080221,-0.08936548609577553,0.012956277010920229,-0.7545180573470625,-0.1513662284508832,0.02598554640004465,-0.865563102696762,-0.18380367766173095,0.03848802382120431,-0.978504131564299,-0.20260389071766458,rhiosutoyo:I.6775a2dd-e265-11ed-8dba-001a7dda7115,rhiosutoyo
I,0.0,0.0,0.0,0.12552877611979626,-0.05893575041830588,-0.04133539734406449,0.23837506542758738,-0.23156142821002337,-0.06740467159068413,0.2977487680518535,-0.3992072123750271,-0.09392286497557388,0.23909096743313613,-0.524853815040301,-0.11023432630547231,0.19349149009456304,-0.48420208582988067,-0.03250995872178075,0.26202883506804425,-0.6311140234229738,-0.09663866110706379,0.25323015289046275,-0.4963584015864909,-0.13008510823692937,0.23618602948421974,-0.3734693026286125,-0.1403846286964844,0.12477311520813246,-0.5080371270787648,-0.04445787255256912,0.19263057080227247,-0.6514659911397975,-0.13350234996319596,0.1823841327120519,-0.451914953718728,-0.1703303056535169,0.15897181685402015,-0.3001340607232784,-0.1721793213773771,0.04054212031119137,-0.5268248416626001,-0.06662237130556521,0.11044661575543101,-0.6865074849171331,-0.15005296141549573,0.1668295785361252,-0.5073154243817464,-0.180802245624621,0.19569116063895842,-0.35638239912278064,-0.18151653129166126,-0.04097825980106737,-0.5178809005027989,-0.08982957833866151,-0.06942738857085907,-0.7198421252295175,-0.13929619842965027,-0.07268822311098766,-0.8486435789678596,-0.17256157788164808,-0.06955681649927614,-0.9786860181374947,-0.19322403365177296,rhiosutoyo:I.6a71e4c7-e265-11ed-acbc-001a7dda7115,rhiosutoyo
I,0.0,0.0,0.0,0.15286441678113305,-0.08281929125575285,-0.04874233357929035,0.2681260570195509,-0.2725529774782065,-0.07356725764549472,0.30232414469184277,-0.47258424005587274,-0.09658416467932339,0.21045913221402313,-0.585834301198323,-0.10659476810525055,0.22807923617103343,-0.5102201266865111,-0.03215801459334603,0.27620796957303123,-0.6836292965220497,-0.0948526723488774,0.24982431466543506,-0.5373215811793881,-0.13126346453816604,0.22919062768886056,-0.42477327309496593,-0.14732908941848796,0.14719061335270575,-0.534833239418071,-0.03965425362166076,0.1873691965306372,-0.7017347514266012,-0.122207361099963,0.1768917182642522,-0.5114030495546975,-0.1568996705112703,0.16066167298144543,-0.3859216925193572,-0.16324036535225042,0.05114039535844019,-0.5542551875796318,-0.057596414629491825,0.08956900303611023,-0.740438297138117,-0.13722602070435927,0.12699730184587932,-0.5580211493206696,-0.16101187562908723,0.14591740051779387,-0.4105384213697348,-0.16004162574885705,-0.04308243959212606,-0.5524019266856445,-0.07817558437725272,-0.08210883691182004,-0.7498318437889456,-0.12710552116749294,-0.09390020934981419,-0.8618894897513133,-0.15566374890166426,-0.09841482068979507,-0.9799839070684185,-0.1730493136522434,rhiosutoyo:I.6d6df177-e265-11ed-86e7-001a7dda7115,rhiosutoyo
I,0.0,0.0,0.0,0.1355682239953469,-0.08181974831073673,-0.036408758967785004,0.23647193847857148,-0.25673640689265104,-0.06041706093297467,0.2764718339553804,-0.4261752831491266,-0.08534494865669505,0.2159869377601065,-0.5370080685451457,-0.10048110611791446,0.18576604101216185,-0.48421985802171025,-0.02600103774474438,0.25187672514902604,-0.6206625354114207,-0.08298902448596754,0.23576655001010452,-0.5005116943091795,-0.11065314020619246,0.2044322652693815,-0.39468492333711613,-0.11623993398195827,0.11546691602779612,-0.5146108037754461,-0.037076284962306284,0.18585775725834086,-0.6384850095669891,-0.11130986592387024,0.17501063821185098,-0.4564735285767888,-0.13931754238680666,0.1507514942815215,-0.3403556436986985,-0.13755093446097513,0.030392717097546137,-0.5357490367279629,-0.05728482073537513,0.09447176829195772,-0.6940788318699995,-0.1298646185310263,0.14458702100561363,-0.5246773506495197,-0.15219523648986244,0.1639505642761643,-0.3878593451879994,-0.14900011358699639,-0.057179470237219095,-0.5311380319737096,-0.07840411630041977,-0.09397480794517225,-0.735296427808417,-0.12242370752479945,-0.1023545434718697,-0.8568852064526837,-0.1474341103476841,-0.10668892336774406,-0.9811532410180556,-0.16110801119248203,rhiosutoyo:I.706a067e-e265-11ed-8dc6-001a7dda7115,rhiosutoyo
I,0.0,0.0,0.0,0.14046511244098378,-0.04835483468920148,-0.04590428335141109,0.2616879471716947,-0.2016041010001125,-0.07275283856198149,0.3152406158823696,-0.3636423151583465,-0.09943184705902935,0.26156090738499466,-0.4854215519928322,-0.11607704558549789,0.21639608079365316,-0.4673607672717062,-0.041326231336339135,0.2802777963209765,-0.6243026873464802,-0.09934861360022511,0.2699147497060792,-0.48065101273313465,-0.12647279259757072,0.23409067849850457,-0.35772956646018145,-0.131161046027976,0.14334981153970391,-0.5008700954579618,-0.048448169649842804,0.2164130806927776,-0.6385237921491537,-0.11962430283037151,0.19937458720278203,-0.4288155635623923,-0.1444371057627702,0.1581071023498961,-0.2950431276239978,-0.14336749048813127,0.049490956325955515,-0.5245263740030526,-0.0655561452022014,0.11799285389707191,-0.6906615638502708,-0.13356154952013136,0.149153209535393,-0.5074247052122568,-0.15419626829213215,0.14462641207260094,-0.36662464881284873,-0.1523055320453427,-0.05043938988724134,-0.5230905717121391,-0.08447691088448146,-0.08030373294569225,-0.7373676380527705,-0.12724414866231817,-0.08491150965769186,-0.8589821596484426,-0.15501770514078667,-0.09126487736289243,-0.9808219299075133,-0.17221807098105982,rhiosutoyo:I.73662695-e265-11ed-8d79-001a7dda7115,rhiosutoyo
I,0.0,0.0,0.0,0.1272330953864649,-0.0495023371631115,-0.03707397486390526,0.2362589133849898,-0.21987346890746465,-0.05758808215659374,0.29825415305709535,-0.3813811242523846,-0.07879096574452775,0.23829859262451986,-0.4869358532293397,-0.0891585581383429,0.1536520104505248,-0.48271048457652144,-0.029316573350616014,0.21885904887930202,-0.6297871489488363,-0.08187435471683624,0.22421233018442682,-0.46961250060509724,-0.10308536769217382,0.19251579556467138,-0.3382375620363919,-0.10358404317781267,0.09497781149915455,-0.49908679013487395,-0.037879265736945535,0.17199722175807042,-0.6346018716217876,-0.10645655291854383,0.17230624474590794,-0.41891253996436234,-0.13046722994748652,0.13700387518003737,-0.2923552995306645,-0.12785646124285593,0.01691040099744169,-0.5137069354810522,-0.05579396487823367,0.09193858954174289,-0.6642376862346155,-0.12286004941809749,0.1392142184217913,-0.48118492267370316,-0.14572049782931204,0.136625353899887,-0.34486221577153325,-0.14413690113308503,-0.0690721636397904,-0.5109967146138553,-0.07414718602336809,-0.09746582911065382,-0.722569707049522,-0.11694702259696142,-0.08835995882014165,-0.852790803939431,-0.1477889487242606,-0.08810045602223958,-0.9820049194563178,-0.16704684316760954,rhiosutoyo:I.76627188-e265-11ed-a6df-001a7dda7115,rhiosutoyo
I,0.0,0.0,0.0,0.16511276758994473,-0.046811602232797775,-0.047147355011402575,0.3104167929131621,-0.23758424874782716,-0.06862221103609603,0.3724578183977635,-0.4309954150797933,-0.09081748598097161,0.2902271439992802,-0.5596123079404496,-0.10030501950894144,0.24650248222312324,-0.5413424741457893,-0.037329821184967873,0.31437457263856716,-0.6854191589490433,-0.09687095078465321,0.2852733047959565,-0.48703316933498814,-0.1140707890113699,0.23229398002081905,-0.34930553688514443,-0.11195889544290567,0.15230677734773249,-0.5969872330997582,-0.05606185711263831,0.23912885941521092,-0.76586983605747,-0.14733301292626327,0.22039007707770644,-0.5088495405288141,-0.1759377050897204,0.17589288188004495,-0.34829077420658705,-0.1672983517318751,0.03896675000391456,-0.6277131704319989,-0.08443264522420499,0.11838989151627459,-0.8286920623004573,-0.1825473620245915,0.14911446032163927,-0.5973800003131715,-0.20491205632006995,0.14495550714546157,-0.45088307572970354,-0.1931239649638392,-0.0818301521994393,-0.6107076273829541,-0.11267991665746811,-0.07237978985719012,-0.8151986153908655,-0.1795239867902434,-0.0705940903718169,-0.8794454781117734,-0.2020077999458874,-0.08958308503981754,-0.9741977172500726,-0.20715616954243982,rhiosutoyo:I.795e89a0-e265-11ed-99b5-001a7dda7115,rhiosutoyo
J,0.0,0.0,0.0,0.17258470783452343,-0.05590497916880059,0.08737933826824026,0.2933549066255117,-0.22420458935189744,0.12865417584253075,0.32099978463947065,-0.38499457939838033,0.14707104418102665,0.287928907156318,-0.5108140324945928,0.15809642029575496,0.3812580732719789,-0.3347535509435455,0.09709878080122214,0.5111406064221162,-0.5390018396630594,0.11896869107227472,0.5886289618073643,-0.6659440223181687,0.13923430692436875,0.6429821880882878,-0.7509551661435601,0.15046675461209322,0.3254375029288003,-0.4392126988850945,0.05193938833300869,0.35949350119896994,-0.6906804171316403,0.06639592642096098,0.2868304072759148,-0.6685265900063091,0.08832318465388309,0.2536440437708114,-0.5866876905010944,0.10595583936626851,0.23844466110530446,-0.5342691513746763,0.012881325607840043,0.261360274589798,-0.7478869514212638,0.020209667585995586,0.20467257145922366,-0.7206404145890623,0.043918484121305675,0.18276314804739385,-0.6476974942160123,0.059751784803611895,0.1347308391435064,-0.6170959370106492,-0.018158692896548333,0.17768940069760542,-0.833646054887112,-0.008082052414534923,0.14584120019713603,-0.8309081012173273,0.01927345058620997,0.12507254692003808,-0.7729688825193408,0.04164460615845805,rhiosutoyo:J.84336eb2-e265-11ed-8e8d-001a7dda7115,rhiosutoyo
J,0.0,0.0,0.0,0.1635099523058099,-0.004842329942320059,0.04850170550947382,0.2949363122709164,-0.15551941648312315,0.07336725238778695,0.3372677694346096,-0.34106139885521475,0.08927652836760573,0.3089128733590891,-0.475438760302739,0.09855192712435681,0.38349401345779494,-0.263749158214792,0.020844911311725105,0.551487359652341,-0.47484263786198777,0.0400097320367622,0.6517384399115044,-0.5929912197008611,0.06226076589149596,0.7269148006015805,-0.6828460809138827,0.0729116070795019,0.3250989654303791,-0.3863171026363601,-0.0028741072855687994,0.38259126222754986,-0.6520773849704792,0.010920306649037956,0.31654777990925514,-0.618879407411488,0.037798014538609585,0.276772163890931,-0.5308333554400196,0.05650221804093639,0.23625041781817188,-0.49842840410326833,-0.018752767944901647,0.28104873365498895,-0.717099222248485,-0.004060924630823385,0.24400151263023923,-0.6708445699698025,0.025749579243931304,0.22636735106974165,-0.589309269295253,0.040850481122072825,0.13347521145019975,-0.6010227896703771,-0.029087910181151012,0.18943571707397272,-0.7919924022329697,-0.016711340277237835,0.17079659468673217,-0.7652324267875076,0.010416722409601346,0.1567833583904043,-0.7016670762595975,0.03053642666079945,rhiosutoyo:J.872fbb2f-e265-11ed-a698-001a7dda7115,rhiosutoyo
J,0.0,0.0,0.0,-0.13822106210531424,-0.30221060072971684,0.004800983672639101,-0.08424304966516412,-0.5700219966070997,0.02103078021111904,0.0503420746545009,-0.70570036430379,0.04178910495491281,0.16734191716715352,-0.7023374341553367,0.07258539885065303,0.10294522499991404,-0.6522908044605022,-0.018030456810272745,0.15737222645512383,-0.8791384413447844,-0.018613345853299063,0.12701343760703013,-0.8372985352299139,0.006123257345313619,0.08536249013220913,-0.7371147988534178,0.03367318430936601,0.24370691970584138,-0.5404580953885848,-0.013432683692537084,0.25264497871552166,-0.7608445110982888,-0.0028414642246002045,0.20213795942015608,-0.7067455796824459,0.024364003647828383,0.17351084673549344,-0.625120298494064,0.04526975145448324,0.3419668679254287,-0.42965653288772016,-0.006531110640271805,0.36185749365417363,-0.6587510553724871,-0.013882400404541731,0.30981188045144803,-0.6308385410878059,0.0038514244364111433,0.27700269342392014,-0.5525242809991345,0.020798273457017798,0.41005892646215836,-0.3268482361962886,0.0039041504860533624,0.5344630853900979,-0.5076702541381101,-0.023123770702062105,0.6142987172250978,-0.6337643679379678,-0.032362186625787576,0.678310578991261,-0.7341474932773915,-0.03036801842502455,rhiosutoyo:J.8a2bec67-e265-11ed-a2de-001a7dda7115,rhiosutoyo
J,0.0,0.0,0.0,0.12953293929234344,-0.08591191982481768,0.1041481684920867,0.263603349633546,-0.29196444488397605,0.1623573715351759,0.3434674603561797,-0.5106087641866812,0.20265933488637225,0.32068870426256163,-0.6467475312672604,0.23659263556522586,0.3675212367748828,-0.4540122677894419,0.09886301661409108,0.40813707666908194,-0.7750335735727718,0.13586084643660248,0.339294875272512,-0.7831465827130999,0.15764569003704895,0.2959926826294673,-0.7250546708501803,0.17826675115925067,0.3646896757693429,-0.5216526269349527,0.06100014752301442,0.39713884260226184,-0.7949629763448125,0.12161301264846888,0.33448879764605227,-0.7607595445451494,0.14556321877588224,0.29500563954863684,-0.6743431264688126,0.15601993509491136,0.31854386926150713,-0.5862723099738139,0.03556133705090388,0.36746613798973393,-0.8157883083212004,0.08441543179399046,0.3182726799283527,-0.7611219912412066,0.09946913015443207,0.29107382467715603,-0.6663644206172848,0.10107102151140021,0.24677755811871763,-0.6548743151038756,0.02273276779516752,0.3789051623377448,-0.8631236172480048,0.07048114722046486,0.40910101843634744,-0.8947167441012414,0.1106114066507868,0.4345664142516503,-0.8902307846770396,0.13653271262875194,rhiosutoyo:J.8d2805fa-e265-11ed-a4f0-001a7dda7115,rhiosutoyo
J,0.0,0.0,0.0,0.1433904975977195,-0.05524149442264225,0.10894220112598965,0.2740068161629364,-0.24326145188164644,0.17164624759265387,0.34174269193297485,-0.465198861984551,0.21627979438641767,0.3209925497881225,-0.6099532947023087,0.257682404919615,0.4211965890690947,-0.43913209225354544,0.11097140239928148,0.4714875507418829,-0.7383964655166292,0.15518443724376127,0.4073412592061642,-0.7525825225309438,0.18296080226870898,0.3646351726454197,-0.6944110119002214,0.20386485278908364,0.38811224189208404,-0.5452118829217514,0.07163648496979196,0.40406353935794054,-0.8190709407565979,0.13827506849098153,0.3261430278500301,-0.7850459703505555,0.17108677011472417,0.2882265117753481,-0.686125856626858,0.18580285118491974,0.3041215353247618,-0.6373674946337254,0.04330826616788515,0.32156770693969794,-0.871635808784863,0.0954190818923384,0.2659935990891427,-0.8235536769273077,0.11892398354215954,0.2417903133788877,-0.7250482296605264,0.12373611075171233,0.18957534964671632,-0.7246228743032804,0.02706845190015498,0.251984223309693,-0.9522650133881403,0.07001906179248146,0.23823358179411133,-0.9651055264785726,0.10870180893649288,0.23134820089483354,-0.9227636484775986,0.13421634174061947,rhiosutoyo:J.90242770-e265-11ed-8b9b-001a7dda7115,rhiosutoyo
J,0.0,0.0,0.0,-0.1338223186975897,-0.30775081711626956,0.0024403810307058018,-0.12998824916936097,-0.5970603266553083,0.0026352708008324384,-0.04849192340109219,-0.7808967119402236,0.00039041095342678104,0.008360905411675106,-0.8741752301396164,0.006711147201831435,0.10892293839363103,-0.7261738261173533,-0.007207736704453994,0.13858770032635417,-0.9169172173847472,-0.00799376376379119,0.09288184367650815,-0.8297735055386589,-0.0006428513065252103,0.05456278965771351,-0.7061047512326374,0.01286065276471225,0.2365372885119037,-0.633764893232852,-0.014258875442284184,0.2511596508530058,-0.7890913731005224,0.010852373676630623,0.20463486911871723,-0.7254928640876772,0.018680662693999314,0.1815490512877981,-0.6346853847016414,0.017864496563247772,0.3246585460668986,-0.527632694135994,-0.018082723777172943,0.3463755539818996,-0.7001450423748653,-0.0033465776516396458,0.2967115594239146,-0.6624917031319224,0.003689556873899455,0.26446361758519005,-0.5837366860472215,0.004518697868170401,0.3816003991681248,-0.424976868911112,-0.020538715149507624,0.506332280543229,-0.6066884755985548,-0.0066109208410769895,0.5638412331173455,-0.7165697776720874,0.010638009122924744,0.6063033594777628,-0.7948742629986205,0.023898583815337646,rhiosutoyo:J.9320729c-e265-11ed-a606-001a7dda7115,rhiosutoyo
J,0.0,0.0,0.0,-0.015521633438970771,-0.27199376358429905,0.06800481168883865,0.052211203485773204,-0.5072353262478171,0.10768329227772967,0.15257905507643948,-0.6617263547098375,0.13639391987689323,0.19710022627518464,-0.7291116913015391,0.1646428973243115,0.1934022628058277,-0.6015695445641882,0.05014617357031144,0.26695298840441073,-0.8303246267586075,0.07156448034386476,0.22980119096278487,-0.8242797372442885,0.10035390162319491,0.20350517115949568,-0.7723835641684121,0.12600019826434117,0.2997800807045853,-0.5265741238517815,0.021220229793288796,0.3362123446493053,-0.735160332895866,0.03937111976868391,0.27586547722017724,-0.6940984351536654,0.05655688186598079,0.23798130262315675,-0.6134396826015925,0.07039614035370226,0.36794007750715546,-0.4350158674982026,0.0012123188177384694,0.4179115778497318,-0.6422322787178525,0.005380290202695519,0.36215292702722757,-0.6064097277744217,0.008393487232611904,0.32629833909295974,-0.5320472540971993,0.012444830571441962,0.4172451507160151,-0.3398195366446241,-0.008661337081030736,0.5944678672845579,-0.4891044097848681,-0.011843474670102385,0.694605398887045,-0.5731671647687533,-0.00809005245927,0.7737587014913195,-0.6334780988162669,-0.0017234229298416788,rhiosutoyo:J.961ca129-e265-11ed-b811-001a7dda7115,rhiosutoyo
J,0.0,0.0,0.0,0.09958859785175099,-0.15074265497093378,0.15695257119661996,0.2092270999170929,-0.3403620590329246,0.23807585164573217,0.284763713821352,-0.501742127135859,0.2890890838714845,0.283769977863208,-0.6140259324180875,0.3326850520281251,0.3408985554035989,-0.5067880462643931,0.17714694737648912,0.4433844930428273,-0.7120247833019956,0.24043163343615326,0.45666634477226137,-0.7535000020562274,0.2833107600145184,0.47419203698419854,-0.7583900014767117,0.31172718084532136,0.3684457634904156,-0.5419720056710826,0.10945991627436519,0.4418012307208829,-0.7335647595316268,0.17085770547433743,0.3962733964865344,-0.6875289613685577,0.20554342792115404,0.3572369810031306,-0.608692671424626,0.23003714234467487,0.3584798714670216,-0.562328317869363,0.05497288626011125,0.43256435699972945,-0.7389594085062614,0.1030141602382896,0.39505269792194075,-0.6835955192697323,0.1295953632346312,0.36775666178626176,-0.6014759810557377,0.14361226758957246,0.33450887354164066,-0.572992534204411,0.015632214793727943,0.4801432126801719,-0.7356692432805734,0.055134205336516924,0.5410063698451656,-0.7837729229690727,0.09058348132821023,0.5843676118331835,-0.8031415515453811,0.11609540224168953,rhiosutoyo:J.9918ae33-e265-11ed-981e-001a7dda7115,rhiosutoyo
J,0.0,0.0,0.0,0.19027267128369324,-0.0182956694416796,0.06354008062837914,0.31437444364812794,-0.16616519573471747,0.09325735805290421,0.3557740831609349,-0.33709809369781385,0.10914435517045516,0.33765777165540595,-0.46526231606634566,0.11652683004338883,0.38835169012147963,-0.29297546142760295,0.038372221060414685,0.5618559168151299,-0.4730467694827196,0.05169795748839113,0.6648218715945395,-0.577478326540715,0.0577189314515513,0.7433713679939815,-0.6666025464642774,0.05513668736963864,0.3203058700442877,-0.43216591953785677,0.007179258590342061,0.4137310555782268,-0.6371582661005112,0.029702137992510043,0.3643780443017416,-0.5866277561987395,0.052841966963867205,0.3289773985240161,-0.5153302941845114,0.0641958626135014,0.21995097243076359,-0.5467986948301392,-0.01597033710573652,0.2972353936540421,-0.7022618620545273,0.008068255960800727,0.26916217929208686,-0.6469149318430942,0.03854556626462129,0.24074300855530917,-0.5822526985064123,0.05101248792248727,0.1029117269151248,-0.6403820691339573,-0.033435185870096244,0.19035256313722515,-0.8250818848995025,-0.01636409175431739,0.18529269741544002,-0.7967192619356421,0.013931313018374764,0.16897330014007647,-0.728851204857416,0.03514213116519586,rhiosutoyo:J.9c14c3f0-e265-11ed-b612-001a7dda7115,rhiosutoyo
J,0.0,0.0,0.0,0.1953758708664044,-0.0016675317341190484,0.038942261275747896,0.31957893899749956,-0.14800414000814524,0.05407746681598797,0.3552004583852181,-0.3249426272323211,0.059897560867935275,0.33081948584638976,-0.45839134525156755,0.05814181853049304,0.39060740123037746,-0.2972872770981362,0.005807144269397326,0.5457296798182238,-0.49544381817972155,0.004921060731284382,0.6477520614111215,-0.6022746485370326,0.005409900000594569,0.7222895452219517,-0.6915899886118652,0.0010490542914803511,0.31452170233191046,-0.4268598360973164,-0.018768968729430333,0.39612763967512243,-0.6227555261935825,-0.009584014158550643,0.3437119698525032,-0.5628247209654794,0.015665279381752502,0.30541604097124286,-0.48827998386306976,0.03083903125565459,0.20979904117217094,-0.5352416619707031,-0.037916343840119666,0.2895401572503024,-0.6731460770072151,-0.03299459639458134,0.25476932807666214,-0.6167449652380657,-0.00191982549998676,0.21556988084098644,-0.5514750120783183,0.01584136436811211,0.09168402332829989,-0.6217415160307733,-0.05320068763295043,0.17634420086743166,-0.8122093262617396,-0.05542851725280301,0.16665815529221384,-0.7641536100075369,-0.029611940755865068,0.13757003829469858,-0.6756629691852896,-0.0075669616031290915,rhiosutoyo:J.9f11088a-e265-11ed-969f-001a7dda7115,rhiosutoyo
J,0.0,0.0,0.0,0.18033628016810044,0.03193468339156218,0.04749052732606986,0.32854591908477243,-0.13075950814393092,0.07001312319815067,0.3843926769487878,-0.32616140625328044,0.08753789808263646,0.33874824024324557,-0.47076155428040983,0.09773700855804422,0.4151966534020914,-0.2280658847435923,-0.0018394635976714902,0.5816504864947377,-0.43593261088642254,0.0062070163711082,0.6814046332135196,-0.5625589452391259,0.01783694352504579,0.7415244686755263,-0.6705881835282856,0.021282633007043104,0.33815501531261255,-0.36452264751842994,-0.025282648522324085,0.40941332514007023,-0.6307647835326814,-0.013119228698512519,0.34727472146640215,-0.5727224649511918,0.015219956105469869,0.30197252991314816,-0.4879082413472698,0.03391992851715413,0.22094609257750567,-0.4977911336969405,-0.03950161958609355,0.28089528365020777,-0.6968040255687569,-0.024796343180341004,0.24335133200621137,-0.6301666401088418,0.01302280498980178,0.20972892232075013,-0.5527648590167954,0.0328279910038625,0.0885227674816519,-0.6162393800952838,-0.047377706934141776,0.16873779006302692,-0.8234259879274988,-0.03098942632953047,0.15463373754365603,-0.7924135220121625,0.006175717548127445,0.13491645465232346,-0.7349324581554636,0.03186789002918033,rhiosutoyo:J.a20d23dd-e265-11ed-b7d0-001a7dda7115,rhiosutoyo
J,0.0,0.0,0.0,-0.09756944604017871,-0.27846976984895305,0.06285065356987916,-0.060749441100696626,-0.501649410245554,0.08708404855036742,0.04899443100784587,-0.6260873685935978,0.09995369866919097,0.14157475429678307,-0.6504793705220447,0.11416518145693012,0.05194199328020128,-0.734583492558253,0.047962528110739436,0.09746257838935354,-0.8974449021060735,0.06389463581191136,0.09490307657719503,-0.813140277371009,0.08440314300129825,0.07746092393572118,-0.7061952445860289,0.10412983439673838,0.19170474399004572,-0.6732871997638319,0.016224801153835674,0.22994667839932262,-0.8031119781101315,0.056024630700830906,0.20702105022614148,-0.71198882328756,0.08808706545888596,0.17720871529453663,-0.6307228068853789,0.10451370573132251,0.29573889182563196,-0.5729394824674771,-0.00922622026958076,0.3478333477032419,-0.7300050119915414,0.01751235947535417,0.31405166343136515,-0.6496333469390655,0.05312375110939197,0.27830263632235974,-0.558465603998384,0.07211202371495319,0.3813567085553583,-0.44145056048719744,-0.02890721895719048,0.5003494508536861,-0.6161758614356408,-0.01860491402412446,0.5679369832808024,-0.7080377406924493,0.005137834113738903,0.6144441164613004,-0.7885868952215312,0.024272132806110683,rhiosutoyo:J.a5092e4d-e265-11ed-97d1-001a7dda7115,rhiosutoyo
J,0.0,0.0,0.0,0.201745918553204,0.0033937114600301158,0.050474461647490435,0.35760473737989984,-0.14406455075593333,0.08439415735053248,0.4370774378961348,-0.3252865457602254,0.10839981925545025,0.44795180263745077,-0.4640772018108858,0.12485421524151138,0.4120068435262421,-0.31481238424243496,0.035926314628030045,0.560546366973719,-0.510822897770655,0.05331890030651918,0.6533822331384025,-0.615402709716496,0.06869259172356254,0.7170632350919166,-0.6928782536417396,0.0757630682449428,0.3247301801512589,-0.4515426468426003,0.012434750252957432,0.38755971115145604,-0.6765171264568214,0.0320818480315899,0.3313768787924236,-0.6165926314671566,0.05641030228173456,0.2971494090344014,-0.5304001981903301,0.07180489637548886,0.20591094156718026,-0.5657080385198727,-0.0047139821711110206,0.26375619080316465,-0.7370205504419424,-0.0007488852172615568,0.2224025504410743,-0.6714121602635559,0.024348611462338583,0.19059337100740475,-0.5923464913641262,0.03975814730524644,0.07260155555683183,-0.6556753857337373,-0.015146141474107427,0.14556382841083246,-0.8715992753856613,-0.01659539256635234,0.1376181021698635,-0.8284770811641187,0.008680820752434282,0.11964220841761931,-0.7399808073720412,0.030980347479506187,rhiosutoyo:J.a8054fe9-e265-11ed-9e87-001a7dda7115,rhiosutoyo
J,0.0,0.0,0.0,-0.06020377450675155,-0.3221382846858417,0.07274278421505062,-0.009000200862246555,-0.5815699174181196,0.10488340981276943,0.11501211677905258,-0.7425913087315297,0.128442185116163,0.21343321070462737,-0.7595197721935504,0.15355543730524446,0.13726713523295672,-0.700290842189266,0.013885406734922003,0.22358826298058782,-0.9039912354788798,0.02546264497028146,0.20125959218116554,-0.8347371938789401,0.047103813991693284,0.16947751983941253,-0.7484108569280896,0.06700085857271247,0.27584698967719173,-0.5923269220660948,-0.014748222276675205,0.33179368755301203,-0.7734552590058708,0.02938058528849687,0.28898460019641375,-0.7020310054647105,0.06399350687350322,0.2626526567229145,-0.6287551695792473,0.07912898248368302,0.3718214944907412,-0.4657189742206609,-0.03206761450920144,0.436005244957172,-0.6536331665541878,0.000574720707223312,0.39202191637487666,-0.6040305546990989,0.0292458536786684,0.35701086153756856,-0.5309344363247035,0.04008596817956911,0.4380481208196971,-0.3316939891913971,-0.0405869136679942,0.6129815575309404,-0.49430505568724803,-0.035436162501947414,0.7023659861717332,-0.5767962614679353,-0.02092269153086244,0.7678653498512309,-0.6405621180761021,-0.007935829112617317,rhiosutoyo:J.ab016948-e265-11ed-8f6a-001a7dda7115,rhiosutoyo
J,0.0,0.0,0.0,0.20372008117686993,0.04271811024226922,0.04233888747500419,0.3869262394116963,-0.03259495871761725,0.0581296729053605,0.5027145922799836,-0.1381957977948871,0.06503534182221672,0.5287528636254801,-0.22817233914377888,0.0643257825991066,0.44358807709391035,-0.22452768675655174,-0.010558613056954809,0.6309309014855137,-0.3934648099977289,-0.007578766762949466,0.7501593777612444,-0.4724222135064901,-0.0016599963283966837,0.8404400904134043,-0.5418924600337964,-0.0036077949538257715,0.3767533461848902,-0.38201531902841845,-0.03947169381187352,0.48647432382461103,-0.5571223203668184,-0.0354352063308007,0.43695781014320384,-0.49849671842416277,-0.015513192759228429,0.3814484543268732,-0.4255880966003514,-0.005520045811609645,0.27829783110842726,-0.5144970189234565,-0.059852579055419186,0.3703740126134211,-0.645024012951097,-0.058243279051292444,0.34562314551441137,-0.5800651639980736,-0.030329066155108123,0.3042123044156553,-0.5055981807323354,-0.01774842573620843,0.1694791965512335,-0.6269024592877366,-0.07552332091304498,0.25570842372506575,-0.809616603753013,-0.07766853610914987,0.2545762835137373,-0.7694551852176292,-0.053103520020494815,0.229812226123102,-0.6927563410411813,-0.0344568825002598,rhiosutoyo:J.adfd7aea-e265-11ed-8f4c-001a7dda7115,rhiosutoyo
J,0.0,0.0,0.0,-0.07372335646880074,-0.2824796284557248,0.036673222158918516,-0.02750629707643283,-0.5224753433635969,0.04839857877782235,0.09829525256713706,-0.6518017433672293,0.0582460475612088,0.18588782584109323,-0.6789797031840329,0.0732390221647968,0.1334224596005107,-0.6805565585583034,-0.040548324695267576,0.25365217474564145,-0.8332229276852895,-0.05695507962946018,0.24040045506273572,-0.7428408122072303,-0.049706668642122136,0.1854026395720869,-0.6495523194407501,-0.0367731912423255,0.2675622420039057,-0.5597856097648156,-0.061074967205012994,0.3619220483597666,-0.702513746814989,-0.04020314359479798,0.32786364533162354,-0.6231643209458402,-0.011883805518279247,0.28650067937078544,-0.5615902796113724,-0.002487721225456442,0.36490315548732205,-0.42838378366910623,-0.07539478507260709,0.4479229875972354,-0.5761904825108957,-0.06804199106952863,0.4113243277238926,-0.5366737339564316,-0.05152599951413877,0.3637540447892904,-0.4878885334505303,-0.04780115795328667,0.4357010339438931,-0.30945152352954236,-0.08346490187856989,0.6119047928140353,-0.4633908095059616,-0.10172097634398863,0.7078116183770496,-0.5482646666173824,-0.10642550553124358,0.7757917915185006,-0.621433823253051,-0.10939423901472596,rhiosutoyo:J.b0f999ba-e265-11ed-8805-001a7dda7115,rhiosutoyo
J,0.0,0.0,0.0,-0.07228259030986352,-0.3241865344162992,0.01835053557957336,-0.026630920415308814,-0.5745121966018966,0.02036886866052413,0.08485441238596433,-0.7490074653597265,0.02637551893281053,0.1838362482311155,-0.8021451302461503,0.043312917051250295,0.12582340175483447,-0.65183865500115,-0.07639331775236939,0.228984693694291,-0.8855508232831864,-0.08184706568495174,0.2143089682349423,-0.8253164181340674,-0.04021166275769911,0.16530624888748502,-0.7263578298401124,0.0017889312966887195,0.2648375207596857,-0.5290876155915867,-0.08405932179347723,0.3322630739098938,-0.7587257922798659,-0.0670604935271312,0.29166065873244523,-0.71069720202887,-0.023795188306691133,0.24775879232548062,-0.6349413708689634,0.0033576616158157626,0.36862507904782765,-0.40540072049301906,-0.08364773205036836,0.4326037574731297,-0.6460216640811285,-0.07975706299066221,0.38322652574603755,-0.6274207880570221,-0.047276016807209324,0.3342552756447116,-0.5627863585839565,-0.02604847536852339,0.43852139327942713,-0.2978289144809056,-0.07787643887008366,0.6039909420387287,-0.47026734197132375,-0.09388850870146602,0.693523782349549,-0.5691408782487076,-0.09037246719600052,0.7557347963637812,-0.6497696229446963,-0.08163549879373105,rhiosutoyo:J.b3f5b265-e265-11ed-be9a-001a7dda7115,rhiosutoyo
J,0.0,0.0,0.0,0.03445891422428893,-0.23103126760423373,0.024505775490191686,0.17357086681573428,-0.495699700389366,0.042225895101410706,0.32463062268946347,-0.675511225341564,0.058847866768859794,0.37628494759047654,-0.7640287488697401,0.07725690586263566,0.33549072257418366,-0.5735252171668603,-0.026588955691997433,0.5233767785822382,-0.8045083563021753,-0.021073862076606952,0.5374395606931179,-0.8219379921943041,-0.0012792144068323901,0.5431354758628569,-0.7972099413710307,0.01649116827743629,0.4095852134889439,-0.5097699691509664,-0.04144458191279309,0.5599497803671801,-0.7271291865105052,-0.04072507244330716,0.4922711708664656,-0.6817607961574572,-0.019986355036512023,0.4310820615118836,-0.5968996102383969,0.00045707098305510044,0.4447090135986658,-0.4402289661566851,-0.048310843300104794,0.585611523487477,-0.6398498124086609,-0.05316819231445507,0.5252651970997388,-0.5928208116243276,-0.038248940703382805,0.4700778860729128,-0.5129828118316755,-0.0240224243157481,0.4601559348249309,-0.3692726296690156,-0.04881397519474354,0.663300498016113,-0.4886187548362987,-0.04056749070057078,0.755115712933166,-0.5328684256673688,-0.02146952516120726,0.8276552977946736,-0.5612032596021305,-0.006132653940499751,rhiosutoyo:J.b6f1f13d-e265-11ed-abd1-001a7dda7115,rhiosutoyo
J,0.0,0.0,0.0,-0.022076905154851025,-0.3166812740256421,0.015137290932571375,0.07295474909133046,-0.5551143050584116,0.012855279864649922,0.2146516965485669,-0.6598488712190436,0.009580279680297144,0.3112366585389045,-0.6360806904511539,0.013930342690158935,0.17109477265466588,-0.6630724086301376,-0.05170672226415133,0.33065475916969755,-0.8504120209312988,-0.07830467389732904,0.30901294971999826,-0.752855291610241,-0.06815815746748687,0.2583689496290824,-0.6579550283747855,-0.0478196757775837,0.284465484336768,-0.5195472407578043,-0.06610429144320903,0.4304077206578078,-0.6984898128695841,-0.07435307828831317,0.39138415201496385,-0.6094601993770025,-0.05394667226889395,0.34160274340937063,-0.5473921966682882,-0.03822726649831852,0.3785969859299331,-0.36761626355188115,-0.07659381842948708,0.5196923700944572,-0.5620772978648743,-0.08988846676475422,0.48050335693087703,-0.49211677306358204,-0.07477085950091546,0.42750703390599504,-0.431010160864941,-0.06113205879356028,0.45279783041331056,-0.22826140836036748,-0.08238435381894228,0.6355326189381143,-0.3766432206002494,-0.10017607050384063,0.7481073846308793,-0.4548683715133726,-0.10352711675244332,0.8374930253783316,-0.5366535026703945,-0.10299733255888875,rhiosutoyo:J.b9ee2c8e-e265-11ed-9ab0-001a7dda7115,rhiosutoyo
J,0.0,0.0,0.0,-0.0617786795772164,-0.3026886528369434,0.028048422594676218,0.00031370305476503417,-0.5500118672372293,0.03046565060972715,0.13031526269053267,-0.6808233013095781,0.030959824959951476,0.23491016260793704,-0.6672091366857097,0.038367309575882746,0.10946948921904587,-0.6676335262331604,-0.04879968613905186,0.24931009173928678,-0.84418204376085,-0.06276177090988967,0.23767924276034771,-0.7472064293919308,-0.04410658484241535,0.18839361610385688,-0.6590761452615175,-0.022930759626669142,0.2357863393495428,-0.5507028358871134,-0.06786095242039021,0.3519630464582854,-0.72432309293504,-0.05433574453066507,0.32175796289611885,-0.6367580222561379,-0.023442277971522023,0.2802543638095372,-0.5748831769389892,-0.009156475021784046,0.3383097031996298,-0.42456982396600285,-0.08090168857961845,0.445267102192352,-0.6155086814486957,-0.07592605333222542,0.4078964381111245,-0.5541395966897096,-0.05282931917368368,0.3581897096247876,-0.49344750778078855,-0.04296466805130641,0.4159724424301716,-0.30856928372556935,-0.08888138160873507,0.5845416693316806,-0.4795585447604753,-0.101495129724958,0.6765676248469883,-0.570061465095487,-0.10190030667265726,0.745545858025179,-0.6584690134105486,-0.10285879621908044,rhiosutoyo:J.bcea52ca-e265-11ed-9054-001a7dda7115,rhiosutoyo
K,0.0,0.0,0.0,-0.11202657711981981,-0.16675899305955413,-0.0116486297370793,-0.1726790289786707,-0.32308589639770935,-0.04936738243172366,-0.23410980428515604,-0.4464767736208914,-0.09549157784570894,-0.28640236232530364,-0.5266717550425098,-0.14376758967888567,-0.032462476574099806,-0.531013922113681,-0.03743199235970902,-0.07414428049544718,-0.7420730191721708,-0.08267460174873718,-0.08189095988053241,-0.8736353481630658,-0.11621771737512275,-0.07839544872241962,-0.9864794704545764,-0.14391805998994334,-0.02434102417133134,-0.5075331092387931,-0.06120102032389833,-0.22577668790412295,-0.5662392524849085,-0.11725037092577438,-0.25208857593186257,-0.4607041484706697,-0.12443933517232983,-0.2155830395986589,-0.3964531867619206,-0.12456766687568711,-0.047805170591237824,-0.44866007922346346,-0.08764666359722045,-0.2396732891773691,-0.4832796395109644,-0.12813541322743208,-0.24342313043849906,-0.3857182119986585,-0.108345393752546,-0.1955168500203737,-0.3348908575707815,-0.09347431180088976,-0.08678523105038968,-0.37497145960720957,-0.11856671531763553,-0.23452946562158936,-0.40323776725577576,-0.14440573435141352,-0.24985271544124898,-0.33173600875248993,-0.13183551900915483,-0.2186422229653569,-0.28657591567651064,-0.11825259430737235,rhiosutoyo:K.0075324e-e266-11ed-a1b7-001a7dda7115,rhiosutoyo
K,0.0,0.0,0.0,-0.16167530516034925,-0.12697457997932105,-0.030577335213999187,-0.24551248802661846,-0.25156116020699976,-0.0824365477555839,-0.30169607745460164,-0.35148101490550077,-0.14046875989420926,-0.3242016881181371,-0.4323498044782646,-0.19906864481585027,-0.12420733165794204,-0.5203788568668448,-0.08162251649245301,-0.14718892314819135,-0.7264866504520068,-0.14806680882583,-0.16175003394256338,-0.8465153977044758,-0.19222832757263503,-0.17311316801807225,-0.9581842776066414,-0.22784802216869324,-0.05507116847274576,-0.4932853141352635,-0.10624430096232697,-0.2637589732638502,-0.46837198362477916,-0.1874453741410054,-0.28648960059383044,-0.3111941056740164,-0.19332785262344176,-0.23995059083038192,-0.2437692316015235,-0.18922058490474505,-0.02587089682257804,-0.41784557059035554,-0.13497105679769417,-0.23271352343284551,-0.3810017899993868,-0.19498783056710747,-0.23688691833955355,-0.25889329922190857,-0.15180214516804852,-0.18710011266909912,-0.2241317531153561,-0.11887205101809996,-0.024779856602251876,-0.3268626555048116,-0.17020299204604133,-0.19185244805801602,-0.30046658140722876,-0.20588633584445065,-0.19497507325481328,-0.21273768962720863,-0.17496381226543878,-0.14875968063434203,-0.18665443851517213,-0.14624316706486723,rhiosutoyo:K.c7bec385-e265-11ed-9a12-001a7dda7115,rhiosutoyo
K,0.0,0.0,0.0,-0.15160878746199902,-0.13676640904717632,-0.02743168640419313,-0.2378545100939389,-0.26131308610462056,-0.07975293261792032,-0.2969052199918767,-0.35053242250045036,-0.1395155018822519,-0.3179588100135184,-0.41525970038765875,-0.20000023448924242,-0.11322975038936121,-0.5191512921251527,-0.07877741788829457,-0.14027790301502427,-0.7248830866763576,-0.1462912196734148,-0.1615406574333913,-0.8496201154720209,-0.19089292283446213,-0.182244696122788,-0.9569886101601094,-0.2257424877131795,-0.0523564377694746,-0.49007582268712874,-0.10246307962865356,-0.26049483660292433,-0.47634642542393335,-0.1754780605555123,-0.28484023728985725,-0.33339489974786607,-0.17693654730637257,-0.24105508947980733,-0.26991836022134685,-0.17209034073200313,-0.029351793002750003,-0.41485452022649744,-0.1306955889863183,-0.23337264706313993,-0.37464822783894686,-0.18055328090419764,-0.23615145878249746,-0.2672445352736532,-0.13727493701140664,-0.18643668238327035,-0.2395907364160795,-0.10768304239730445,-0.03017388595080773,-0.3254312788868581,-0.16572816006925464,-0.19325374250865063,-0.2832181006386577,-0.19211969022705466,-0.1929003477300441,-0.20379550673161623,-0.16127059672235958,-0.14231492958661415,-0.1845788817841163,-0.13519975412034643,rhiosutoyo:K.cabac84a-e265-11ed-9ba3-001a7dda7115,rhiosutoyo
K,0.0,0.0,0.0,-0.11702090326170428,-0.15003132534367525,-0.022416080079474703,-0.18433295227647256,-0.27487374466674125,-0.07314910447688287,-0.24522274383547457,-0.3582918061284868,-0.13049078521244,-0.2842898039842447,-0.41246950854575326,-0.18962924066997394,-0.0718045339439545,-0.5288572843381072,-0.08147869947010691,-0.0965015702683751,-0.7322793581038118,-0.14075338285479605,-0.11061290289858117,-0.8571694261312378,-0.1854813646774386,-0.1200248351629511,-0.9671632710597875,-0.2240295651404933,-0.018764585038276237,-0.4946181259822858,-0.10555433290794285,-0.2263938142869799,-0.49272155747409835,-0.16322388573825275,-0.244810601302093,-0.3623723361176157,-0.16773591554690948,-0.19775713055994365,-0.30155383002182945,-0.17245395799934315,-0.005048323948944814,-0.41277697400420227,-0.1317602644114014,-0.2153276840893561,-0.3846831853575512,-0.16281948142949657,-0.20912847509612542,-0.28712527708031327,-0.12412077249747794,-0.15751386026811365,-0.2540550127279059,-0.10571323617816704,-0.015897033483760595,-0.32161412215071405,-0.16499149556059972,-0.18060134587045232,-0.2995767839775379,-0.18623958172031677,-0.17816019394196142,-0.22797447563712703,-0.16070904480707912,-0.1313035085969524,-0.20044590567644716,-0.14201724597861265,rhiosutoyo:K.cdb6dbb5-e265-11ed-932a-001a7dda7115,rhiosutoyo
K,0.0,0.0,0.0,-0.10119059097739722,-0.16678750189995536,-0.011455554860019496,-0.16176414708299164,-0.30798023378609996,-0.05200744411478114,-0.22589475769377362,-0.39409349477448524,-0.09851092715273226,-0.2602494723006652,-0.44610537899834485,-0.14760455660585842,-0.058345330283004856,-0.5240670886120705,-0.07686674569244824,-0.10141027790636198,-0.7305414453060101,-0.13471467938669304,-0.11832865701547983,-0.8563733000180647,-0.18081100549232867,-0.13077318542760327,-0.9666393129016774,-0.22024262241012932,-0.023886603761964633,-0.4749434469895528,-0.10338398212477354,-0.23951381770261643,-0.4919061841208811,-0.1550744857857753,-0.2469363296863773,-0.38357452516271356,-0.15907134434522852,-0.19505388676008878,-0.33512160742775754,-0.16632482501859955,-0.027878634562535025,-0.381169440846397,-0.13055359337593636,-0.24338558472745242,-0.3684520723580048,-0.15828175482002468,-0.2219885749620502,-0.28436455811668804,-0.12307366213120532,-0.1598559873344552,-0.2580334831738578,-0.1080597741518689,-0.05564159411025397,-0.2800524612420645,-0.16307048533524265,-0.21848333521556537,-0.28118397320517463,-0.185120114892396,-0.2067139282535504,-0.21779119711038483,-0.16148419609539125,-0.15374356659287586,-0.19272681137938366,-0.14470925161466572,rhiosutoyo:K.d0b2e53d-e265-11ed-a0d3-001a7dda7115,rhiosutoyo
K,0.0,0.0,0.0,-0.1085024665005259,-0.15365212366850411,-0.029218175806917206,-0.16880553994827785,-0.2786488305060955,-0.08244110260264773,-0.2146017463849137,-0.3781415079972048,-0.14103146520574203,-0.22993554258270874,-0.46135470999114275,-0.20029816442528442,-0.03518704882076363,-0.5255560565213824,-0.08326791435448422,-0.045946710930734894,-0.7326258139544187,-0.14379182989522768,-0.05485729098523977,-0.8611743141152984,-0.18744462733073516,-0.05751263369511183,-0.9728693172690537,-0.22409281220489266,0.021645590162557446,-0.4940262105385009,-0.10247593885077287,-0.17684710216856547,-0.5209479133031817,-0.15633715924573596,-0.20560924378430748,-0.3839824352176324,-0.15895056597336493,-0.16174516932372698,-0.3159440696187332,-0.16306636361454457,0.03567369880792529,-0.42207623125901034,-0.12480192300358545,-0.1703291865683141,-0.4204731047375959,-0.15493765299766604,-0.1768303794469989,-0.31077975498663346,-0.1150338454729088,-0.13044267719585148,-0.2685342144987984,-0.09645908249285325,0.023187462670143783,-0.34490951443374507,-0.1547805838958734,-0.1418372390381082,-0.3352665167537745,-0.17530314465996874,-0.14664342437463646,-0.2518539573712734,-0.14986116788424347,-0.10423836039680126,-0.21455251769895373,-0.13150592585520174,rhiosutoyo:K.d3af1058-e265-11ed-bc43-001a7dda7115,rhiosutoyo
K,0.0,0.0,0.0,0.12459843190709637,0.16171388957443422,0.03401591177254706,0.2124516300008607,0.4311710438357715,0.017825823817094362,0.2324260949660729,0.6502232323285968,-0.010951106097832536,0.24475693118348263,0.8174790522010756,-0.034637992609174696,0.3759436679852931,0.4859903335935488,-0.05400808158921353,0.4094557419757845,0.7859187421951088,-0.11000505046644467,0.3451290375603212,0.9131463279572052,-0.1272371965082292,0.2780266868463242,0.9519929848585591,-0.1281035447649569,0.3262651064762585,0.45862488427328263,-0.10314733853330517,0.16610563390135036,0.7688543000555815,-0.15964417501185646,0.08520297906596294,0.7007565166660688,-0.14885997682493177,0.08559592026318592,0.6094867678333107,-0.13051372580448448,0.24081196127317075,0.4229950031714795,-0.14867896090375135,0.08348706240829301,0.6909123346052968,-0.1875364085431334,0.016754935548301826,0.615897189046591,-0.14468199925566746,0.021677852663895693,0.5340010290678395,-0.10819549360843791,0.1400915223003356,0.38628267508559533,-0.19224523190901396,0.034225536248378374,0.6276562366192681,-0.1971307342487335,-0.022829002401100085,0.58305534552144,-0.14942291947389655,-0.022655111464837778,0.5146111570680824,-0.11147812388815566,rhiosutoyo:K.d6ab5a5c-e265-11ed-8d28-001a7dda7115,rhiosutoyo
K,0.0,0.0,0.0,-0.14483085878550261,-0.15580127871174473,-0.023737753355213127,-0.20206347749940168,-0.3002690305423961,-0.06822080768215447,-0.24284620368610577,-0.4016384957126107,-0.12048822565657119,-0.2600059732273377,-0.4718496111116373,-0.1736706678088246,-0.053202851116406956,-0.5382221394898289,-0.058416938134313395,-0.08188188248350085,-0.7393059867098596,-0.11708266361429873,-0.09363258366462418,-0.8673901660302438,-0.15938091644883018,-0.1003454918883229,-0.9757949986266977,-0.19430620914632005,-0.0013335963521237137,-0.49857502203873083,-0.085589225150543,-0.19898163882421538,-0.5185571847930325,-0.16189074497801384,-0.21951575526778747,-0.3885979577213248,-0.17292834795659473,-0.17588768641934063,-0.3254731653040657,-0.17310919641917763,0.014987156904572464,-0.41622462072596556,-0.11701522529796522,-0.1862304972704328,-0.41915728798477747,-0.17713357916192285,-0.18970169862564706,-0.31412096768506886,-0.14498823292180038,-0.1425164652328889,-0.2739353161375685,-0.11844410805270941,0.002183114926730157,-0.31699684478275786,-0.15415787476376988,-0.15534870780443952,-0.3269888013507479,-0.19119781086024898,-0.1600492605584833,-0.2544374256476372,-0.16778751343327986,-0.11662131868193892,-0.22017059250237994,-0.14482735582795142,rhiosutoyo:K.d9a76628-e265-11ed-9163-001a7dda7115,rhiosutoyo
K,0.0,0.0,0.0,0.09525748937544301,0.18700463291538394,0.02018305816560889,0.1772584155915514,0.44301977795686565,-0.011648836316564219,0.17787488774487464,0.6622793385673235,-0.05885053053226773,0.16865313000531493,0.8305197988330703,-0.10044180583367367,0.40680481259144186,0.4231766584457686,-0.053637394426041186,0.4827929646360523,0.703813788118045,-0.13447469855075872,0.42500352398776664,0.850801153830313,-0.17815324898352833,0.3483882875931404,0.916127183620635,-0.19833452674520002,0.36813662089286964,0.3884549979853921,-0.10620306792872895,0.25350101917049517,0.7348059849998465,-0.19178487189557317,0.15073540063505494,0.6931634839918914,-0.1994162924714064,0.11690564706943177,0.6073267310439939,-0.19036243053690624,0.2856224502549022,0.3632105115440626,-0.15931976542424284,0.16462073644842468,0.6719033950360471,-0.2200774857246996,0.08453386461759539,0.6091990602013682,-0.1787773034307953,0.07017676842398299,0.5189372624189551,-0.13881351928714708,0.18037237176195692,0.3447018757670569,-0.21388835915390275,0.09744275774210394,0.6034320548578187,-0.23629326897624475,0.028690194351522293,0.5740401289999999,-0.19409747154840196,0.009237917220887034,0.5110029570872355,-0.15726974226884013,rhiosutoyo:K.dca38797-e265-11ed-8078-001a7dda7115,rhiosutoyo
K,0.0,0.0,0.0,0.09266110934734105,0.22821905243808438,0.032017554696936214,0.19229093325929844,0.4434285642210921,0.006999911128928504,0.22640286682087196,0.6119164635600389,-0.03556796223951583,0.25484374238433144,0.7508666687343328,-0.07322031523527732,0.4415161215131737,0.33669545790485067,-0.0368770473346299,0.550491100292333,0.5799693541027472,-0.11516771070823256,0.5381908954265278,0.7386415913539568,-0.16578538759196731,0.5044985659455042,0.8415564285954077,-0.1930387900103812,0.41111915673392574,0.29932550995385976,-0.09259266168243789,0.33497488908727524,0.6522172371641893,-0.17988031498477622,0.21527631548453985,0.6435272067757505,-0.19760382522318504,0.15570704931068055,0.5683077328630892,-0.19485597608238892,0.33958434449299085,0.287202025423098,-0.14741098146373036,0.2534033009094426,0.6114353915368652,-0.20774986416312782,0.153983172322582,0.57831697628402,-0.17357942400512463,0.11260318812163564,0.49594011537174437,-0.13678744545908245,0.24703219134255758,0.2931891737789406,-0.20255706357536338,0.1898996595469478,0.5542941090966458,-0.2211696846600621,0.11258216523153688,0.5404574190956021,-0.18031173777130807,0.07835081738559528,0.4766280830093437,-0.143989079239444,rhiosutoyo:K.df9fc29f-e265-11ed-a884-001a7dda7115,rhiosutoyo
K,0.0,0.0,0.0,-0.14929837410305793,-0.14484729283170558,-0.03038931912064053,-0.22239899042250363,-0.27137800395073103,-0.08369895383241549,-0.2771138820192288,-0.37138256437888717,-0.14415149985802256,-0.3029961384290967,-0.4583031398301628,-0.20562370790834988,-0.054233217454664695,-0.5380142268114542,-0.06578946509584252,-0.10012705657815561,-0.7425124908364727,-0.12506180663148447,-0.11775902276594027,-0.8681081092283649,-0.1670146915560472,-0.12559578460105095,-0.9715001785210257,-0.2010301022833685,-0.014802255260048509,-0.5083433988370155,-0.08685058073643509,-0.23499515151844982,-0.5503722101829102,-0.1518041019452371,-0.27352808562833425,-0.40479509293512883,-0.15620098864276422,-0.2302222893157555,-0.33635514763622054,-0.15452722086185175,-0.011552866206466032,-0.4456782245497527,-0.1126991797916559,-0.23126641525102942,-0.46805014352679897,-0.15875716084748587,-0.24630984000042566,-0.34216931021849,-0.1212681241352821,-0.19900953897558357,-0.2934381145459604,-0.09642612929774717,-0.030928200260390157,-0.36900012229735,-0.14575569871792532,-0.2018553721917186,-0.37957867041521753,-0.17599362195395005,-0.20981978266075005,-0.2894191770873607,-0.15212510377114744,-0.16304486878671995,-0.25025149020020615,-0.13057860025260357,rhiosutoyo:K.e29bcef8-e265-11ed-8119-001a7dda7115,rhiosutoyo
K,0.0,0.0,0.0,0.0973940230869763,0.22481243154798675,0.038836554911212864,0.22165458909291602,0.4702209971973461,0.021065835022881188,0.27566012348776575,0.6654243162201744,-0.015688842952560376,0.3227863318203129,0.8176129713150261,-0.045269207262703504,0.5131618729744895,0.3362420433256652,-0.03041386802131676,0.6304845047983233,0.6251563139067575,-0.09431278551462237,0.5740308933992625,0.7978430269025004,-0.12033241470237593,0.4890570397008459,0.8631417123821272,-0.12573621699850204,0.48160430446641495,0.310367086433642,-0.08904297174238752,0.4078861137761445,0.7219853758388743,-0.1567501588953278,0.28708976285154386,0.6994091056898273,-0.15391535410059118,0.2522438036215398,0.6059225545902691,-0.13896704954417036,0.40102685175485553,0.308077673753763,-0.14648796291796698,0.3035198364369074,0.6820185981412027,-0.1965478112472837,0.19783382039994019,0.6417181237614084,-0.1531924216228163,0.16939436226571852,0.5493488229456657,-0.11353918581606798,0.2911867872264335,0.3176263092725067,-0.20279977302716617,0.23890280035066713,0.6270032616821766,-0.2138617256393412,0.1558112704999832,0.6128274887049181,-0.16357191633995213,0.12612942582615003,0.5361395559440804,-0.12253137419735605,rhiosutoyo:K.e597ebcd-e265-11ed-84fa-001a7dda7115,rhiosutoyo
K,0.0,0.0,0.0,0.11234576544889194,0.22375720869965124,0.0388507005267381,0.2335059401547072,0.4876960006098553,0.017381572689486112,0.26888742602267846,0.70785422748178,-0.02218735601912146,0.2960408750614304,0.888760555829644,-0.054651286557231823,0.5107104705095803,0.3795991506053472,-0.03808277029118939,0.6030373257836216,0.6807684315540169,-0.10914811801588893,0.5178808818899937,0.8443397413901916,-0.1374401443610514,0.417081838438608,0.8923352589199594,-0.14291525539243344,0.47038075972133814,0.35233303731321464,-0.09878983509976476,0.37268884906899785,0.7721042233110316,-0.16878977419895316,0.24532286540396533,0.744414186896009,-0.16220529195468983,0.2064891613119449,0.645997733248562,-0.14392955761668724,0.37777265300604884,0.34643357691706395,-0.1587591775143438,0.27303827173560874,0.7213987622144757,-0.20235623689900092,0.16520084958815878,0.6808808230125951,-0.15153459931598384,0.13426073589764656,0.5846581851658439,-0.10848819328959475,0.2597411618886666,0.3501656826083493,-0.21889423424652774,0.1971459393306186,0.6518156279988028,-0.22397713455079585,0.11482301504925468,0.6303720469685513,-0.16991616098763257,0.08513339273282712,0.5511813526080512,-0.12740110808724356,rhiosutoyo:K.e894019d-e265-11ed-be47-001a7dda7115,rhiosutoyo
K,0.0,0.0,0.0,0.09253222817199247,0.2578526087890792,0.041114436539742706,0.2037925383613701,0.5035296423880627,0.022643654585818525,0.23572620298470204,0.714860455645114,-0.0188146891658875,0.2691089123212502,0.8892731212793562,-0.052983574297467625,0.5059420607173852,0.3638083189616482,-0.00029644847415086196,0.6097358132141061,0.6631960420548328,-0.06526082184656837,0.5421496309952855,0.8255036131985035,-0.09647963717713402,0.4510819725249034,0.8861793895213015,-0.10588268815389894,0.4684144542581461,0.338638603264178,-0.06354445194602486,0.38809997978454136,0.7399601028108937,-0.1371489757733679,0.2679022222941166,0.6923176229396505,-0.1394447763663069,0.23028957187190402,0.5840743812913015,-0.1241110510205165,0.3833823067625996,0.338454501631893,-0.1283782160136415,0.2862053592751902,0.7080495195862364,-0.17649830394875246,0.18124723264890572,0.6507315372134721,-0.13161648987879765,0.14915007478496248,0.5439660546374048,-0.08924689027484517,0.27381971587930076,0.34918295555866186,-0.19375903413165124,0.2204681619573333,0.6483964690475649,-0.20051455079058642,0.1373786988502269,0.6240516385741536,-0.1491694127083099,0.10517465212813612,0.5401502048351038,-0.10719098613881374,rhiosutoyo:K.eb903d16-e265-11ed-9a0b-001a7dda7115,rhiosutoyo
K,0.0,0.0,0.0,0.06640037740484163,0.29452052268856027,0.024637761099017684,0.17588318755817678,0.5310558044123586,0.004837176524413038,0.23447358365349472,0.7091868491270985,-0.034515363152240665,0.28806875696758477,0.8573899206211518,-0.06655422832825213,0.48759525328242687,0.3619932482423675,-0.00993476717538872,0.6086646712526601,0.5934309749275801,-0.08245082293518058,0.576382918012531,0.7587319575133439,-0.1229142973627132,0.525474760530305,0.8390468980148148,-0.14098432174300674,0.4548751699682712,0.3261236514851585,-0.06690528769933131,0.37625002366522176,0.7183028441448988,-0.15627279206481348,0.2431607775119211,0.7046759437906127,-0.1679076141183513,0.19591572816251052,0.617173439636719,-0.155925746231156,0.3730104688837105,0.31661268986001223,-0.1268116320869524,0.2837067236600217,0.6759154697652068,-0.19524574226909497,0.16785321261036562,0.6422485713951196,-0.1555404466386751,0.13043496007176572,0.5457996592842022,-0.11059325535396482,0.26307013272683083,0.3214713315312173,-0.18816215081405172,0.21021213834631172,0.6163917924347685,-0.21472353432038366,0.12864090021301336,0.6007936496492738,-0.17011411026131304,0.09987959758633327,0.5215506429961314,-0.12868241524493332,rhiosutoyo:K.ee8c7932-e265-11ed-8188-001a7dda7115,rhiosutoyo
K,0.0,0.0,0.0,-0.12009101046268354,-0.17130877931414662,-0.028620703166394826,-0.1718542031587434,-0.3033507465830613,-0.07825937350947579,-0.21392655196838997,-0.40320076944227995,-0.13357197619309885,-0.23601930497934065,-0.483744434765322,-0.18907429375549817,-0.030420037285872,-0.5331456334837996,-0.06969521577525246,-0.053666824823862,-0.7416451152882922,-0.12379581978457788,-0.07232917058277696,-0.8700382999470138,-0.1626617067127214,-0.08413317168144505,-0.9769436375114903,-0.19622114704750487,0.01747085193386937,-0.49951397594468677,-0.09001190023281005,-0.18517427672507183,-0.5381277201186335,-0.1431930598552374,-0.20448598558953504,-0.40590298440669925,-0.1480063866924943,-0.15600192221125483,-0.342152816348633,-0.1531919524399186,0.023796533609279826,-0.4256016354703481,-0.11418334198451562,-0.1838463240287177,-0.4351368791958123,-0.14947941698600323,-0.18542784735772969,-0.321819209601746,-0.11643884967470222,-0.1360344698113632,-0.2778889207750522,-0.10052873964953948,0.00029041246970795063,-0.34865056381048987,-0.1455373404216401,-0.15980898064654042,-0.35163701663505564,-0.1712860926177089,-0.16208453009026197,-0.2693978035264331,-0.15205397189773912,-0.11983785147066314,-0.22984840018360445,-0.13798118769832726,rhiosutoyo:K.f188a55d-e265-11ed-9e2f-001a7dda7115,rhiosutoyo
K,0.0,0.0,0.0,-0.12527753595422508,-0.162417874957893,-0.02311371094581992,-0.17982056551869458,-0.29822495410509664,-0.06858445678299077,-0.2269424580469977,-0.3928969017559018,-0.12059204253102015,-0.2554867701655712,-0.46684774217238717,-0.17322776796007458,-0.054883305053764556,-0.5337678229545355,-0.06655622959409464,-0.08429083137370932,-0.7428877781652884,-0.12089240610613756,-0.10442491119950288,-0.8697201434718262,-0.15920031538244925,-0.11770296181092263,-0.9743435834997461,-0.1918348093381642,-0.002293415046255125,-0.49910001333443266,-0.08968585579976779,-0.19936887048377522,-0.5215291782702325,-0.15003710614324645,-0.22049830830524914,-0.38944529749823004,-0.15717120097218532,-0.17495733987537038,-0.3225116474481036,-0.16093714254151728,0.011723638775044745,-0.420171339149701,-0.1157691854599306,-0.18805126595822677,-0.41743076453407774,-0.15957031278756542,-0.19121728931445336,-0.3073004980447376,-0.127592127791303,-0.14272677954208973,-0.2670252406222081,-0.108589790151742,-0.0020552222037485625,-0.3340695323958476,-0.14764941077929014,-0.1557271820548822,-0.32940775819250484,-0.1747146465935128,-0.15895979920318554,-0.25158028229368223,-0.1520856872341096,-0.11587758213092492,-0.21915265443776685,-0.13427710594491535,rhiosutoyo:K.f484b39c-e265-11ed-a62d-001a7dda7115,rhiosutoyo
K,0.0,0.0,0.0,-0.15117517014823764,-0.1544780183653823,-0.014720447755182478,-0.2168518404665198,-0.3137524816496671,-0.05288463307104558,-0.25911554217500427,-0.4215562494772251,-0.10109517248950609,-0.2655008188998449,-0.4889859351973397,-0.1504480045979139,-0.05955382879002857,-0.5685630523732688,-0.04389870542436167,-0.09078210893562583,-0.7630870011183424,-0.098246549394533,-0.09782584375633663,-0.8756882911849859,-0.13596313847397576,-0.09741710847889365,-0.9807804441118482,-0.16905510173720756,0.0035672225900611186,-0.5274977616363911,-0.07740705630496154,-0.19887804599682252,-0.5547186261651396,-0.15199331266845742,-0.23728321773775354,-0.4081453369107486,-0.15841925823020755,-0.20005943530953726,-0.3357528680354711,-0.15578860394126678,0.027861439109580406,-0.44061382805105426,-0.11547754506453087,-0.17900084222774132,-0.4504323087351866,-0.17684388426349987,-0.2002945065734752,-0.332826650954315,-0.13775237876696267,-0.15555900143703827,-0.2865367882577971,-0.1058148314123629,0.02370707701976593,-0.33340043168379874,-0.15828447200880777,-0.14106430476642995,-0.3513895241000951,-0.19502418754578243,-0.15601169137794904,-0.2741467442967634,-0.16619979925709968,-0.1129070335345885,-0.2392491116077534,-0.13950030383093023,rhiosutoyo:K.f781012e-e265-11ed-bbff-001a7dda7115,rhiosutoyo
K,0.0,0.0,0.0,0.028598926741402977,0.24444444270414709,0.03835252144585021,0.12359398572300694,0.4315580289361069,0.032318772244350195,0.18546664798073248,0.5556432499799768,0.003712671855182916,0.23780359797096604,0.6496818368465858,-0.020484526319119026,0.3703741908023992,0.3655986719449852,0.019270917717957907,0.48678054172476876,0.5592463721161781,-0.03075791471204942,0.5430689941093978,0.7059839726663364,-0.05450006650982058,0.5809053342326435,0.811328087299056,-0.06554179902715554,0.38323087277388657,0.32035767774007473,-0.03792617676180615,0.4154966864591572,0.6641605532173793,-0.11849593180639878,0.3099935703103253,0.6854196853595935,-0.12510631379214052,0.23850391618048594,0.626277963083423,-0.10279213748917464,0.34559348979730803,0.2970298838761876,-0.09556856656704935,0.2772072387530317,0.608253868672641,-0.17051216773382452,0.16973370794669948,0.55269255403037,-0.142157293609961,0.13057527432201166,0.4584068443254662,-0.09709115660160982,0.26683492126220937,0.28885211571015634,-0.15110890279284958,0.18802654502326835,0.544138765067199,-0.17951366158987805,0.11028711873602125,0.4920834201717666,-0.14245629377166033,0.0933330689517429,0.3974350994361422,-0.10387106779636035,rhiosutoyo:K.fa7d12fb-e265-11ed-a10d-001a7dda7115,rhiosutoyo
K,0.0,0.0,0.0,0.10847234632809603,0.2079661897459631,0.04804007784609917,0.21575030138682585,0.4939911112473804,0.03305239403260186,0.2416732398539648,0.7413670485247705,-0.0033833335541703052,0.25658665820092674,0.9391484126441357,-0.03020310439684714,0.5017590174900752,0.4236814091169748,-0.0022629061957030743,0.604889281024307,0.7374777529644667,-0.06066503186928119,0.5228401035309732,0.8480925953954023,-0.08589048710545122,0.42543871537105354,0.8333189708678012,-0.08808471026047861,0.45852533023491154,0.42649687444703,-0.06382793381280487,0.3569470452175318,0.827220754880299,-0.11501120362542651,0.24470774518123486,0.7791302563698164,-0.11574351844538346,0.22249815795143366,0.668410345972737,-0.10477539109703783,0.36620282070960114,0.4410892122127086,-0.12415148226530584,0.2587223872144214,0.7980759695598167,-0.15355197007034174,0.15797627610515985,0.7446961003198402,-0.1131223286819638,0.134250860862112,0.639094602605648,-0.07926626348236085,0.24900270993963272,0.4591370394954264,-0.18363862737884815,0.19526276031399067,0.7608199372530378,-0.1825436054740721,0.10574040112706024,0.7290719595103704,-0.13062694122362106,0.06731295003842779,0.6378010200529901,-0.08926082593658126,rhiosutoyo:K.fd791ae5-e265-11ed-9a29-001a7dda7115,rhiosutoyo
L,0.0,0.0,0.0,0.1369679490305467,-0.06572027298068478,-0.07921416589840467,0.26197160137685777,-0.21848396570983067,-0.11557009609396794,0.3792483121145999,-0.3156967095731269,-0.14981906409044363,0.486954718826506,-0.3327326202048007,-0.18437834410246612,0.14034599286328167,-0.5109766621018017,-0.05876218551348438,0.16824575986383924,-0.721916583424661,-0.10250488377037391,0.175713006803503,-0.8566061833315403,-0.1367189853529688,0.17791657161683122,-0.9698743655623407,-0.16640134785860355,0.038540165165964806,-0.5164370351659988,-0.05835500992149733,-0.0015815054901368733,-0.7220739063506989,-0.13456546004141173,0.005934205858021952,-0.6103992338712163,-0.164430468126523,0.02266046619972649,-0.4962094822727249,-0.17196903230730298,-0.04933885554557979,-0.4762188830566777,-0.06683586666463912,-0.08893293519474127,-0.6523871570575206,-0.13938948610198995,-0.06646766872030724,-0.5439024865058121,-0.14002541370207375,-0.04370848424850771,-0.4377047395500433,-0.12478084080916334,-0.12521838695625842,-0.4102287006009896,-0.08392012520382605,-0.15426862445386055,-0.5548098117210845,-0.1336935387321926,-0.13349909035235485,-0.5044791506958102,-0.1331236066083691,-0.10867539663929371,-0.43380074504419414,-0.12361623175294821,rhiosutoyo:L.0b46a11b-e266-11ed-ae1e-001a7dda7115,rhiosutoyo
L,0.0,0.0,0.0,0.13110076948675098,-0.06549290577998089,-0.08264664809498627,0.24796727139862448,-0.21538681286002787,-0.11812803968296576,0.36515374073978923,-0.3107520793929216,-0.15056777013961314,0.47133052315006496,-0.33724711014640035,-0.18267793234449878,0.13134508207505566,-0.5177114756462368,-0.055429009233759555,0.1528944745316948,-0.7273159839708082,-0.09815850890334996,0.15448632149037772,-0.8622235380538777,-0.1329215304223665,0.1542795843797086,-0.97451684519628,-0.16283343720598056,0.027820826054420333,-0.5252235478590537,-0.05247225284547561,-0.01370014871653309,-0.7352110813110173,-0.12555293066905598,-0.01228315010110062,-0.6351181430450397,-0.15442201897073235,0.004613217692010194,-0.5236977819127643,-0.16133178579035767,-0.060733489246825485,-0.48664591351921116,-0.05924967768112975,-0.10214699239304735,-0.6660217419063947,-0.12984573103381478,-0.08655122561510717,-0.5661760675593406,-0.12965285977827887,-0.063004286215199,-0.46021681981077867,-0.11385961478969037,-0.1374775151990548,-0.4193220310167441,-0.07521765403949907,-0.1738843019013609,-0.5634853178390019,-0.12546684719335213,-0.15890144011255455,-0.517241854159466,-0.12461290487306381,-0.13379115928872143,-0.44432138499951135,-0.11422916097419514,rhiosutoyo:L.0e42b221-e266-11ed-a942-001a7dda7115,rhiosutoyo
L,0.0,0.0,0.0,0.1340014506447575,-0.0646349543136919,-0.08213807603242507,0.2533842356762135,-0.21527453532707405,-0.12038575664213913,0.37078059988656803,-0.3110498312289591,-0.15633384509160497,0.4793022658865115,-0.33769779901090774,-0.19211120048225874,0.13830742463703297,-0.5223701576168275,-0.051774312388440685,0.1618152724759661,-0.727517091024915,-0.09312918728094215,0.16949158219086813,-0.8604902493730098,-0.12776065873126127,0.17104435596330614,-0.972428105013112,-0.15851627321415834,0.03560513025992202,-0.5283131164650092,-0.05077572506017932,-0.004823613772418864,-0.7407337913056629,-0.12296683180923945,0.005441258763180509,-0.6330655904437904,-0.15308937109420523,0.023590166538503207,-0.5211537914742859,-0.1615450700351647,-0.05305560280883077,-0.4867447206219983,-0.05950743001228559,-0.09399616390162839,-0.6703761225159368,-0.12953959967352818,-0.0700222801357748,-0.5645198064525585,-0.13046406559977836,-0.04579372516762625,-0.4607159990787251,-0.11631120846340956,-0.13057463454117044,-0.4167985725461265,-0.07732586205339273,-0.1633046513878157,-0.5633645788667266,-0.12679668019313747,-0.14183868577499933,-0.5122983082388407,-0.1264761030823892,-0.11575457561070686,-0.4410765478476155,-0.11754813608484473,rhiosutoyo:L.113eb848-e266-11ed-a4c6-001a7dda7115,rhiosutoyo
L,0.0,0.0,0.0,0.12787065111409973,-0.0729702017856529,-0.08990388797493168,0.23756006046662667,-0.22631327260560075,-0.1315840131402814,0.343942556559813,-0.3413820582814226,-0.16872273138189892,0.44576226767254234,-0.3961204551587313,-0.2047722554556845,0.12062433318312228,-0.5259696762856967,-0.059284555491442195,0.1349869793321256,-0.7336712596532896,-0.1028496010449977,0.13542125208101247,-0.8647780912615766,-0.13917220610283368,0.132255595700754,-0.976427500667976,-0.17058075314972804,0.019506177038045313,-0.5271738720535101,-0.054802183823581964,-0.02160444330344688,-0.743844258761903,-0.12890996512668101,-0.010296451083192822,-0.6406559347163427,-0.16172088313579291,0.009821282694276269,-0.5301253131764702,-0.17158528708316173,-0.06695610843699902,-0.482101034506487,-0.06032021757945207,-0.10712856332209551,-0.6695033575311728,-0.1325232827094075,-0.08076096031212783,-0.5676399687620852,-0.13662979093057892,-0.055062988632442425,-0.4629387842370588,-0.12426042470577844,-0.14243617580386267,-0.41007087603825154,-0.07540670525503981,-0.17490056759785041,-0.5602169927942448,-0.12862266977795195,-0.15397848334938893,-0.511743557588017,-0.13176660034944462,-0.13005446438160426,-0.4403403264994206,-0.1247468167918205,rhiosutoyo:L.143afd86-e266-11ed-9a04-001a7dda7115,rhiosutoyo
L,0.0,0.0,0.0,0.12858436094170794,-0.07351202099837938,-0.0777580148445924,0.2440337282109287,-0.22752414124509857,-0.11596752559377829,0.3511010090999634,-0.33759070554626164,-0.15166736899323305,0.45028820276686427,-0.39389997027880413,-0.1870605465822261,0.12894227235160793,-0.52439745292343,-0.04618006902691182,0.14304526015670366,-0.7304368255625824,-0.0832062218619592,0.14577412161468534,-0.8661054179385771,-0.11763806289665286,0.14394692705581089,-0.978433783510636,-0.1481438944953553,0.031304891900909015,-0.5236388795741141,-0.046577655165148835,-0.0029127171405672176,-0.739144014806761,-0.11170618725351171,0.01636393690596804,-0.6413604871970195,-0.14436624253440522,0.03854080959939146,-0.526285151553978,-0.15641166581758767,-0.055388779078748084,-0.47844958147915545,-0.05555176003889791,-0.08637446229166096,-0.6696227060287666,-0.11508271568294984,-0.05571587033946226,-0.5775517001720365,-0.11928898253544312,-0.03260828595196155,-0.4717263860781885,-0.11062006992815665,-0.13346402852501532,-0.40759576284096993,-0.07335208721860764,-0.15625361146538663,-0.5654166570080418,-0.11537639477732316,-0.13090382571753217,-0.5237164270462591,-0.11578673239721496,-0.1078284817625899,-0.45033649240153334,-0.10928400048276281,rhiosutoyo:L.17370d62-e266-11ed-be57-001a7dda7115,rhiosutoyo
L,0.0,0.0,0.0,0.14055743527736803,-0.059293542206814195,-0.06387901098833143,0.26443475583776543,-0.21470948945531645,-0.09629497117444158,0.3706478371060078,-0.3240770036027159,-0.12870213604871455,0.47233403305306987,-0.36861511032413424,-0.16242941097934488,0.1533810273499109,-0.5071224200936671,-0.04870909928822998,0.1589320981783215,-0.7232783431282884,-0.09044666906485967,0.16705050454052395,-0.8580430261149401,-0.126572738509516,0.16762203075719254,-0.97302674665727,-0.15849859650610043,0.06038973504628027,-0.5075338487899336,-0.05687255592301135,0.031869787312498385,-0.7263782405050621,-0.12343125415698045,0.05904506208268314,-0.6227704356898301,-0.15773091427499386,0.07888655454841732,-0.5083400384954109,-0.17320634997885598,-0.023194183096183867,-0.4618738897634505,-0.07202039938613956,-0.055508003440153865,-0.6580180613711428,-0.1341182479571012,-0.017697647770156855,-0.557393918746639,-0.13919718644609286,0.007349426537037821,-0.4520507737764725,-0.13246959074043904,-0.1009334451856095,-0.3875032549526242,-0.09441757188410893,-0.12674291996781528,-0.5473221033238582,-0.13784346687603466,-0.09599388840202276,-0.5034941277956758,-0.13889112787013222,-0.07026036856214476,-0.4354031171869259,-0.13433988067741137,rhiosutoyo:L.1a334330-e266-11ed-8cfd-001a7dda7115,rhiosutoyo
L,0.0,0.0,0.0,0.13658437923777736,-0.058591156024626535,-0.06591474925620357,0.2664078919609658,-0.21557449707007825,-0.10100742956193715,0.37791374922306636,-0.32225384999443946,-0.13548693321693744,0.48285846624444956,-0.368261420145495,-0.17137690457312726,0.15140686266155282,-0.4992928803934937,-0.05138763607289416,0.16195814874874254,-0.7155164689759348,-0.0926677815977808,0.1712440235325148,-0.8560928063212706,-0.12804977239597357,0.172429846369898,-0.9720266215039105,-0.15947474774567547,0.056831828064349485,-0.5005169117354435,-0.05876865927505601,0.024696889995281086,-0.7226350305224062,-0.12501579248851158,0.05557645970778457,-0.6144149536312871,-0.1580474883128594,0.07959337424135937,-0.4948773062570431,-0.17249612681559376,-0.030373948869462358,-0.4547909971615301,-0.07326743228174445,-0.06284928997921614,-0.651957754292362,-0.13449628712299072,-0.02294277228562677,-0.546392337848966,-0.13906329832645423,0.003246892268507361,-0.43901496236291543,-0.1326859610030857,-0.10990147762469092,-0.3811772538848636,-0.09502541056570883,-0.13893707168201755,-0.5399465782307348,-0.13690996404055245,-0.10570813200393185,-0.4864215980724934,-0.13740628760666715,-0.0768477231849349,-0.4119491450844972,-0.1332448453321125,rhiosutoyo:L.1d2f5e35-e266-11ed-9e0f-001a7dda7115,rhiosutoyo
L,0.0,0.0,0.0,0.16492235467833966,-0.08296441973821897,-0.05865910688911598,0.2982218685692958,-0.24265549684690974,-0.07604356505207645,0.41080635591332293,-0.3597011270341231,-0.09381911092676297,0.5102246876365873,-0.3937490699183624,-0.11038023797661055,0.18010810521539847,-0.542504703792141,-0.002751304867894155,0.19353523266476239,-0.7429602007710734,-0.02805408971228831,0.1960820808919577,-0.8661116507810731,-0.059915744509057206,0.19305191321409762,-0.9770338876014063,-0.09019834412481807,0.08141940448862653,-0.5569980848847563,-0.0048520997851540775,0.07409114262534879,-0.7628464984485318,-0.055462671869609285,0.08202498693857475,-0.6673836237889421,-0.08944843189578681,0.0872416042254502,-0.5622391359762542,-0.10655086169419146,-0.0065060173496492716,-0.522824025978197,-0.015893775740199338,-0.020863179981494954,-0.7161465435784873,-0.06670900590078746,-0.005635985952749741,-0.6335249489143545,-0.07544001483683961,0.00047519051181923484,-0.5311427966903969,-0.07194312037611725,-0.08996334210803869,-0.46028419942850146,-0.03440576294706581,-0.10654158456814339,-0.617672672380049,-0.06951440607016465,-0.08959852660979242,-0.5882643330889108,-0.07183046056687166,-0.07405956663168296,-0.5243746328100011,-0.06887392321947938,rhiosutoyo:L.202b925f-e266-11ed-bdaa-001a7dda7115,rhiosutoyo
L,0.0,0.0,0.0,0.15794481802470547,-0.11926524858285449,-0.031239463933109394,0.28170040867650387,-0.30477331981763267,-0.04004458796921841,0.3790518331839185,-0.4180412028021165,-0.05218942935472779,0.47071061657638325,-0.4550255365336042,-0.06291927844031887,0.13350901474246657,-0.5174079060360202,-0.01772404398975295,0.13008315065214715,-0.7429389591673943,-0.05183229605549653,0.12580973729709108,-0.8694919882529015,-0.07728585579160975,0.11387490842227063,-0.9884982393156336,-0.09951751655719626,0.04579212422114415,-0.4989135442760379,-0.0319442964874564,0.06599457096817644,-0.5928255695119968,-0.09617326366462374,0.07479545668637474,-0.4135707519622074,-0.11360176420534171,0.06724245979659098,-0.32011288692572865,-0.1132804636977252,-0.03722225112152959,-0.4514151184194123,-0.051225293481191335,-0.014875941427213057,-0.5240033803143345,-0.12276140081409795,0.000709591016465252,-0.3601600126589462,-0.10770795874710115,-0.006432229019338905,-0.2875501676373472,-0.08014993555845572,-0.12335900069911097,-0.39393193576479174,-0.07324709034871964,-0.10408792074054139,-0.49227453792866344,-0.11782204282904499,-0.0709827424865505,-0.38242703179890325,-0.09716437273063586,-0.06641073206115558,-0.31378683591516876,-0.07238037005462011,rhiosutoyo:L.23279ae3-e266-11ed-a546-001a7dda7115,rhiosutoyo
L,0.0,0.0,0.0,0.1390005125852072,-0.0971216884194358,-0.042277064601904855,0.261102670615724,-0.2758671516747991,-0.05980617491153156,0.3606532488445537,-0.3803333711213369,-0.07645690949954123,0.45124219841546415,-0.41412471787027966,-0.09162140534935968,0.11442602555309905,-0.49536292169277274,-0.05336091497325761,0.11965925689223639,-0.7301519707007631,-0.09348552833027668,0.12324909773647315,-0.8619705528657001,-0.12057577324863335,0.11684652586309785,-0.9826430364116789,-0.14408175590740255,0.025815700494153195,-0.48337199183576446,-0.062355944866203834,0.06741689277272755,-0.5631654719686191,-0.12849134160633743,0.07627006336630245,-0.37457609878390463,-0.13885398422959833,0.05574355303714841,-0.2803743021126844,-0.1339942910265414,-0.05431162982081381,-0.43774211005387614,-0.07579866353895187,-0.008106245678361945,-0.4985753215539167,-0.14494119309092,0.007013275535524282,-0.33256632923582286,-0.12116008674580384,-0.01165777159237183,-0.26830483962216367,-0.08951931681279263,-0.13364161173451308,-0.37822942305655344,-0.0928650189001492,-0.09298012987786887,-0.46254492985302487,-0.1356954241970463,-0.058312556135408054,-0.35565907499333305,-0.10997110005455157,-0.06138354536241896,-0.29735464888826657,-0.08237204713357987,rhiosutoyo:L.2623adae-e266-11ed-9b51-001a7dda7115,rhiosutoyo
L,0.0,0.0,0.0,0.13886507677621335,-0.04424626958935364,-0.05332375993030451,0.2866438888141048,-0.1966536893735039,-0.08071445089881697,0.3967990975488201,-0.2774697065604005,-0.10778766018109931,0.49685793274409507,-0.306642651515107,-0.13311524083544127,0.16256404195348875,-0.4539212828497779,-0.05914377532702568,0.17500957171250187,-0.6898394275993203,-0.10955281445338916,0.19341971583143536,-0.837222706031064,-0.14684747059396158,0.2014769119018404,-0.9634253039459851,-0.17668824999723123,0.08464185021430277,-0.45626242393024613,-0.06589589961840299,0.15205619458743436,-0.5251538953999249,-0.1363127635061327,0.1505004470814685,-0.3603357982032049,-0.1536453667330904,0.11958605555525044,-0.2715532730928501,-0.1546700437300733,0.0031735447966848487,-0.42260082096151064,-0.07915041808051833,0.08018011946535537,-0.46593282434649,-0.1547439811368691,0.0719983735367303,-0.309895717298638,-0.13648646237745723,0.03434514123619023,-0.2508410729538009,-0.10881313644054909,-0.07894488746582844,-0.37612003865910204,-0.09705111117733721,-0.0069996479973192536,-0.42807453056571354,-0.1497506733041358,0.00381898863895734,-0.3225526125798799,-0.131153006450366,-0.022815949009634583,-0.27450986878725586,-0.10839817287640355,rhiosutoyo:L.291fc5cb-e266-11ed-ae5a-001a7dda7115,rhiosutoyo
L,0.0,0.0,0.0,0.12242655732750357,-0.05767689801513366,-0.05236815483595723,0.26681958118691956,-0.21092781106198305,-0.08519445073316939,0.37908488074329666,-0.2930770198163682,-0.11646871626856893,0.48081684540547,-0.317274850433822,-0.14581510914395882,0.14797206886319011,-0.47383399053905606,-0.0725673866427171,0.16581053014773303,-0.6983032481969722,-0.12415183648574495,0.181299155939928,-0.838236473626432,-0.16011817398979333,0.18327691430919865,-0.9646805300281864,-0.18921164780698907,0.062411268121297686,-0.48495382298503964,-0.08056876143407056,0.15028528259145565,-0.5133975809302083,-0.14566758065621307,0.1457797069563965,-0.3402998690565365,-0.15337407013659418,0.10978930208676523,-0.2801517344011217,-0.14983688838688675,-0.0191226034420927,-0.4495744522491234,-0.09456240670631252,0.0736419729580408,-0.45947752658346885,-0.16980717122447453,0.06862781257428714,-0.30043085315293694,-0.14690679248695424,0.030175967386266725,-0.2685349446165397,-0.1179988651263423,-0.09776399652384397,-0.3940507308532152,-0.11263791952533077,-0.011330499143867677,-0.41871768626856465,-0.16616252748578778,0.007742115590252531,-0.302934500054431,-0.14435050179959166,-0.017887717557233767,-0.26639513494120437,-0.11972965547408221,rhiosutoyo:L.2c1bf7fc-e266-11ed-a573-001a7dda7115,rhiosutoyo
L,0.0,0.0,0.0,0.11873389507375881,-0.04998403329875708,-0.05493129770777317,0.25688569695547825,-0.20409290601777347,-0.0910436070818364,0.3738696008199405,-0.29902122991146407,-0.12538302185606087,0.4867561764677728,-0.3229813933141431,-0.15938932369222483,0.16402416052562555,-0.4545002283080159,-0.06957149721502916,0.17520192127796383,-0.6979630432289721,-0.1166386727226927,0.18524624737589643,-0.8391329275059294,-0.14944809683302343,0.18593493488576876,-0.9663130311876066,-0.17795315604406894,0.07815842056118906,-0.454122175111807,-0.07874213598804027,0.11403070308199653,-0.5175733114325621,-0.1482314306683786,0.11441591500363696,-0.33900515809976456,-0.16252379201121164,0.09658461735493352,-0.2546652234368057,-0.16192187006590547,-0.012043785296002713,-0.4137018365225138,-0.09323195695284452,0.026178280885133614,-0.4482525639585873,-0.1615234394218305,0.035555123799155756,-0.2911169096336821,-0.14186069740785195,0.025173793905273786,-0.23773637827636784,-0.11618243990159668,-0.09764628352146827,-0.3578382242249994,-0.11233736613965196,-0.06087508256672218,-0.412403298099294,-0.155476174076097,-0.03842196679255453,-0.3055775350054486,-0.1336408608375125,-0.044065489085625374,-0.2628308825012287,-0.1107501339900487,rhiosutoyo:L.2f17fc19-e266-11ed-b80c-001a7dda7115,rhiosutoyo
L,0.0,0.0,0.0,0.1704864539431004,-0.016255523943313817,-0.04629815691775678,0.34344475443230243,-0.14452832579096872,-0.07812396214435605,0.46879424340652925,-0.22770721158015364,-0.11031270183553299,0.5712210996439941,-0.25542213658015667,-0.14390348388702018,0.2295652463317285,-0.4080199441441638,-0.07504518410495348,0.26230211858733804,-0.6508336750632556,-0.12866768100889303,0.281098257887017,-0.7967498721881491,-0.17510358072534107,0.2914442244136048,-0.9326225396231042,-0.21278031544977047,0.15238456952899918,-0.4262247081577043,-0.087083824440068,0.2321255620369224,-0.43693841452909626,-0.15960443389027162,0.20666851590546378,-0.27752209734267913,-0.18988971858118509,0.15811226354033345,-0.20866481792011482,-0.20407230524085068,0.07409684256847403,-0.3932888258967965,-0.10144548134224161,0.17137825954887792,-0.3928260501099572,-0.17252245880682973,0.14809354169706834,-0.2444957394056687,-0.16174261717875038,0.10646342123035718,-0.18666518300810941,-0.1442993605726284,0.0027611498168651884,-0.3421332219500893,-0.11900008824177263,0.09119054339019807,-0.34725914326895885,-0.17116612171182885,0.0887860063692615,-0.23295698972175238,-0.1524138635710863,0.06432510472811806,-0.1704698545751058,-0.1312969137329932,rhiosutoyo:L.3214250e-e266-11ed-bdea-001a7dda7115,rhiosutoyo
L,0.0,0.0,0.0,0.13127803323484238,-0.040360344407185014,-0.056051563525352587,0.28461991643836837,-0.17983093607912518,-0.09189320106230686,0.40582034219383306,-0.25940048340269073,-0.1275630975586669,0.5189549155244503,-0.2725771773288816,-0.16258692252115267,0.18531878738892454,-0.4408052800207049,-0.06634136472239573,0.20472565067648185,-0.6709710479417909,-0.12226229988473733,0.22929912073772932,-0.8228570004446694,-0.16354539956692296,0.24307204598563456,-0.9501676545167153,-0.19518557521128818,0.10643999809462508,-0.4569388132399851,-0.07234831872569125,0.18814051016967193,-0.49743665103997264,-0.14215027577400455,0.17649215037970004,-0.33511930154299174,-0.1562735052071128,0.1356258961083066,-0.25879273335259,-0.15505603960960734,0.02117526235030525,-0.43083353514030687,-0.08539774670144645,0.10505884771000992,-0.45371503198746527,-0.16190641478887324,0.09372387046693109,-0.29776845347294806,-0.14299247994146982,0.054002358392794186,-0.2460087732132873,-0.11492162454659617,-0.06585448997303,-0.38540878981924104,-0.10285116278327475,0.017871581346914796,-0.4233988358962498,-0.15618953733391525,0.031000189153016496,-0.3105048760030371,-0.13664628910261634,0.004732734671136307,-0.2603243585540622,-0.11291629164023383,rhiosutoyo:L.3510438c-e266-11ed-a230-001a7dda7115,rhiosutoyo
L,0.0,0.0,0.0,0.139347895648102,-0.08682197613546491,-0.03591687452538465,0.27641549474256966,-0.24666232541758867,-0.06375313738398838,0.38777098683090994,-0.34201850169436776,-0.09468558939540193,0.4858540502130985,-0.3696037678646529,-0.12450041030067606,0.15346269748294147,-0.47990691901909666,-0.07095252758627212,0.16919835069767783,-0.7059154177461398,-0.12189478152731904,0.1807802595129468,-0.8384609146233862,-0.15762321648124594,0.18269460392945527,-0.9651303922259934,-0.18747268520176433,0.06668527455270644,-0.4859424830329825,-0.08757729630429761,0.1401621704270552,-0.5194361008255467,-0.15917945127947575,0.1471053496282592,-0.35187871299781553,-0.1738750806451308,0.11970926618255714,-0.265491299010986,-0.17539120071888928,-0.012957669452788884,-0.4423240290678944,-0.1072251936544617,0.065037190868101,-0.4457337445627452,-0.17252880162370654,0.07231572194884317,-0.30063964016668887,-0.14967842012218607,0.045431182431871345,-0.23699399120102727,-0.1234839019797331,-0.08794032894579273,-0.37886987228021873,-0.13154585498537483,-0.02462733749736595,-0.39278933284806755,-0.17361920042513743,0.005253236673672002,-0.29877841317844583,-0.1561477042964875,0.0009766101077281863,-0.24968135837845812,-0.1368085098987053,rhiosutoyo:L.380c7d3a-e266-11ed-bc4d-001a7dda7115,rhiosutoyo
L,0.0,0.0,0.0,0.13044512686299362,-0.09439063098848466,-0.04810629745415367,0.25530288516738125,-0.27145251533959946,-0.07779376651493186,0.36136633074327457,-0.37557687993970795,-0.10864853725261234,0.4576064456188293,-0.40948124173996053,-0.1390759511980935,0.12474120366709895,-0.49284790182834864,-0.06925240816374188,0.13619198608170782,-0.7172752773257942,-0.11933015953925125,0.14046088544642538,-0.8518191279014169,-0.15209306521229682,0.13509476484102434,-0.9744998926104237,-0.17916295324318898,0.031090483866381538,-0.4821248751977864,-0.08158365474835308,0.07947153938807917,-0.5497455821504197,-0.1592882922487322,0.0907437157899546,-0.37282603365577516,-0.17495590919901743,0.07398082589454194,-0.2791880574234745,-0.1728089610168653,-0.05282267925218703,-0.43135939999786266,-0.09808823618798727,-0.0014031649101351848,-0.47597071192698254,-0.1723871366488392,0.012069335620068759,-0.32301024838524856,-0.1487681211711888,-0.003985109898821131,-0.25590751847503207,-0.11754593742659245,-0.1321243370705258,-0.36334795563208155,-0.11961208648360983,-0.08906886780391893,-0.4204614923976427,-0.16566889892755707,-0.054513603739917704,-0.3242067714321334,-0.1434719186440436,-0.051294774412741585,-0.27136468274497316,-0.11849773494615075,rhiosutoyo:L.3b08c519-e266-11ed-b39a-001a7dda7115,rhiosutoyo
L,0.0,0.0,0.0,0.1416783801616258,-0.11270066870361739,-0.037352751319791135,0.25727153530969193,-0.2959386097610908,-0.05739187795699965,0.3559161156224746,-0.4155793795493338,-0.08022172440183567,0.45158128071808823,-0.4638898674794881,-0.10257521232988315,0.13150512719126645,-0.5038608735216917,-0.044497317601162364,0.13087851984764945,-0.7341762731497067,-0.08719085457414262,0.13119499332593113,-0.8639216759377777,-0.11666374052016433,0.1227014334849325,-0.982423344071821,-0.1406724253131478,0.04444570772735006,-0.484485190549125,-0.058186307534532355,0.06712103244623181,-0.5790671440182739,-0.13179410168320943,0.07789913520857628,-0.40206596202670647,-0.14985423889405372,0.07013772458752542,-0.29499507248706003,-0.1485828168384378,-0.03665574348958887,-0.42777131743252095,-0.0759857281629581,-0.014819884958610677,-0.4992807313940217,-0.14585646629086102,0.004189824837789333,-0.3480124948038113,-0.1275731873835312,0.0011786608389849427,-0.2643715975081798,-0.0989338908042118,-0.11567420075997227,-0.35663619421937254,-0.09760166552082748,-0.10807746792481575,-0.45373735772268925,-0.14048293428218148,-0.07085810748584478,-0.3610201633640308,-0.12192152387566947,-0.05458396603424555,-0.29017676378022156,-0.09906952682319892,rhiosutoyo:L.3e04cf59-e266-11ed-835e-001a7dda7115,rhiosutoyo
L,0.0,0.0,0.0,0.12492882880520192,-0.08925006062056037,-0.052738047835099,0.252897022577874,-0.24134631083680885,-0.08725179318721632,0.3715786826596184,-0.32926379469755124,-0.12045518028119616,0.47571661821527506,-0.3361355542309336,-0.15063491172476964,0.14944680601367633,-0.49138181343174964,-0.057741525926847115,0.16804469799533606,-0.7138930409934542,-0.10528589523425362,0.17296016269881248,-0.843741213345852,-0.13888794261288684,0.16399838519829602,-0.9722232569402586,-0.1669924199382334,0.05815220686859244,-0.48616767776187536,-0.0659639533895827,0.10032086242243624,-0.5516755299178518,-0.11995814282270817,0.10384605256576782,-0.37107210566985793,-0.12289264567450021,0.08853160179262476,-0.32692523981909327,-0.11810245550177552,-0.029196541531785226,-0.4402605926312231,-0.0809198293036356,0.009153586322443385,-0.4911779801942924,-0.14034031503670277,0.021624553735948668,-0.3382128689848865,-0.11073045846383661,0.005622868826811586,-0.3179666623646453,-0.08106503139399598,-0.1127713689353214,-0.3794601052131743,-0.10124809771131643,-0.07585612234401133,-0.44225664560925343,-0.1317060574027476,-0.04802294589406723,-0.34541782119376985,-0.09639692484248996,-0.06107549743775795,-0.31889137870736284,-0.06652831909006976,rhiosutoyo:L.4100f150-e266-11ed-a951-001a7dda7115,rhiosutoyo
L,0.0,0.0,0.0,0.13299156644086216,-0.08583443744797871,-0.06454998016813668,0.25903302226409297,-0.2136350596793899,-0.10328340298223115,0.3850364852919212,-0.2973363302125654,-0.13816904652452963,0.49268242946746205,-0.3057071714161725,-0.1698933609801996,0.17660086821042761,-0.48320808323648506,-0.06000203009873574,0.2001056252744472,-0.7067891139980526,-0.10137244393001282,0.21303795862232028,-0.8384484330738108,-0.13086202144595227,0.21409418690052381,-0.9640921071857776,-0.15713079900990323,0.0865709406415631,-0.48110876704540523,-0.06027299210889844,0.11754978039063657,-0.5652688077245699,-0.11284384003061006,0.11585902958019244,-0.38246704396524883,-0.11526115841873558,0.11345948460739741,-0.31666223685744505,-0.10922123234510045,-0.0035926044464710477,-0.44235525875441795,-0.0684876575710656,0.023779847755543593,-0.504257520190098,-0.12723345060552516,0.032008073146333055,-0.3501077517065287,-0.1006792182439735,0.03062362139506506,-0.30786376246047203,-0.0719137980484883,-0.08790300946909463,-0.3826904301758114,-0.08311830725901243,-0.07334234204608168,-0.47224473365185404,-0.11760378561345569,-0.044316381971221515,-0.3729757009573812,-0.09037061949853376,-0.035353938667774136,-0.32309344587470945,-0.06508662393975892,rhiosutoyo:L.43fd2160-e266-11ed-8f8c-001a7dda7115,rhiosutoyo
M,0.0,0.0,0.0,-0.04595165100322294,-0.23004807462517718,0.0017307599824674192,-0.005804521763551974,-0.41366119457928385,-0.005502991174885518,0.0850151069220515,-0.5057508672600006,-0.01155463120194523,0.1576134963153059,-0.5399634014192893,-0.020648767008536333,0.02354591246053175,-0.486584767264614,-0.05568540264188053,0.08776148306318868,-0.7329995202195209,-0.08739818551187957,0.12879514325288113,-0.8779257871549342,-0.09841160375941017,0.15824272598547248,-0.9821685756583091,-0.10150925407082323,0.12187605575573955,-0.4264650834652086,-0.06959509255547565,0.1964395684309192,-0.6975496636338839,-0.09353788106200797,0.23045272458425395,-0.8458586497651152,-0.09953808441206098,0.2584794595700319,-0.9491273110691657,-0.10180129026131024,0.20838619286310925,-0.3518708816168393,-0.07991218667390439,0.27080736141218076,-0.6065847186646341,-0.10353817552010978,0.29146625595775255,-0.7509118353843979,-0.1119517406450225,0.3077477769128698,-0.8488920001615092,-0.11605862778932625,0.27561641582286583,-0.2706715973877391,-0.0879524324877835,0.2892389536465913,-0.44703211373076907,-0.09843349647049972,0.2709232079599827,-0.4993778844539888,-0.0894123784444801,0.2626324566889542,-0.5121917320782333,-0.08010127567725749,rhiosutoyo:M.4ecf9957-e266-11ed-9574-001a7dda7115,rhiosutoyo
M,0.0,0.0,0.0,-0.0515813198772034,-0.20834412099321398,0.004522977846477623,-0.027202167943932067,-0.39969635284246685,0.0019419623725367738,0.034807164628467085,-0.5310137463324142,0.0033102133082286707,0.07978410314845524,-0.603668025002972,0.000693206091829491,0.013365659197754237,-0.4688952266154979,-0.06235890078037924,0.05356125743767758,-0.7316496071393137,-0.08847724722944826,0.07562378476513817,-0.8812105394738599,-0.0953998943038241,0.0980670262123374,-0.9905214400946765,-0.09617762256698341,0.10939703358819229,-0.4200123661530104,-0.06984821632692283,0.15878484456945838,-0.7019929698220794,-0.09383134972902418,0.18016855445886523,-0.8481532509298096,-0.09721443015069234,0.20153753529065396,-0.9561169230739228,-0.09644115462573961,0.1920798793152798,-0.36288891815007446,-0.0714173812832257,0.24009164409841577,-0.6157370468349722,-0.09160528081033588,0.25850360651490906,-0.7600896563169797,-0.09746841633922591,0.27261852646976037,-0.8701675886231065,-0.0991289274687598,0.25493677309453194,-0.2997986008272652,-0.06953794052315088,0.2721511990872889,-0.4781958260090959,-0.07848110010952372,0.26741692775222126,-0.5734375948324394,-0.07030449691618064,0.26871004295202316,-0.6457217258811151,-0.060818168308602163,rhiosutoyo:M.51cbaca4-e266-11ed-8166-001a7dda7115,rhiosutoyo
M,0.0,0.0,0.0,-0.13645952089372548,-0.0646211600301094,-0.07361166449967813,-0.25986442246798275,-0.18515457495324464,-0.125695982173414,-0.36790424011623757,-0.2843280199805354,-0.17171701283566557,-0.45880817077704866,-0.3437287445472869,-0.21911538748265835,-0.1526054105161445,-0.48320000760328136,-0.08747997431346839,-0.19761657281151676,-0.6887966688397731,-0.13481355029644562,-0.21818549809383134,-0.8137817177774997,-0.1728992105628819,-0.23192082886828091,-0.9151132793860007,-0.2003890480147368,-0.04722241532573952,-0.5064172817568693,-0.0870574148662011,-0.03905670239482237,-0.7373468775287497,-0.12046389552851337,-0.03022863744650637,-0.8771226601023382,-0.15008851409854554,-0.01823162765162141,-0.9846534446903134,-0.17356613037304466,0.04924513105477897,-0.4685224316548269,-0.0942779532777539,0.07018248082011898,-0.6809986742596666,-0.12451389477935618,0.08198212666099224,-0.8084355907799233,-0.15082793382719056,0.08889710290660266,-0.9098957567180286,-0.17123821106082812,0.13333259091393182,-0.3903632165377528,-0.10826020966103521,0.16363131198274827,-0.5422186263753475,-0.13375368997542794,0.17805988805899028,-0.6435514237152242,-0.14459095484086118,0.18501811490275177,-0.7296559502456988,-0.15190433308867468,rhiosutoyo:M.54c7eff5-e266-11ed-8260-001a7dda7115,rhiosutoyo
M,0.0,0.0,0.0,-0.1345430809331082,-0.06611358904136166,-0.06287634257036855,-0.25310703634713033,-0.1774299768308184,-0.11488807190859471,-0.3621492075375091,-0.2801575871710521,-0.16402803136662944,-0.4499388417270471,-0.3453506551750999,-0.21671986837072815,-0.14529813377029563,-0.46659441226130216,-0.09490716066225753,-0.20139453676088814,-0.6759016842219575,-0.14149805997451634,-0.2269407576463425,-0.809770938117032,-0.17665418266978547,-0.24189081676843147,-0.9150339586212958,-0.20248877121939834,-0.0451510433539604,-0.49475538815626935,-0.0985638516919442,-0.05773606220866501,-0.7237004086824775,-0.13191132977963393,-0.06163523707728694,-0.8711101423951828,-0.15751357285849624,-0.06056508857755257,-0.9819200523004032,-0.17934570230693142,0.04920649131926917,-0.46216016314281305,-0.10781248524352748,0.05488045330271216,-0.6767942130422102,-0.1420106800358776,0.06325516077541704,-0.8116790406828926,-0.17083890026675486,0.06831268983494453,-0.9159180293615732,-0.19301984999560073,0.13431149064806971,-0.3864357786552106,-0.12216311570665134,0.15800337819036372,-0.5446465811878262,-0.15450451021584832,0.16747542084843792,-0.6416007464134786,-0.16822680099366286,0.16616059217798895,-0.7219650926075413,-0.17736034424272484,rhiosutoyo:M.57c40d60-e266-11ed-857f-001a7dda7115,rhiosutoyo
M,0.0,0.0,0.0,-0.06630877344689391,-0.21186826132610176,0.0066879852346388964,-0.021627074681050348,-0.4121014862685583,0.012746134389724289,0.07072046475955827,-0.5156019674022168,0.029141279216968626,0.13448584551382375,-0.5495482168620085,0.04214850385840675,0.05523400054119688,-0.4575012396388866,-0.07348257389214839,0.09463413797643751,-0.719430310539867,-0.09733581871988925,0.10991645891543123,-0.8701744562942817,-0.10597226852329301,0.12777899586010386,-0.985932740018264,-0.10774581373334947,0.14519900702513452,-0.38954203884083893,-0.07375961683348174,0.20645668785950913,-0.6693079672708119,-0.09028162064912418,0.23313533967035577,-0.8207133176025457,-0.09147617780729916,0.25961905403009733,-0.9346939074372874,-0.09066631727293657,0.21717727863573358,-0.3285157957591019,-0.06641783252355403,0.2789039721942251,-0.5754729597898738,-0.09282323677840369,0.30967308036309815,-0.7268744339833918,-0.1137771958324092,0.3360335658287278,-0.8339139908138732,-0.1247934733710208,0.26549915570352994,-0.2715477078835926,-0.05237827316473988,0.2535545127798943,-0.4469172827347706,-0.06096875943854511,0.19588532840459458,-0.49938194402650726,-0.051603136368560884,0.15157783848233877,-0.508500559179276,-0.04255263626964766,rhiosutoyo:M.5ac02dcd-e266-11ed-a895-001a7dda7115,rhiosutoyo
M,0.0,0.0,0.0,-0.1344110435012099,-0.06314741844304936,-0.07813825268386246,-0.25375874636558654,-0.17847057903379177,-0.13519148876325499,-0.3583853593508199,-0.28895143878906737,-0.18614825422667788,-0.4489044930182851,-0.36725067695837904,-0.23893710217420638,-0.1556427944903279,-0.46612875145688404,-0.1029789084695294,-0.21407757972897026,-0.6654452193250829,-0.15725091407422775,-0.24082087805351635,-0.7983213390690069,-0.198621214726937,-0.25475768066936355,-0.9024906605332156,-0.2287230617328556,-0.058636151442170555,-0.5002937942534466,-0.1000698106799333,-0.07291017963415809,-0.7259255226606169,-0.14067113516938082,-0.07724511660387252,-0.8707606771390329,-0.171774283249851,-0.07528583421178954,-0.977453806301205,-0.19727163940698958,0.03214357378280172,-0.47350275670417813,-0.10472950000729855,0.030868254493789937,-0.6847393141498587,-0.14094233793614241,0.03042334645586984,-0.8209519301043366,-0.17152800448622216,0.02674796456455653,-0.9270754639113861,-0.19550264089840994,0.11494366964835351,-0.4020601992886935,-0.1162436715715629,0.12828319354286224,-0.5632295269237139,-0.14988930352696145,0.12750339304880703,-0.6721384919431592,-0.1680505227691985,0.11616371194031834,-0.7660480079197606,-0.18070004885600713,rhiosutoyo:M.5dbc76be-e266-11ed-af43-001a7dda7115,rhiosutoyo
M,0.0,0.0,0.0,-0.11889860250222367,-0.06846924495364926,-0.07365250546097048,-0.2273505146461135,-0.19230888529514817,-0.12479505500487115,-0.32414351170341454,-0.3067193198141483,-0.17084234060959116,-0.4048153617436184,-0.3853027461384421,-0.21786284362288516,-0.12907714045113064,-0.4807347598193734,-0.08368941168133284,-0.17713603070037162,-0.6805555172502069,-0.13330653118581215,-0.19613141987123373,-0.8085236496710063,-0.17197160293871644,-0.20637062180784713,-0.9114175975962936,-0.19972681698511907,-0.037707855570073175,-0.5068128893520151,-0.0813473366668254,-0.04380871851923664,-0.733007798991733,-0.11959950316355014,-0.041262413574377405,-0.8761297955415921,-0.1504120722918271,-0.03324703034072892,-0.984062195361776,-0.17468895395326092,0.04820501133267292,-0.47524721857780394,-0.08728235724162592,0.05528827920738909,-0.683346236522347,-0.12188575522052955,0.06361155415835326,-0.8130075096319144,-0.15171482043796927,0.06912388850794185,-0.9141401797807924,-0.17366887581215432,0.12753697851397008,-0.4039312500619146,-0.09987414598699333,0.1486684434026797,-0.5634637344745836,-0.12873238958377936,0.1595160435928124,-0.6661473805758221,-0.14483677707528742,0.16129393802672387,-0.7574544189303635,-0.15607833052036782,rhiosutoyo:M.60b88ffb-e266-11ed-acb7-001a7dda7115,rhiosutoyo
M,0.0,0.0,0.0,-0.12802294207243223,-0.07154253948127093,-0.07505209389206378,-0.24292042874937025,-0.19183629191190038,-0.12655850054404696,-0.34662677707554296,-0.30574070963646666,-0.17281619173565274,-0.4367002984680553,-0.375822314644055,-0.2202441255281641,-0.14381766435240656,-0.49073329838909574,-0.0870444851981505,-0.19063219580714963,-0.6923369357450475,-0.1304288094521743,-0.20815671021666196,-0.8253106418050378,-0.16556856172075402,-0.2175197347301049,-0.931698276302614,-0.19305728665706348,-0.04019229843484991,-0.5246877839481154,-0.08359326887500132,-0.048957905276945414,-0.7447174807515908,-0.11617303617729717,-0.04886569173136804,-0.884621093872968,-0.14345519193445133,-0.0463865660252686,-0.9848243126546531,-0.1672404248280703,0.053325241254984994,-0.49482054557431854,-0.08798281467267884,0.05788685619870682,-0.6966488056694973,-0.12010313364896326,0.06543181578684541,-0.8295566026888985,-0.14972795433516786,0.06652478274692597,-0.929090288077695,-0.173528962542874,0.13741906888428757,-0.41984965227622384,-0.09915794988475858,0.15742487641229536,-0.5762389981569339,-0.12825382342758185,0.16482186084503095,-0.6763894108911517,-0.14417904610051605,0.1595958354831747,-0.7600332048920382,-0.15628542359488592,rhiosutoyo:M.63b4a745-e266-11ed-b31d-001a7dda7115,rhiosutoyo
M,0.0,0.0,0.0,-0.11380481549671002,-0.06977720899125561,-0.08266493028803884,-0.21575415677653523,-0.2072813258469634,-0.13326690103473562,-0.3049796928185379,-0.3307555012225758,-0.17644184027494433,-0.3861192472001769,-0.3989056554648982,-0.21917693345593942,-0.12006241440136974,-0.48387668147952295,-0.08654015644522331,-0.17034845174539615,-0.6903772373498156,-0.13497786411810225,-0.18996358154555443,-0.820345280861174,-0.17362187028961207,-0.20090642426067282,-0.9292568690693565,-0.20176245083929364,-0.026424300888656806,-0.511837772287631,-0.07722256162257242,-0.03470765886970784,-0.7386468748739637,-0.11519490465010972,-0.03312407266769106,-0.8780888777865787,-0.14479753105681153,-0.030018463373165882,-0.9854067925940581,-0.16754803778679364,0.05692694979876715,-0.48753157513962814,-0.07666678427278642,0.056811310984960825,-0.6915527599678611,-0.10831252987681464,0.05835267654092962,-0.8174802044590356,-0.13436498880410266,0.055770769644182,-0.9206185872829807,-0.15331930309856645,0.13315414241189624,-0.4266169581158455,-0.08419844446771053,0.14182538957954582,-0.5938845506006066,-0.10826099547063937,0.14202567766892618,-0.6932338904210923,-0.12035215396507841,0.13436252641947669,-0.7819050465023022,-0.12879294244006023,rhiosutoyo:M.66b0ec96-e266-11ed-b09d-001a7dda7115,rhiosutoyo
M,0.0,0.0,0.0,-0.05782744221986236,-0.24703473343526125,0.00536712983363066,-0.014388230956417919,-0.4246160756676211,0.0020070517198042875,0.07555382634854532,-0.501842896901178,-9.970732006456232e-05,0.1411584981616125,-0.5241147452021826,-0.0072733705307121525,0.05427128914632825,-0.4910545139876117,-0.052470194866607554,0.11640767276981508,-0.7316743984762701,-0.07897796914951187,0.15373362536401153,-0.8749927104745299,-0.0873061056282903,0.17968083801353615,-0.9796841946507588,-0.0890711805369588,0.1564640860010396,-0.42857189522681516,-0.06361825980681833,0.22697328064734215,-0.6950064826210895,-0.08600649939497924,0.25257900761274377,-0.8443815347956757,-0.08758477979401934,0.2722320074266075,-0.9516740570095954,-0.08537126003125946,0.23515207650748163,-0.3543206064147196,-0.07050109315476338,0.291900442963328,-0.5927721280509947,-0.08989319214724517,0.31856102348149345,-0.7431094194412042,-0.09827583602236148,0.3369720412870378,-0.8494492013458739,-0.1027776868565922,0.28428944423165736,-0.27334789145282035,-0.07464736578674373,0.2884696754539225,-0.4326355273733471,-0.07559546795811611,0.2612220625218822,-0.49208609521976077,-0.06345998427937188,0.23839381578005686,-0.5126046828768988,-0.05328750526034116,rhiosutoyo:M.69acf6de-e266-11ed-82b2-001a7dda7115,rhiosutoyo
M,0.0,0.0,0.0,-0.09676362180546909,-0.20661816359499646,-0.030382228641409013,-0.060166890511356715,-0.4011870674765852,-0.05163619477977837,0.037717229160274444,-0.49779358455120154,-0.0639309983772887,0.1048609616443098,-0.521739448836491,-0.07646535602711539,-0.02591920010579041,-0.45119178051731207,-0.10257591699697466,0.03711915871791404,-0.7293200928305246,-0.1389569573007623,0.07886885672877726,-0.8799964221181877,-0.14219427598171627,0.11520443135700581,-0.9621908334547333,-0.13829575117907314,0.07769850064374614,-0.3976737173808114,-0.10730838326082116,0.14452403044488504,-0.7059189039156717,-0.15505996402910444,0.17612159108411263,-0.8656988647822783,-0.16213278592540684,0.21520495825980554,-0.9638255441182472,-0.1572486770868365,0.17159042595279944,-0.32965683856038075,-0.10877266181775773,0.23067583807363073,-0.6030480496208644,-0.15485886255763065,0.23780704656834556,-0.7152974972966161,-0.15301475022716762,0.2586546275776451,-0.7614999792114171,-0.14050405954364906,0.24900244149910816,-0.24666766211481525,-0.10987051241516578,0.28595890497650217,-0.428101606487212,-0.1339761126788428,0.2614599225102582,-0.44862014607038275,-0.1123317628191757,0.24971346305515357,-0.4083130277377349,-0.08715770491835638,rhiosutoyo:M.6ca91c4b-e266-11ed-a6e7-001a7dda7115,rhiosutoyo
M,0.0,0.0,0.0,-0.07150191855528858,-0.24381066052215036,-0.0011498816125332352,-0.03479475867583014,-0.44564645081987164,-0.0010238262136725237,0.07437687317227332,-0.5308948289056128,0.006155453009346615,0.16445789647704176,-0.5302040118827419,0.01035625124268461,0.0758140430866588,-0.4634589146667826,-0.061286230472526106,0.16317052995741113,-0.721483478691254,-0.07426486435228942,0.20555566884982815,-0.8602061356105538,-0.06640834487957983,0.23773020015857818,-0.9638881185685164,-0.05647815756991785,0.17678829382178154,-0.388576070794578,-0.06170814809635622,0.2533064743426095,-0.6790667806705302,-0.08750961827604377,0.28312800622786405,-0.8368796362743559,-0.08462250878374933,0.3131284414833251,-0.9467328633221237,-0.0751496150363847,0.251900248768317,-0.3165243266467761,-0.05623433000271982,0.3188695387528972,-0.5757118650422923,-0.09884242568328623,0.35294089663052675,-0.7388336218014111,-0.11553895926559332,0.3833729132120531,-0.8474591167862838,-0.11610014563197363,0.29983241678416,-0.2500292433044158,-0.0442548678592955,0.32458256069404057,-0.42747433586790634,-0.05721525661800647,0.282579000352969,-0.4430038861476913,-0.03941184808916086,0.24551813232118927,-0.4001851166351631,-0.020967418781748626,rhiosutoyo:M.6fa550cb-e266-11ed-b99c-001a7dda7115,rhiosutoyo
M,0.0,0.0,0.0,-0.13940994321620093,-0.04800188840636707,-0.06389097029886569,-0.2612967498397308,-0.14817984909047247,-0.11568924990798643,-0.3609912536149883,-0.24002268406738078,-0.16396706003417308,-0.45039264959393094,-0.3022457829808817,-0.2137453583130995,-0.1759655632308399,-0.44525351368790766,-0.08642963130776525,-0.23499978380670064,-0.6411810776691395,-0.1384927554594018,-0.26783733450764374,-0.768750188878935,-0.17874045116240672,-0.2923032212921996,-0.8744104748902822,-0.20698712301233882,-0.08253245787407947,-0.4790672966760044,-0.09167873434924953,-0.09685519065372822,-0.7148484831913248,-0.12802852807180845,-0.1028592276591714,-0.8642364228024358,-0.15657147514063918,-0.1014984858954398,-0.9785079554843902,-0.17949996772894442,0.011296437211760556,-0.45207426549675833,-0.10370847993219748,0.014838191274398027,-0.6738223274542657,-0.13633277102249627,0.019563881403947755,-0.8073391970184365,-0.1640643062327097,0.02273338713403079,-0.9147135909642735,-0.18510131811179475,0.1013957375085226,-0.38463441763556516,-0.12145888449255973,0.1270583119497752,-0.5510630178220214,-0.15106383055098868,0.13666859663541964,-0.6576453418639383,-0.1647031424891958,0.13658007117556972,-0.7511039504002677,-0.17340929041454495,rhiosutoyo:M.72a172f0-e266-11ed-95c8-001a7dda7115,rhiosutoyo
M,0.0,0.0,0.0,-0.11564112187605276,-0.18185562940293343,-0.003536309562800603,-0.13186105737638587,-0.4058644624414948,0.000514523667808548,-0.05965115221624907,-0.5537260269707,0.011639266546327345,0.015409371950089427,-0.5686638337554017,0.022747144648655647,0.023290597020123077,-0.45249244475722267,-0.051776353412184395,0.06196175654293248,-0.7242747064112683,-0.0636477377160758,0.08293979972489374,-0.8714940152145322,-0.05988840944113945,0.0986268687544627,-0.9809359072016421,-0.05478908309769371,0.12489566947642979,-0.4020278238519929,-0.04995404755774493,0.15616605020243923,-0.7073211047578953,-0.07298191067589894,0.16329844625237872,-0.8698925998412154,-0.0690542001161524,0.17383100693304374,-0.982866573402423,-0.06128686577745268,0.20572241537111854,-0.3468172255587784,-0.04450042457964732,0.25374299871958733,-0.6185637461690534,-0.08262615072870765,0.2661722174563544,-0.779482272131072,-0.09642150317224141,0.27306157440865264,-0.8841859847761109,-0.09554431777487805,0.2643773672219024,-0.28685631762984937,-0.03422372374224886,0.30775811325176633,-0.4842844281098988,-0.050743166481726144,0.27893025379581243,-0.5202821575586549,-0.04115160046908833,0.2506699187924609,-0.503213534728056,-0.02845586726729431,rhiosutoyo:M.759da596-e266-11ed-8fb5-001a7dda7115,rhiosutoyo
M,0.0,0.0,0.0,-0.12268308377762836,-0.06632178146929857,-0.06946243829904453,-0.23646911328153747,-0.18958002922711037,-0.12054236752111026,-0.3429381640880338,-0.2935057023126448,-0.1681157320078769,-0.4300885100394086,-0.35441738822757285,-0.21890047386647885,-0.13150428748877635,-0.4942819247229568,-0.08147116708904775,-0.18395408464325125,-0.6919976852914638,-0.13052197185964165,-0.21083270671190668,-0.8215302915851727,-0.17093192794871576,-0.22852387521014134,-0.9276302752257864,-0.2013766642166604,-0.026726054079940616,-0.5214384849244628,-0.08348879205344407,-0.02876860137203893,-0.7362685162838765,-0.12089891934416859,-0.030196759107309793,-0.8745656550826979,-0.1549128851023652,-0.02731768846799668,-0.9828927195983512,-0.18214182841215346,0.06745000440857324,-0.48543883270660965,-0.09302578126988535,0.08465442901099328,-0.7002475175505568,-0.12836938707284168,0.09447967745469207,-0.8336569544552309,-0.16261838121706276,0.101184433754208,-0.9426486866149019,-0.18845953012666275,0.15013578624700194,-0.4052853760785967,-0.10853374031668189,0.17768080968681943,-0.5722782997093887,-0.14106419774604556,0.19206857782712788,-0.681551220740306,-0.15876136656556936,0.19632769527345234,-0.7769058886132313,-0.17071496825027524,rhiosutoyo:M.7899c794-e266-11ed-b8ac-001a7dda7115,rhiosutoyo
M,0.0,0.0,0.0,-0.13826153081846868,-0.03293715836704039,-0.0704025516564545,-0.2559869940718727,-0.13107088440989617,-0.1224102525603282,-0.355449379368552,-0.226969665158216,-0.16958890670542873,-0.44262390313925637,-0.29379292094040943,-0.21885261064501216,-0.17162585182529846,-0.4437918906830004,-0.09105497743900569,-0.2390917944478097,-0.6314584361197009,-0.1462488331448732,-0.275952487296419,-0.7549838047141167,-0.1893260662722454,-0.2992631691394811,-0.8610893959133723,-0.22049335074853157,-0.07733767393904052,-0.4845184641599555,-0.09378303035670027,-0.09654146758863763,-0.7092938489671314,-0.14047210682165395,-0.10545901859767035,-0.8539721271361747,-0.17632613899402166,-0.10387968255882978,-0.9737918801628893,-0.20233236439161686,0.01603192805691508,-0.464867175398821,-0.10361484790160654,0.013885361239576932,-0.6847594234244654,-0.14740772755541884,0.011394497900639965,-0.8202343212149701,-0.18065183847094762,0.010218287001655654,-0.9315089689318041,-0.20220433759451054,0.10454685873178624,-0.4037960210573965,-0.11914650678698066,0.12155239590253482,-0.578913364931255,-0.15501973055351492,0.12624693771278644,-0.6940962751842116,-0.17291252031225637,0.12496897408852121,-0.7942975876874824,-0.18361521715748957,rhiosutoyo:M.7b95cf8c-e266-11ed-b449-001a7dda7115,rhiosutoyo
M,0.0,0.0,0.0,-0.13529770815547848,-0.040077082457785934,-0.06991883017728667,-0.25338772625637696,-0.14339356287026708,-0.12349914933978869,-0.34713650976449084,-0.24785273241703387,-0.1712681248495459,-0.4233496064381016,-0.3297779257741413,-0.22027085822350206,-0.1500631519163066,-0.43797465909776995,-0.09850112022557354,-0.21883185868977628,-0.628753831970003,-0.1548602762375465,-0.2559181385470823,-0.7555181315394733,-0.19799139510510277,-0.28068372620061344,-0.8628827320219105,-0.22805102567324276,-0.0569230510341546,-0.47783002575338107,-0.09807594813643995,-0.06823624196563916,-0.7081648008915833,-0.14190101891621937,-0.07544195735818049,-0.857137874202934,-0.17338646950530967,-0.07414037671681695,-0.9775666519519799,-0.19714625416600004,0.02947500087877864,-0.46251438762905084,-0.10406858010928656,0.034495355822243494,-0.6846911582513334,-0.1422651854350566,0.03441595824684495,-0.8251419039489706,-0.17254272573227888,0.03334813794275916,-0.9388707404235176,-0.1938222515464325,0.10767679483230519,-0.40778315291478795,-0.11583081539847873,0.13257198168354392,-0.5776923262109022,-0.14849538984054103,0.13938128733677746,-0.6905885480628535,-0.16546592299894425,0.13624238513267184,-0.791105685804851,-0.17596098888356196,rhiosutoyo:M.7e91f2e0-e266-11ed-b384-001a7dda7115,rhiosutoyo
M,0.0,0.0,0.0,-0.1060872857694491,-0.19432560947173458,-0.02397526861010211,-0.117307814435777,-0.42551687297812957,-0.03365405496925831,-0.046903304149793275,-0.5793085440954897,-0.03512297262474315,0.025268976664729107,-0.6258962941451269,-0.039480360085674654,-0.015638286068511784,-0.44928356563959365,-0.0817232315444512,0.029071544787845655,-0.7188633077274554,-0.10757940297402256,0.04889753417087674,-0.8732085464932585,-0.11481789854169004,0.06322559031823635,-0.990982631267427,-0.11813530063108679,0.09620548702843718,-0.3975558013254952,-0.08297822666023637,0.129788762205169,-0.6912516820718205,-0.11011437082748532,0.13898938517098658,-0.8559336926180793,-0.12222243551875105,0.15094192745777396,-0.9770371427435275,-0.13077647266375214,0.19105427115595958,-0.3419792526653118,-0.08115285434963354,0.245029170933496,-0.6111810487520104,-0.12628040443931637,0.2584742404653662,-0.7663943822392353,-0.15480364509300162,0.2663779848633336,-0.8756746955022074,-0.16907640224579568,0.2623797680629844,-0.2828645953801085,-0.07613427000156171,0.3113099103467333,-0.47463290718092876,-0.11282534546341914,0.28434762262380336,-0.49694224827812483,-0.11542480741414222,0.2551515507907375,-0.4682016629980913,-0.11155527390962053,rhiosutoyo:M.818e13d3-e266-11ed-8f07-001a7dda7115,rhiosutoyo
M,0.0,0.0,0.0,-0.08509582115810517,-0.18601344816226004,-0.021983981981481764,-0.11544359095252625,-0.40514067894999056,-0.03709078944463872,-0.08615997185939561,-0.5727791149695821,-0.04487471514646438,-0.04102704613124002,-0.6627737354685325,-0.053695006752993775,-0.013955529128125517,-0.44395810160309634,-0.0869054072925209,0.03366202796791662,-0.7174174490749028,-0.11456664212617668,0.05714510511174393,-0.8636647563789802,-0.11781448677951556,0.07739961323570668,-0.9705984465370254,-0.11655830267194743,0.09093613892665595,-0.39716545014717386,-0.08860726204545881,0.12311347837732184,-0.7004354168098552,-0.12234758021546613,0.13363223508750424,-0.8622061523010579,-0.13234275967288406,0.15130308539744217,-0.9791531984036549,-0.13552265642728226,0.18364802622297857,-0.3497843054130089,-0.08638533402976804,0.21961126827952204,-0.6313647657012518,-0.12878179109528778,0.23085094695992206,-0.7861899585828563,-0.14688555752695326,0.2433129353855044,-0.8936833429096592,-0.15223187909525854,0.25624822065139,-0.2971369366337933,-0.08167921725545534,0.2918651652192927,-0.4883526370487239,-0.1120376981940803,0.270162911698033,-0.5214312469912991,-0.10814416039186753,0.25035667823728025,-0.5047228062663569,-0.09784504115243313,rhiosutoyo:M.848a4220-e266-11ed-a60c-001a7dda7115,rhiosutoyo
M,0.0,0.0,0.0,-0.1090791889235473,-0.18354182427327773,-0.022761768756929073,-0.14923684017311994,-0.4073862215719109,-0.035848259502070774,-0.10386546139206403,-0.5821004086818343,-0.04255838306325744,-0.044564310152378064,-0.6496653106523569,-0.04998573208452153,0.0222952400065408,-0.47414899262332233,-0.06743236117893765,0.06610803076286643,-0.744880151769033,-0.08572649025669463,0.09218037170245784,-0.8850180276381082,-0.08851743800721996,0.11178554753705804,-0.9873357639664887,-0.08862088302264243,0.12871152216076437,-0.42771724071281664,-0.06492138927601565,0.16456892214869406,-0.7222479130845646,-0.09102091076373753,0.17718180746588402,-0.8728838532634103,-0.09774520709441488,0.1937520201153093,-0.9759269391271397,-0.1001337315152538,0.21383368492309646,-0.3692878420971324,-0.06055214509593482,0.2609465938683291,-0.6285020405639832,-0.09650986159736619,0.27927759374924116,-0.7778359067300888,-0.11808124881177051,0.29414577791102337,-0.8771811418993132,-0.1278956563713459,0.2785208897581437,-0.3031124115986804,-0.0541799113149491,0.3295681656861264,-0.47882747243777485,-0.07745219288683035,0.3072482371317521,-0.5109262879035291,-0.07748151825255385,0.2809675248484458,-0.4996216487360375,-0.07279913456147517,rhiosutoyo:M.87865090-e266-11ed-9e04-001a7dda7115,rhiosutoyo
N,0.0,0.0,0.0,-0.13530050517903655,-0.06249799887665827,-0.06810039138265397,-0.2549347175055008,-0.19991608570912633,-0.11500610804592362,-0.33890608493175195,-0.3264005982681028,-0.15751111625369088,-0.4164667819261231,-0.41436429485812104,-0.20094781416180013,-0.15390118543909054,-0.4697698197472836,-0.08067651009273247,-0.21039682241973498,-0.6673984153757384,-0.1295677484758934,-0.23557987402092878,-0.7953903109721615,-0.1686828311976215,-0.24884782593108212,-0.8986536906711348,-0.19758946937871413,-0.06225195713415853,-0.49348152663374345,-0.08260106973498511,-0.06861206070484993,-0.7213360861730476,-0.12212621220034209,-0.06368348987982234,-0.869463970050016,-0.15440452085322012,-0.054541642896804375,-0.9822114664566194,-0.17968262117203987,0.025555699178982916,-0.46620787495057325,-0.09236003761652467,0.030382004187726106,-0.6789861512452781,-0.1281196942347713,0.039245733434206766,-0.815364504165135,-0.16010499104064532,0.04358070968722193,-0.9218874652464352,-0.1842700543663623,0.10861912729165371,-0.4017206927377926,-0.10851412732768742,0.12823793733892294,-0.5645017397615415,-0.13985529807829503,0.1370733642377234,-0.6730167144137321,-0.15848936331596677,0.13654297824219672,-0.764886040642457,-0.17205886494800765,rhiosutoyo:N.925a8bc0-e266-11ed-b6c7-001a7dda7115,rhiosutoyo
N,0.0,0.0,0.0,-0.08646058905862468,-0.20431660985603367,-0.02552501696417679,-0.07812165138461456,-0.43064843793128543,-0.04127298103703286,-0.003358566464781741,-0.5845604346738356,-0.05105508923733579,0.03889038148854992,-0.6496481400613945,-0.06075658012468428,0.06212011517987957,-0.46255026242461644,-0.08491383892976569,0.11157658214979264,-0.739086811736557,-0.11646105638246672,0.13671578107953103,-0.8809812475766657,-0.1254462536845854,0.15769048932245275,-0.9793101296190065,-0.12682814988341531,0.15771361857409721,-0.3952830462976609,-0.08287808185042417,0.2210505468338676,-0.6864267136531097,-0.1110188085694146,0.25416121936678804,-0.8438565010795435,-0.11780458253138318,0.2879734281416395,-0.9478525858832565,-0.11976412604601382,0.231658755124517,-0.3132353193267899,-0.07719414484572645,0.26495078549814627,-0.5341014448429097,-0.10757916527012257,0.21631456450542547,-0.5151349989729045,-0.10293035801017147,0.1807085367503875,-0.4568744053406091,-0.08910159289534728,0.28372193470691526,-0.2333245207644733,-0.07193218744310237,0.29215890364617336,-0.416777473420249,-0.08977951164398075,0.25014454144710313,-0.4152236778660682,-0.07707178287143276,0.2229920254073339,-0.3665989449122436,-0.059066191788027037,rhiosutoyo:N.95569ac4-e266-11ed-8195-001a7dda7115,rhiosutoyo
N,0.0,0.0,0.0,-0.1395615121116403,-0.050064448884956245,-0.07526319560499024,-0.27239996431291774,-0.16683870560109496,-0.13084369171249946,-0.3799771997110372,-0.27256314774216195,-0.18093065845007392,-0.4702411682533786,-0.34847849715992185,-0.2333796464955323,-0.19422219958399062,-0.4389586370873982,-0.10695039388319164,-0.26354521435469563,-0.6338263484464448,-0.16534934918547398,-0.2990919370705429,-0.7601905325792603,-0.2083348242274002,-0.3227003840642301,-0.8635583901552376,-0.23943601567756584,-0.09851718754035102,-0.4765583387987094,-0.10746711774171891,-0.1224289560947119,-0.7038106172026849,-0.15572789677513169,-0.1318048219070395,-0.8508680993010435,-0.19035928906840155,-0.1354902843582641,-0.9667686227628874,-0.21679670865967213,-0.0006658792741809207,-0.4573033433112136,-0.1154388128661164,-0.01564905554281488,-0.6761346751447042,-0.15835410726738247,-0.018891301738180814,-0.8178695454747242,-0.1924601438586214,-0.024691251409318455,-0.9282955935243556,-0.21739787446551778,0.09553671645326045,-0.3999943940801296,-0.1295888083015221,0.09728864595966626,-0.5735254054793629,-0.16831893664379907,0.09456816478172457,-0.6874473197184441,-0.18931147861292022,0.08106004986406072,-0.7800888489156114,-0.203482673287953,rhiosutoyo:N.9852a173-e266-11ed-a92d-001a7dda7115,rhiosutoyo
N,0.0,0.0,0.0,-0.13911201979411572,-0.05412188551643725,-0.07678360244568758,-0.262994980419559,-0.1767878071870468,-0.13041687661720688,-0.35604307307589883,-0.29713059056827934,-0.17794244973664886,-0.44091336618871696,-0.3888354566333335,-0.22628607892316807,-0.17043606060602948,-0.45773810964328815,-0.09449349838980446,-0.2383316027539285,-0.6553041823996635,-0.1532299487324649,-0.2721610986754883,-0.7833522828776762,-0.1987559505865673,-0.2920062680774274,-0.8895327088478862,-0.23088003832214568,-0.07664081515776441,-0.4883200253875246,-0.09394084022565043,-0.09671561144092838,-0.7151431673379538,-0.1419395242573648,-0.10163767105793754,-0.8611093764510434,-0.17761735791099514,-0.09927760784293636,-0.9739650954208809,-0.2038037033097746,0.016951837729821978,-0.46645148545177734,-0.1018571053838575,0.009690979698729086,-0.6778788291162627,-0.1443498544121316,0.008661202866703356,-0.813984228599265,-0.17484914239311328,0.0070768927766442415,-0.9201494065533131,-0.19602196068334038,0.10891732123867842,-0.40839429301826785,-0.11668994279202448,0.1178739235103746,-0.574049647238193,-0.15325934237443073,0.11843653409588825,-0.684866953712333,-0.17080823266140738,0.11304054965223045,-0.7770340407213603,-0.18178717519554946,rhiosutoyo:N.9b4ef078-e266-11ed-b47d-001a7dda7115,rhiosutoyo
N,0.0,0.0,0.0,-0.13565933700548455,-0.07923565519822819,-0.07185567911934233,-0.2505335460151635,-0.2230746249837096,-0.11295867386995062,-0.32498104319531856,-0.3559684043917462,-0.1486543074283556,-0.39233094294278514,-0.4488144009221506,-0.1827519463104104,-0.14444279575591693,-0.497054031710602,-0.061207317503780966,-0.20470618698378185,-0.6906032127505524,-0.10324870610986044,-0.23275004818057007,-0.8099757952917755,-0.1397957277891694,-0.2525567528607231,-0.9111506917681825,-0.16736836432484753,-0.05394981460327415,-0.5328224470901565,-0.05753158105383834,-0.06989723100064951,-0.7578702921784011,-0.0895104145310257,-0.07279836788701159,-0.8904076669892538,-0.11515073757270178,-0.07183588488392145,-0.9880838381224747,-0.13612470196148538,0.03094101300500971,-0.5130247521518866,-0.06408300620092994,0.02631520360509959,-0.7176808657625103,-0.09478206107160633,0.024638178764971867,-0.8381341841690394,-0.11942454978521941,0.020079595900651122,-0.9307255688591124,-0.1380960269881003,0.11377311459300246,-0.4509348090214876,-0.07856610130393248,0.12511776573797642,-0.6138786765737078,-0.10283706269855906,0.12476881150427283,-0.7119530089924553,-0.11548706517294902,0.11927182936997256,-0.7967097300580944,-0.12544852601656492,rhiosutoyo:N.9e4afd91-e266-11ed-8e53-001a7dda7115,rhiosutoyo
N,0.0,0.0,0.0,-0.12812496801120943,-0.06174706509730155,-0.0831030754405804,-0.24234973994494782,-0.1943027652746447,-0.13361818357699157,-0.3320038606555237,-0.3225329674181116,-0.17698156936524012,-0.4057490461562505,-0.41368305653172943,-0.22000624954019993,-0.14483271783111462,-0.4699984145461359,-0.08748671242921033,-0.19975242826635448,-0.6678830709642399,-0.1379655569997783,-0.22627053626643778,-0.798075201811135,-0.17814306430016794,-0.24501025176743654,-0.9039170656490263,-0.20788632375533742,-0.04899175920574871,-0.5037122860040617,-0.0797413786789106,-0.06081353650469505,-0.7290937814519712,-0.12109675116442856,-0.06609954166083974,-0.8706972943485844,-0.15451915176919387,-0.06930962935909067,-0.9812053718234335,-0.18008940441609275,0.03847281262398643,-0.48479774605753845,-0.0809434028246861,0.035297028751530804,-0.6865164803384252,-0.11644296596435566,0.03267135675211546,-0.8140305007855354,-0.14646243151687108,0.02682934375287192,-0.9193639712051949,-0.168762631770037,0.12024598668961052,-0.42578676839893087,-0.09014223836035215,0.12953481951824444,-0.5867602402626518,-0.11994573050964266,0.1276443571185565,-0.6878544188773216,-0.13661876333918407,0.11598659498669396,-0.7771027896484124,-0.14803666668911852,rhiosutoyo:N.a14748b7-e266-11ed-a78e-001a7dda7115,rhiosutoyo
N,0.0,0.0,0.0,-0.13260584087846794,-0.04871825488903271,-0.08826307577763944,-0.2542171134306179,-0.17385448552834276,-0.14255314418228962,-0.3432583432231044,-0.3007865451978472,-0.18864870454731733,-0.41285797321725687,-0.3947489741946754,-0.23434301605635555,-0.1556967946511238,-0.4496399051120904,-0.10118893286844573,-0.20866986093857065,-0.6458724502038092,-0.15680005740243358,-0.23446587889417622,-0.7737897113127475,-0.19856355066611014,-0.25257295471962654,-0.8818488256083651,-0.2288572710759832,-0.06186208342741119,-0.489664172533863,-0.09342699666535996,-0.07883971802859478,-0.7145748213182501,-0.14224744325649544,-0.08620940943498667,-0.8582011062662545,-0.17951317942962242,-0.08854084886619364,-0.9743716541345102,-0.20678587403696688,0.02555614282252599,-0.4748381584321281,-0.09459655184796922,0.018284009961511936,-0.6812466017986744,-0.13818020914190254,0.009777709050637372,-0.807171081007583,-0.17148035653971802,-0.00010227912015418619,-0.9096524865327407,-0.19401800868320646,0.10953726612697402,-0.41972772078761306,-0.10364908445310314,0.11968790058494282,-0.5885721903713775,-0.1403918639881597,0.11984770078292731,-0.6978263094298222,-0.16167129719039236,0.11317752862394892,-0.7947224008140472,-0.17519567836108813,rhiosutoyo:N.a4436bdf-e266-11ed-aa0e-001a7dda7115,rhiosutoyo
N,0.0,0.0,0.0,-0.1288714829253933,-0.06081170031282078,-0.07064478426059029,-0.23640060605105676,-0.17922903742756838,-0.12284317645880598,-0.3168497276582691,-0.2934088227652087,-0.16925824297978495,-0.38836850577038556,-0.3853903445200981,-0.21622641003249185,-0.14161086172575407,-0.45305859067256177,-0.09140040395048864,-0.19028107380959883,-0.6532491784660555,-0.14862566651595,-0.2204848042072219,-0.7832745694929425,-0.1915012260296511,-0.24345945984293083,-0.8899681137275299,-0.22050814022056311,-0.05190657473921241,-0.4781240754703998,-0.09347815954930934,-0.06081377044070408,-0.7075777087320024,-0.1396699286680131,-0.06576250524244558,-0.8583356187035446,-0.17277334364980235,-0.06753095903511232,-0.9782376138975034,-0.19619057145519753,0.03488485412208758,-0.4536031284025906,-0.10310507167190869,0.036942373044640056,-0.6673635926645347,-0.14290041027825778,0.04015483513262786,-0.8024604206186094,-0.16930585592110076,0.04278879057395635,-0.9138855244206363,-0.18722437710903192,0.11853401704998792,-0.39273337041231554,-0.11918199062793323,0.13824615114162203,-0.5599079590787283,-0.15243019694065077,0.14659234218674044,-0.6696957799185118,-0.16597826649378508,0.14782086898875477,-0.7665748478583921,-0.1733745393685462,rhiosutoyo:N.a73f92e6-e266-11ed-bdcf-001a7dda7115,rhiosutoyo
N,0.0,0.0,0.0,-0.11724798070474121,-0.07710060632583592,-0.08124211835694221,-0.21906314093757095,-0.22016611083368012,-0.1335424032345453,-0.2917982124851922,-0.3530670498398871,-0.1794969506084387,-0.35834351550417703,-0.4520476960386299,-0.2258117307785293,-0.1127297270178345,-0.4896559589081464,-0.08781074199195309,-0.15892345646990197,-0.6818800744771277,-0.14071932525870273,-0.1814311582853424,-0.8082021492882875,-0.1835234293387717,-0.19652588062367402,-0.9118386239136668,-0.21544426990477078,-0.0161219713896293,-0.5145803416622081,-0.08396036554264436,-0.025331815637107524,-0.7366641056982219,-0.1271922524828022,-0.031029489904402924,-0.8761281261209792,-0.16199482997722023,-0.0373301940321848,-0.9811399832239219,-0.1896596687039224,0.07078092637188442,-0.48553783970960485,-0.08924933540969571,0.07508424233544679,-0.6949730296144314,-0.12925888416655412,0.07512985730220068,-0.8285219748383442,-0.16159204982078335,0.07084934882201527,-0.9347681729416473,-0.18548128073055728,0.150150056224325,-0.41516708311877143,-0.10207433682854537,0.1634864128242275,-0.5882592781019009,-0.13807854939216122,0.16453044818329063,-0.7016776998877857,-0.1586045431882038,0.15562604175319647,-0.801764600260244,-0.172999885452523,rhiosutoyo:N.aa3ba9dd-e266-11ed-977f-001a7dda7115,rhiosutoyo
N,0.0,0.0,0.0,-0.1308980041365456,-0.06134702088811241,-0.06213774402469057,-0.24625529655769518,-0.18454492842721718,-0.11437283946050786,-0.33044010136121454,-0.3074852186787123,-0.16230105929577884,-0.4024881305518622,-0.40472971928081164,-0.21101687492238133,-0.15488005901390797,-0.43795007106512873,-0.09730942454791804,-0.21936657742953153,-0.648223531321279,-0.15727833221527004,-0.2503326074150792,-0.7824247438830223,-0.19950518503395795,-0.27019380888379785,-0.8874268672729996,-0.22667485593705775,-0.06888590772658129,-0.4625756007208982,-0.10019286799951618,-0.0908863786131952,-0.7029066091685588,-0.1479848397244078,-0.09635727848713656,-0.8581527439397938,-0.18018138732452027,-0.09712035317135363,-0.9742592410941064,-0.20343688982730573,0.01747340981308529,-0.4434375694050855,-0.10897274597091751,0.020006835954785737,-0.6655771138523076,-0.15028560312158348,0.02054230701596906,-0.8104842233058921,-0.18233415720706847,0.015995236832723178,-0.9220256875534627,-0.2040072489313554,0.1037324544279188,-0.391251764876267,-0.1224438222439968,0.13645348797429172,-0.5600065498453629,-0.15683862918703032,0.14619314950541168,-0.6741248690977703,-0.17601635186892275,0.14201624785193498,-0.773085719298741,-0.1878776753698274,rhiosutoyo:N.ad37eb5a-e266-11ed-9872-001a7dda7115,rhiosutoyo
N,0.0,0.0,0.0,-0.009403707243442099,-0.2486323983932917,-0.0029901054558751244,0.0761358182018738,-0.43010237294757336,-0.012841568859340936,0.19989928586742775,-0.5072754716721044,-0.02675485228103375,0.2858574425694171,-0.5090270000563755,-0.039872349286755,0.14506169044954761,-0.5030705638673172,-0.04611526836206251,0.2893132960413638,-0.7038114034568732,-0.08097484702257586,0.3732564918200023,-0.8144695195040599,-0.09400886474496781,0.4349876757446988,-0.895066526035165,-0.09819183225485711,0.22570685387919953,-0.4079194459531496,-0.06271234900079108,0.35987054282742964,-0.6340468382929254,-0.09175197202653561,0.4398355496652311,-0.7583867583381129,-0.10158092614018913,0.5028493282145877,-0.8444755585074468,-0.10588690830181165,0.29108151245978464,-0.28973884091218505,-0.07675202938113852,0.3854757088250125,-0.45163994982137345,-0.10771159583579315,0.35157492105153776,-0.42753932930264377,-0.09960339409343157,0.30631411163128247,-0.3774416123842976,-0.0832241779755339,0.34022777303110135,-0.17298935399981427,-0.09118561441755972,0.39269709800262953,-0.31322772577907865,-0.10229274529683281,0.362567090745558,-0.3061808457585715,-0.08201494365099593,0.3245152736775513,-0.2616576474477397,-0.05887211571726199,rhiosutoyo:N.b0340e07-e266-11ed-a102-001a7dda7115,rhiosutoyo
N,0.0,0.0,0.0,-0.02023553378178326,-0.24160036716110841,0.00628399451144758,0.04932669621990333,-0.41043831752145665,-0.0022528925881280023,0.16452888010425612,-0.47692409976667305,-0.015779372107342923,0.24234825047548575,-0.47312179197496773,-0.029049321931052776,0.12854193380934542,-0.49849465294388395,-0.03781650626195536,0.23593607058336535,-0.726481682021583,-0.06976606186960006,0.2981043819402395,-0.849617468411791,-0.08237309786514002,0.34192253384519966,-0.9359305591202568,-0.08439768571306673,0.21150680495584326,-0.4132159752227597,-0.05656822515909322,0.3375480748840254,-0.6308874819855166,-0.0754793077394831,0.4124381220852197,-0.7557864929717945,-0.08306048101803346,0.4713415390702827,-0.8434302892375054,-0.08498885182715597,0.2750164929433614,-0.2999763606673315,-0.07149048320741322,0.34381835220435286,-0.42666584154346365,-0.0849790960253452,0.30584658625726047,-0.4012053415462081,-0.07526636874025065,0.265912932113588,-0.35602878470198884,-0.0598743670609603,0.3162799444678195,-0.18601974079714814,-0.08653195005873215,0.3574820940812631,-0.3053843244393879,-0.078558976684333,0.32608983953894927,-0.2958318973945192,-0.049677514319244186,0.2925853935960124,-0.2550942800400969,-0.021918276026704545,rhiosutoyo:N.b33031e3-e266-11ed-9e1b-001a7dda7115,rhiosutoyo
N,0.0,0.0,0.0,-0.058367541088527375,-0.2528321479971483,-0.004275836820357956,-0.011309024144086317,-0.44238618586778283,-0.010931810669015987,0.10875738640734577,-0.47927371816031933,-0.021078736069541186,0.1832386323968033,-0.4416807830537008,-0.030495528275984767,0.147080639217727,-0.5390562173586243,-0.020567486101834093,0.2479843852435651,-0.7646299188645876,-0.03761849409984108,0.2907845322934297,-0.8684897127389889,-0.04290294868934955,0.32210799875406565,-0.9308023708903793,-0.04166091061957201,0.25055632854288573,-0.44315750932747816,-0.030812990361521176,0.3837175898622815,-0.6763276568850171,-0.04214933410387869,0.45437517887606893,-0.7964189823261297,-0.05013119046551677,0.5095593237476976,-0.8588772368640912,-0.051760869182160885,0.3198490487563576,-0.32129722671904265,-0.03905213026656348,0.3573353169915311,-0.44629055670481405,-0.053095356740046895,0.29956365701453147,-0.41793533600748084,-0.05614494491417369,0.25197751537508345,-0.3608698574348658,-0.048125825707276,0.3648321034843843,-0.19383135346257227,-0.04743238966393732,0.3785934275513041,-0.3132876087469304,-0.03984435400969206,0.3320861525410464,-0.29159764009936023,-0.01858372519690931,0.29216627055029987,-0.23695565360838558,0.003633231485889172,rhiosutoyo:N.b62c44e4-e266-11ed-9f4c-001a7dda7115,rhiosutoyo
N,0.0,0.0,0.0,-0.13119262549437988,-0.06610513746688589,-0.06818419240236309,-0.2557355367006078,-0.19510156002609774,-0.11680987133342952,-0.3626542735101864,-0.3053988591444325,-0.16165722542209338,-0.4524264735885191,-0.3701087195179157,-0.20808203657470137,-0.15065482743655872,-0.47039455133301195,-0.08710819300548477,-0.2218338343397811,-0.6639121261575297,-0.13152326280600468,-0.25392837905288645,-0.7889141742342416,-0.16777924417973164,-0.2729503677948131,-0.8909295660772261,-0.1958601075093534,-0.05557998237785832,-0.5082761446968874,-0.0856940186715573,-0.0753409457282775,-0.7378700581764653,-0.1194869760028188,-0.07906203704011174,-0.877473250760006,-0.14531658331753397,-0.0795830194250404,-0.9826461468421674,-0.16755027041289777,0.03486860676272553,-0.49028058005708586,-0.09098288716713683,0.027984196676168194,-0.6968398409549741,-0.12140697528469457,0.028905641981979525,-0.8278467184683638,-0.1504514921622508,0.023329608112118035,-0.9336804629450441,-0.1734710665960812,0.12193102183892929,-0.42808069610060273,-0.10280273449204669,0.13021197764482664,-0.5925984334672945,-0.12839106501130662,0.13025130504888377,-0.6965808298261034,-0.14245925447592325,0.11671337479636248,-0.7868148097456228,-0.1535872711822511,rhiosutoyo:N.b9288d07-e266-11ed-bd2a-001a7dda7115,rhiosutoyo
N,0.0,0.0,0.0,-0.05545851297674259,-0.2508486733256135,-0.025914277424096337,0.009059479645262212,-0.4670224333130795,-0.039975524940249293,0.13774492772295782,-0.5491716085745522,-0.04864738265582163,0.21826061838554336,-0.5399049679726461,-0.056375518424196025,0.12722546542903182,-0.4646294825140723,-0.07770411851153831,0.20001446152379412,-0.7225404104630847,-0.10960191974569919,0.2393553313818273,-0.8589575740653624,-0.12118167560962942,0.27175444957867456,-0.9541441284546558,-0.12553286928010815,0.2188000922950802,-0.36775886203558017,-0.07796026866433653,0.32805090445006485,-0.6245216645390633,-0.10784568902567673,0.39632438676634624,-0.7719469968931307,-0.11740719461131584,0.4535145719408161,-0.8633005157004272,-0.12050764703250581,0.27824133974977877,-0.26265591804751004,-0.0752989872433568,0.3197575856139346,-0.442050425930776,-0.10754488490096278,0.26516230527699547,-0.444335891062871,-0.10506575263351332,0.21617524767835758,-0.4028047682898,-0.09161603324316257,0.3148928363986697,-0.16763598503806665,-0.0735910425530907,0.3278084108347474,-0.3221847533034467,-0.09080915851846041,0.28413519913925145,-0.33439572014102903,-0.07608534229408258,0.24605849461628596,-0.29527075142362746,-0.05630159878302371,rhiosutoyo:N.bc2490ae-e266-11ed-ace3-001a7dda7115,rhiosutoyo
N,0.0,0.0,0.0,-0.12115172410434065,-0.08920570014714456,-0.06626256349822317,-0.22503848670958992,-0.23198296576005556,-0.11020184407970698,-0.31669351920347943,-0.34335866535322995,-0.15122652205108422,-0.39662595349006835,-0.4167474982312652,-0.19360492457816653,-0.10794033389146516,-0.4899787296561664,-0.07031924743590008,-0.15755520152343325,-0.6892228387300297,-0.11505661299007022,-0.18360086743798734,-0.8103547147022021,-0.15304127182812177,-0.2004845262879014,-0.910807841488821,-0.1813379025758356,-0.007601288341574764,-0.5172259359387226,-0.07172938097502943,-0.00473605568407479,-0.7505686808452593,-0.10247155425984829,0.0005147767856849333,-0.8888754733499432,-0.12777304040699983,0.006843599553023293,-0.9887430802375986,-0.14946667330018182,0.08243785126368085,-0.48613829817456466,-0.08173090485017608,0.09071834632991242,-0.6902840764756865,-0.11075235660794255,0.09649979767250054,-0.8191937799099577,-0.13556007494416983,0.09661269530501723,-0.9194536150241307,-0.15490691658626968,0.16338254029085075,-0.40956529682716974,-0.0992363200972324,0.18448674966733197,-0.571123994074009,-0.121364802349369,0.1892777974240197,-0.6704663538310284,-0.1292333462458217,0.17945115107117662,-0.7526077577628751,-0.13595148375238694,rhiosutoyo:N.bf20dca3-e266-11ed-8ea6-001a7dda7115,rhiosutoyo
N,0.0,0.0,0.0,-0.13180162610564103,-0.06464909872469671,-0.09073569884893787,-0.2511912197014264,-0.18617395323043093,-0.1517885401152988,-0.3569640209157202,-0.30137218480572564,-0.20520222153252904,-0.44801235264974426,-0.37567672538403996,-0.2594146421285639,-0.13534794777954837,-0.47954007648409913,-0.10732720890763087,-0.19134883841902603,-0.6773367979508167,-0.15847758983960367,-0.21472151598451486,-0.8091578406110292,-0.1982740821428571,-0.228213034249492,-0.9136631515466099,-0.2279147595797906,-0.03427376607392665,-0.5080664490560305,-0.09882054097082091,-0.04198680567982999,-0.7295634090978115,-0.14057944717508797,-0.03813205950445937,-0.8727965317074455,-0.17433792776230841,-0.029822520938401563,-0.9790487724615442,-0.20143018241172755,0.058733957393061725,-0.47629144419734865,-0.09895001578423784,0.062370454027142655,-0.6867931267712559,-0.1393730653677036,0.06702968033375133,-0.8198645768761116,-0.1747172040181938,0.06849544350626234,-0.9246245433928035,-0.20067207330685208,0.1431698321096364,-0.4028068796544016,-0.10684300857800313,0.17833059867173015,-0.5667878977072047,-0.14376160343335642,0.1952623943510316,-0.6770304271233947,-0.16657354630537455,0.1995556932830228,-0.7743194075245871,-0.18234828336008846,rhiosutoyo:N.c21cf425-e266-11ed-98b0-001a7dda7115,rhiosutoyo
N,0.0,0.0,0.0,-0.12663662531810227,-0.06236324508739581,-0.07883543895527187,-0.23506382641757775,-0.18730312259791368,-0.13440905532893607,-0.3321286296224721,-0.3002578774553747,-0.1837310995540131,-0.4153248484479647,-0.3852166119762539,-0.23345572327269046,-0.12159749930935514,-0.46678487652329176,-0.09538627427700336,-0.17871571553345603,-0.6657266858422679,-0.1523076347122363,-0.20852576709013146,-0.7936542249193738,-0.19702672301256183,-0.2287501091885673,-0.9007181357344072,-0.2289108118881421,-0.027092707156054115,-0.4952438199829752,-0.09433503311275837,-0.035551126353393664,-0.72072870482423,-0.14003157275890193,-0.03432669708145407,-0.8667825426055976,-0.17597910789003068,-0.029796515792842055,-0.9786768897999235,-0.2032331494076577,0.0605488157566012,-0.46419015021857285,-0.10172761043589441,0.06932874915605365,-0.6727180671064896,-0.1414501805252454,0.07620316549632684,-0.8020266522053012,-0.17177565605371445,0.07717041525543221,-0.9028722331152795,-0.1939475557013532,0.1395933769479753,-0.39247440892157254,-0.11648998319730283,0.1685597523071301,-0.5494187241725775,-0.15086259239534763,0.17869963186113635,-0.6554285174735514,-0.1686291682229698,0.17560726718019018,-0.7437568609675405,-0.18033179152260997,rhiosutoyo:N.c519183f-e266-11ed-8fa5-001a7dda7115,rhiosutoyo
N,0.0,0.0,0.0,-0.08070165920038455,-0.2166157363585941,-0.01506495876840293,-0.0630520877768397,-0.442328790293089,-0.02278019616053992,0.01645824675955716,-0.5934126402276929,-0.027008193595182237,0.047946614149194336,-0.681972029056426,-0.03153466684149409,0.06231023440204861,-0.4872189374005418,-0.05915951945978355,0.10119347096184883,-0.7413825742443122,-0.08441937874365164,0.12088146551994557,-0.8753141202640978,-0.09389395756291585,0.13605404068054683,-0.9701270294506974,-0.0948797545907239,0.158177151426494,-0.4222847372526949,-0.06005350921331098,0.23854641672232893,-0.6814249413840198,-0.07882407810689937,0.2871501899680591,-0.8355736655129861,-0.08480716838879263,0.3288477987117205,-0.9405206187440559,-0.0853234492959236,0.22760014832187012,-0.3375302077369774,-0.05721434857886901,0.23707734464582764,-0.49888137065389443,-0.07710443104114136,0.1929794938288915,-0.47299076571769133,-0.07588767084827507,0.15618668019948373,-0.4164517302138863,-0.06503096684168119,0.27579010283303684,-0.2536129683470996,-0.054679533680655125,0.2611806512100262,-0.3918517788930071,-0.06101462482604612,0.22177819513187796,-0.37199112633015835,-0.04484576802311244,0.1940117053451276,-0.31564794634481863,-0.02485076886946626,rhiosutoyo:N.c815335a-e266-11ed-975c-001a7dda7115,rhiosutoyo
N,0.0,0.0,0.0,-0.1325061072604094,-0.06736784479386485,-0.08119495192560688,-0.2545237842318529,-0.19067138871767256,-0.13527633632779887,-0.3515019359494748,-0.30775682659174347,-0.18307544098023582,-0.4342124155593921,-0.387811048365292,-0.23167118571630888,-0.16399784227482594,-0.4672913672440654,-0.09092792929628253,-0.23680020273489,-0.6563594781221292,-0.14387483137895477,-0.27407704116267445,-0.7812645153111732,-0.18795337223477424,-0.29928366747137053,-0.8861318647442936,-0.2214575393221912,-0.06716667459188004,-0.5083631030748559,-0.08736707476637184,-0.09253991525334905,-0.7274273945262097,-0.13149779414333115,-0.10276601310956537,-0.8666804907867354,-0.16861871552495022,-0.10863255800793033,-0.9740664424784953,-0.19847804155105328,0.022419445607003406,-0.48798131693311797,-0.09240880155734488,0.013937039146700544,-0.6942713005584367,-0.13204116662085955,0.01165797543905333,-0.8251448467361258,-0.16588370320477022,0.0056824092699353165,-0.9253487788659774,-0.191872966772055,0.10862541971044055,-0.4226978550062699,-0.10497978958044658,0.11756224369958167,-0.5849473822152174,-0.13854127597995125,0.121062929682185,-0.6887031040483379,-0.15759426398811519,0.11441393003851946,-0.7754726791854002,-0.172077109122852,rhiosutoyo:N.cb115850-e266-11ed-87d7-001a7dda7115,rhiosutoyo
O,0.0,0.0,0.0,0.22289242424819256,-0.11046870817579443,0.033676343228948344,0.3523828607097711,-0.31245982234845976,0.047617804151442115,0.4581177528325491,-0.4431103491267771,0.033634022399249085,0.5323745710706875,-0.5982287370384418,0.021136234121443203,0.17222521291376133,-0.6286920538366348,0.13967193545697484,0.3202333105079581,-0.7810443272537732,0.09181578383836858,0.447419755354117,-0.7228076461805958,0.035009105865245894,0.5179707601859146,-0.6209308914067942,0.005025445497810723,0.1390022204350421,-0.6717769178043194,0.0872479684587972,0.3039133085766975,-0.9161902500009818,0.031638208518918534,0.4533202845039868,-0.8473972253573788,-0.029432260708610738,0.5304679462621432,-0.7069354177715271,-0.058102439669485174,0.1068486229787146,-0.6952811644309942,0.022685922988434158,0.2535779721124529,-0.9670668147734797,-0.021908624402558655,0.41040430142922435,-0.9048134175608044,-0.05987303303439114,0.49960873438598924,-0.7694577734433005,-0.07256349276050895,0.08710629942324039,-0.6895388461394173,-0.043733191418435235,0.2137198737894874,-0.9175122304982993,-0.0706884756299768,0.3490920748572778,-0.9113265538712736,-0.08258739815357984,0.4473049604987975,-0.8285863222385758,-0.0836626226022183,rhiosutoyo:O.02a8b818-e267-11ed-bb6c-001a7dda7115,rhiosutoyo
O,0.0,0.0,0.0,0.25542302929499333,-0.11950024219758051,0.07972381125530711,0.3627523596426011,-0.3169739206152963,0.11366914875465577,0.44119264318787604,-0.45237916823487634,0.1167208249096429,0.5010696659256716,-0.5815297577441296,0.1198627429437169,0.144917904084073,-0.5915455680755559,0.16330873284310635,0.27685758953508144,-0.7253190764016911,0.13167766444182744,0.4230705411146446,-0.718227312742838,0.08648377465205444,0.5295048809555833,-0.679324168181805,0.0607411734979402,0.10478376224750657,-0.6484327813480953,0.09680474938790558,0.27631025129181425,-0.8177692323902438,0.059491364681368404,0.4439307044623929,-0.8044508968137724,0.014159786720310423,0.5609466886634672,-0.7319785867044721,-0.009957428383788606,0.0915618445155155,-0.6766703654854131,0.02326031255826315,0.26524189376291607,-0.8813440421582726,-0.009633629716361407,0.4360799285713245,-0.8794513067813674,-0.03838060924543076,0.5547279945803889,-0.8190649649148244,-0.04961969957154333,0.10476989040842502,-0.6740514992726341,-0.0471309888859492,0.244641013925902,-0.8730281315147906,-0.06914050795630294,0.3849390818240001,-0.8992825564352642,-0.07895719959757945,0.49667075162136587,-0.8642306454207244,-0.0801470897758962,rhiosutoyo:O.05a4bf66-e267-11ed-ad8d-001a7dda7115,rhiosutoyo
O,0.0,0.0,0.0,0.18675215995694128,-0.10537826208479324,0.030921405129760736,0.3295924209228855,-0.2875065151363625,0.010640046604093345,0.4888802185508316,-0.39154280171893147,-0.036373081487145284,0.624129009896473,-0.5030141829718455,-0.07602181295776489,0.09428826718655674,-0.6973348257552034,0.03552743201246762,0.36473242986387905,-0.8833497895194874,-0.045943405985393336,0.5492192574712272,-0.8103333718920721,-0.10294634985780446,0.6551414324254383,-0.676461845633635,-0.1278683646890545,0.07864672522004039,-0.7006012167906536,-0.027140539932286375,0.39704441564156046,-0.9016450111492079,-0.12268210084505057,0.5947159502097245,-0.7843634749233344,-0.17631471229689322,0.693657910006407,-0.6185386863749033,-0.19272418719894807,0.1093316668755437,-0.6573212927526944,-0.09485192271212046,0.3924946492404126,-0.8787469268620393,-0.1554489054309873,0.5895280574599918,-0.7818685983925406,-0.16636283686654507,0.6887931274017214,-0.6346799482901972,-0.15782603534767609,0.1802388033456631,-0.569228775912595,-0.16424925580282249,0.39757214062795987,-0.7724621433282163,-0.18706824204659253,0.5438461753397643,-0.7587487401080201,-0.17549979403089383,0.6306851025189197,-0.6838218285267748,-0.1578213003918932,rhiosutoyo:O.08a0ca53-e267-11ed-9698-001a7dda7115,rhiosutoyo
O,0.0,0.0,0.0,0.25652096122497287,-0.04000652872804533,0.03576269105495573,0.4136303305344909,-0.22495380604686208,0.0487942521742452,0.5439616179245135,-0.33426584470979515,0.03228582172476867,0.65284762937329,-0.4619024543738849,0.018459652887207884,0.25205434704344093,-0.6108140561710269,0.13271832225520647,0.4132989760345913,-0.8219875815010691,0.07442397571268437,0.5557172368696557,-0.7528460015009352,0.013687640771571799,0.6317232240407673,-0.6354121241132349,-0.0168556323773446,0.20448956816476246,-0.6476814537260066,0.07598267021887835,0.4037027209780563,-0.9016000272367635,0.002659805907371392,0.5714850091985288,-0.7960034160679103,-0.06931722114016568,0.6469375739930106,-0.6319298837744055,-0.10137799286115175,0.16962904153582836,-0.6634568507030079,0.0075584909287733995,0.36418671127958424,-0.9298334638677065,-0.05270454249059941,0.5447399674209219,-0.8270589255872596,-0.0999482323461549,0.6343686592475397,-0.6693567398857831,-0.11389977973596636,0.15274251094099514,-0.6493636417192646,-0.061468951414738834,0.33030309269206065,-0.8608904424125746,-0.09840828176660912,0.48138517765633,-0.8187569545504665,-0.1142562320359542,0.5724549279791553,-0.7122193347251392,-0.11479560639552523,rhiosutoyo:O.0b9cf343-e267-11ed-a54c-001a7dda7115,rhiosutoyo
O,0.0,0.0,0.0,0.20789506480890146,-0.05378062207273984,-0.017740488806918683,0.3636485830933402,-0.2365898161860109,-0.031472425375214226,0.4916064022631376,-0.364500750318865,-0.06167946916148028,0.6088745914052413,-0.4897861223828902,-0.08873358083578624,0.29511548910913116,-0.5894456538494609,0.02799641540283176,0.4481319349666054,-0.8266500441683782,-0.05760229249445029,0.563211416539508,-0.7431591978406776,-0.12697681251645532,0.6234862498104852,-0.6124275585122574,-0.1617170904361044,0.2391939948765041,-0.629632149534944,-0.007957886497328075,0.407936727534393,-0.9069375020260018,-0.10248845874962371,0.5489597908672785,-0.7971498522072922,-0.1731929952049702,0.6119509467684648,-0.6342294174817157,-0.20387149051004855,0.1749686220568625,-0.6496403390505281,-0.05683913358124767,0.3326271617579159,-0.932416351696823,-0.14127603600490604,0.49130133273221555,-0.8314972600485845,-0.18911533590564378,0.5781582396007391,-0.67259278216984,-0.20100112835812514,0.10444370597953558,-0.6407781166958603,-0.10915270740447837,0.2504069632895388,-0.852400700337155,-0.1719165659137264,0.38429209653858604,-0.8217793857697001,-0.198788186293477,0.4697510056501426,-0.7204310426007976,-0.20419053843458634,rhiosutoyo:O.0e991b77-e267-11ed-ab60-001a7dda7115,rhiosutoyo
O,0.0,0.0,0.0,0.21293146573990743,-0.04631091368326016,0.00453021629358394,0.3782112737163809,-0.2270861316759986,0.0025313254508881737,0.5180598601548658,-0.35766029975648683,-0.02271571230834932,0.5774651714420298,-0.533677930753267,-0.0473852963789292,0.24476279991032604,-0.6131867940257835,0.0954901273007417,0.37497339959041304,-0.8489835010612493,0.041409822340174866,0.515868709954373,-0.793834481537343,-0.016047113200868924,0.5910768436348678,-0.6819986196824753,-0.04772198521938033,0.19717749452134792,-0.6506658414265459,0.049305369683793863,0.34706522565186726,-0.9312526839848659,-0.014328491825035568,0.5116116572693898,-0.8552242766843783,-0.08273420523429437,0.5870384798537678,-0.6998665836385711,-0.11927658652564084,0.14663433420135305,-0.6743834672389094,-0.009676842967357385,0.30186419239729123,-0.945296103164702,-0.06480626637895393,0.4708411668531906,-0.8643658381091183,-0.10835395464127506,0.5539388413514345,-0.7194906027525698,-0.12602286147400332,0.0967408488505139,-0.6586958483948058,-0.07210105175307877,0.25618651777391793,-0.8633303758251792,-0.11382226155181016,0.39776802734985334,-0.8307070743229531,-0.1323098060228216,0.480311446463308,-0.725692875736393,-0.13758101518343216,rhiosutoyo:O.d5e31eec-e266-11ed-9a8b-001a7dda7115,rhiosutoyo
O,0.0,0.0,0.0,0.23479299738009632,-0.05771001844038901,0.032279838907727336,0.3720457713293804,-0.22452439503915134,0.023965997500316735,0.4826383085734858,-0.35192685662567486,-0.011973002734912346,0.5508282407860301,-0.5155912263847386,-0.04401251912514621,0.10563221804065463,-0.58538399246588,0.07011963561774527,0.2830813256983187,-0.8199896759274586,0.0007564328417671727,0.4581068512234181,-0.7903847444356187,-0.049616198728559054,0.558007496666583,-0.6835784814163546,-0.06586447295186316,0.05714890993180448,-0.6248629005343858,0.015144417052653708,0.2885234282989532,-0.9207562316202835,-0.06435952477089013,0.49433842920630516,-0.8624682730825465,-0.10852647297251024,0.6020312670000479,-0.7218641798259755,-0.11586125439973277,0.05458200932065877,-0.6217588889273482,-0.04796709361424283,0.28371192700407566,-0.928157797792031,-0.11121375693942925,0.48830505455682655,-0.8573484704093257,-0.1311856035531954,0.5905354585239035,-0.7118582169295001,-0.12090027377935786,0.09353047236902062,-0.5791993001669227,-0.11105718983404905,0.3022386734003809,-0.7971133803556095,-0.14413904219808946,0.466129353036088,-0.7588503462635316,-0.142075839379399,0.5559413774835028,-0.6534232736265204,-0.12471552416752857,rhiosutoyo:O.d8df36e7-e266-11ed-b299-001a7dda7115,rhiosutoyo
O,0.0,0.0,0.0,0.2146710556504638,-0.09882424824947221,0.0563352125130761,0.3475293199305785,-0.31008237771581604,0.08985733252784425,0.4533316385461442,-0.4432900714113489,0.09527885699985976,0.5103499879225499,-0.602229618705649,0.10027068883553993,0.1358127834802956,-0.5924835765321375,0.18016251317659462,0.2532026606618316,-0.7451509242526937,0.16577006044336237,0.4027423813823447,-0.7488005041378912,0.12614916364517137,0.5126537094447676,-0.7131268577733634,0.10194148039943209,0.10949338593971754,-0.6423126202018583,0.12397766507430416,0.2510473589916477,-0.8693220986303531,0.10938428494911152,0.4229873750968698,-0.86480274335243,0.06408124331249845,0.5381898124512854,-0.7897648215468172,0.036226614232208326,0.09099130290886902,-0.671283707854757,0.05780437366282489,0.22638190787304482,-0.9346225971318148,0.04334610161898045,0.40029082433821933,-0.9163224001595399,0.010977928606474542,0.5145063281096227,-0.8275626540023131,-0.006865207509564013,0.087326676522924,-0.6756273258472504,-0.008292944560831126,0.2157047356435654,-0.9117004949444831,-0.018009280623302107,0.3593926823160762,-0.9077450182382631,-0.022889174436658367,0.4653489719198738,-0.8316104548684595,-0.02318148786478813,rhiosutoyo:O.dbdb5983-e266-11ed-8b66-001a7dda7115,rhiosutoyo
O,0.0,0.0,0.0,0.25012671278172194,-0.10474238672248104,0.09471818960010883,0.3639577143925528,-0.3021328312579022,0.13645483459850877,0.4546828269945009,-0.4285810106997698,0.13958180775343595,0.5009103231023624,-0.5697970772061896,0.13902413992599041,0.16626417762924245,-0.5475933472552706,0.20867446327687592,0.2454071338045896,-0.7245935735555681,0.18989473760563502,0.3844594420970369,-0.7430649985280271,0.14832681184673863,0.4982008802510942,-0.720653374593008,0.12137394809008112,0.1425519558807124,-0.5992213418659335,0.12568480111826624,0.2506145667101738,-0.8120730488365575,0.1025466511001711,0.411474687023763,-0.827936753691766,0.05294254131033562,0.5278039752566476,-0.7713766893199369,0.020865883700920573,0.1231423388701638,-0.6414042471675784,0.03381976090855572,0.24526389158729947,-0.8945415673381629,0.007063103934352317,0.4070730286614029,-0.905757314324884,-0.02756007368009057,0.5280450848273657,-0.8478772269527273,-0.047671756886164623,0.109863518416406,-0.6637365392327732,-0.054526516995423296,0.23037737742768302,-0.8757949275051548,-0.07339646413310565,0.36894331463036684,-0.898457299462366,-0.08504758646032541,0.48469399920707534,-0.8561873515297177,-0.09205181207549418,rhiosutoyo:O.ded77ceb-e266-11ed-b7c9-001a7dda7115,rhiosutoyo
O,0.0,0.0,0.0,0.24435321243651803,-0.060543452603298194,-0.005360637477853087,0.3644143105988841,-0.25619065324262386,-0.03131272885834789,0.4650317276589988,-0.3967890980796536,-0.06986753471774909,0.5476144500675119,-0.5457256595670532,-0.09973601678662612,0.1169429250331309,-0.6167230134738759,-0.02163090559229019,0.3149618549916891,-0.8350589342886805,-0.1102883636655125,0.49759201970322253,-0.8094371767510717,-0.16603015695654816,0.604621883278367,-0.719175745563871,-0.1852865586629166,0.065156541732457,-0.6455046181281359,-0.05383152035366718,0.31190195168556684,-0.8966449741700802,-0.15184914212746467,0.5168741680046927,-0.8340008575639288,-0.19308978230887316,0.6291295070462041,-0.7192705262255166,-0.19901443802816485,0.07571425920817301,-0.6252990037692318,-0.0918388998952383,0.31114868514311117,-0.8826919331089942,-0.16624145421464764,0.5146934751941465,-0.8291994978986997,-0.18590936349697879,0.6228736145812466,-0.7225207284476277,-0.17786154719755623,0.13247054210548473,-0.5713038991355017,-0.13183502527268298,0.32644506690475766,-0.7565964046891344,-0.17435451289315285,0.4773768166392492,-0.756331240114336,-0.17922637028543525,0.570972535616091,-0.706004183965925,-0.16793809029248752,rhiosutoyo:O.e1d38d53-e266-11ed-9cec-001a7dda7115,rhiosutoyo
O,0.0,0.0,0.0,0.23777640425616636,-0.1198554456329379,0.04388787646024644,0.36069006789846525,-0.32182177381773414,0.043938224036100676,0.46210941100103736,-0.447013976294378,0.017500704197326866,0.5105797115633272,-0.5874889939209221,-0.004027486314300595,0.08728453198324379,-0.689802761435588,0.05905200143089868,0.28218777594342603,-0.9020523959470925,-0.018292046308649137,0.4480729792115754,-0.8220249485492274,-0.08325121100532339,0.5349439502361846,-0.6928093073109445,-0.11402379992458285,0.0474420067069385,-0.6991074232883729,-0.0024768774825387426,0.296094383794784,-0.9505690359320483,-0.09352338644640361,0.4793355397173453,-0.8369385194105823,-0.15433422464919666,0.5596086596099797,-0.6801674714798129,-0.17607573474812507,0.05336039685974248,-0.6636051733818559,-0.06850743643128693,0.2812282556756823,-0.9136493881290635,-0.13453192514696075,0.46231352512468543,-0.8178201976020776,-0.15947454463471614,0.5438834133055775,-0.6751984878318692,-0.15749163798520213,0.09492649121798755,-0.5856534379008728,-0.13383836236431498,0.27066286730782446,-0.7916443081668952,-0.16596935031440324,0.40828690712081966,-0.7754266135533674,-0.16716546367614574,0.4900498762294869,-0.7003276947519121,-0.15771175024286585,rhiosutoyo:O.e4cfd8f4-e266-11ed-9478-001a7dda7115,rhiosutoyo
O,0.0,0.0,0.0,0.24353720622609618,-0.04778869977027436,0.030847361413138815,0.36129620158047887,-0.24587686131901587,0.03179653782775558,0.46359667842223706,-0.3868784155891222,0.00879562094209558,0.5527310707283765,-0.531598109350701,-0.009930669121870468,0.10333178136099255,-0.6518684306529023,0.08217212023901521,0.28723697606762305,-0.8471665918850323,0.02984841055487335,0.47098550367293307,-0.83995478766493,-0.01837651390065952,0.5836692758400697,-0.7679267679853785,-0.04003391062189665,0.05490443344420686,-0.6889542202541244,0.035212701336047425,0.29635414068403726,-0.9157016446849575,-0.0257815332463336,0.5038602397697681,-0.860329652408302,-0.07207444092746705,0.6249621644679915,-0.7413231356517193,-0.08925289554072406,0.06373734089979904,-0.6724600938200763,-0.018702623828549685,0.3034701069743043,-0.911637604704007,-0.06469156920108345,0.5106698503474307,-0.8546940564711211,-0.0933508102753936,0.6261324572471204,-0.7381588556528142,-0.09842785804701387,0.11966714714670922,-0.6122527057970973,-0.07265717392256055,0.3247717151945297,-0.8073470951201602,-0.0969519655583678,0.4836977537398418,-0.7969361184509701,-0.10115276940551368,0.581704133045778,-0.7284238620518311,-0.09403950001087534,rhiosutoyo:O.e7cbea6f-e266-11ed-97d1-001a7dda7115,rhiosutoyo
O,0.0,0.0,0.0,0.2648249334212873,-0.09512863998094988,0.07619116969007944,0.36863007370261447,-0.299516382840322,0.09208167351997884,0.47201866921061114,-0.42672942946137243,0.07360887488885941,0.5552914717921226,-0.5599851037549288,0.058384932223856746,0.11181100804407437,-0.7003418205244045,0.13448997297523252,0.3116723507532956,-0.8806550035094437,0.09566815499773494,0.47897578546299435,-0.8413001625505574,0.053106628399385056,0.5744461649604922,-0.7516857386410108,0.03184634275503985,0.07654010209947597,-0.7172223429379425,0.062477869732478195,0.32239223963332403,-0.9388996497213448,0.01083782319778546,0.502410749023256,-0.8640698368058164,-0.031092706351502724,0.5986953462245183,-0.7380132021482806,-0.045656436493034885,0.09051811233836862,-0.6874844112218433,-0.013866174098532509,0.31799123492121445,-0.9163698525053128,-0.043330108824505276,0.500564491621813,-0.8488514007967793,-0.05305321481576058,0.5945931077963367,-0.7322295507294992,-0.04882304078243096,0.14486481350573308,-0.6087383498478847,-0.08910525589615421,0.33076747256216044,-0.8062126318022969,-0.09402500891631704,0.4703072431686578,-0.7934564028622533,-0.07957047043356211,0.5561509364445184,-0.7243925063806155,-0.06261999572585383,rhiosutoyo:O.eac7ee23-e266-11ed-ae0f-001a7dda7115,rhiosutoyo
O,0.0,0.0,0.0,0.21605487230465295,-0.06364353338316289,0.053682685344771504,0.32870842597542665,-0.2882028192111976,0.0701457118230592,0.42509110438739045,-0.42722802650586794,0.06007852453113927,0.5138346152166492,-0.5389366172218341,0.056411490476302235,0.11121928009113477,-0.6771102443496786,0.0891485793122783,0.3052255651016983,-0.8721757533686372,0.04213660113469747,0.4882634216425802,-0.8306469850547865,-0.0010446832611050608,0.595922134970816,-0.7256110880263968,-0.01965249543616302,0.06632658031590782,-0.7032538820061724,0.03581773078166581,0.3131886621386491,-0.9178758726155603,-0.018922193080939367,0.5145199284682879,-0.8353664853612155,-0.06012092465243284,0.6281179389540968,-0.7084301734570653,-0.07532449743757648,0.07779292378654924,-0.684328050571978,-0.021951672916710734,0.315377210513897,-0.9220578524838502,-0.0596277665744889,0.5198667890224319,-0.849680371190586,-0.08821444601046967,0.6294650299579642,-0.7194668042610588,-0.09616530870011288,0.140033058116181,-0.6264734908340274,-0.078183483300219,0.33653511834375366,-0.8362266699041697,-0.09699890508815556,0.4921169167986741,-0.8233654052211825,-0.10555661354786942,0.5879985168361014,-0.744858824355748,-0.10452476853778005,rhiosutoyo:O.edc4056d-e266-11ed-9d60-001a7dda7115,rhiosutoyo
O,0.0,0.0,0.0,0.22577152103031964,-0.06052123517554937,0.05063390218828719,0.36111864787742104,-0.2655948816644776,0.0796760860306095,0.46470436141681226,-0.41021497146564756,0.0838976500808021,0.5556955629352812,-0.5384732817799696,0.09165360004669705,0.1342726045875817,-0.6156969616663603,0.15411882402454546,0.29548945459533715,-0.7444711941842542,0.13392748066521576,0.47101967344174,-0.7371730288963299,0.09616174808524496,0.5913959652451036,-0.6944714385435173,0.07494530764935221,0.09208870416003716,-0.6825317411451414,0.10844833719162399,0.3006951424584954,-0.8575071479106595,0.08076130931968195,0.49000247914046924,-0.8181324097897886,0.03567454155234429,0.6114712229519838,-0.7223575008301726,0.01231389908949139,0.08951123966137972,-0.708862460870955,0.0553510714799694,0.30074640638768046,-0.9154422062449067,0.03582091522206793,0.49301114146712427,-0.87000746561835,0.005198476470928133,0.6108143880760706,-0.7624575099097602,-0.0074886056702723434,0.12416994882889457,-0.6958328367811367,0.0029816987160205992,0.31573668637007457,-0.8725282367568988,-0.0026706012715762384,0.47231364572323914,-0.8563220167793021,-0.007845486682826206,0.575297828822636,-0.7818784580574358,-0.006521897664529675,rhiosutoyo:O.f0c02473-e266-11ed-84fa-001a7dda7115,rhiosutoyo
O,0.0,0.0,0.0,0.21093157613510619,-0.038827684049034056,0.011130175968603544,0.3421207354213629,-0.23477059123596458,0.015356132027440027,0.45535758396136794,-0.36922739734056975,-0.0026422388404875397,0.5341121202108587,-0.5276539135614452,-0.013898342536614889,0.1040172177176074,-0.6207717370031225,0.10746336355720908,0.2614098454365025,-0.8388836674273163,0.04691927937043067,0.4377928796159637,-0.8165064550377772,-0.01417659640619207,0.5462510135270336,-0.7166893923948987,-0.04355158406528462,0.06388774074247795,-0.6666064653363836,0.07100616798426095,0.27588007725189206,-0.9108305269706071,0.003050616986496045,0.4716095023419973,-0.8564994011868378,-0.060706212442355356,0.5906300463926863,-0.7199889325970704,-0.09017001172431365,0.0594294528335712,-0.6887749457075393,0.02168360549116865,0.2762849196516567,-0.925287051416779,-0.032991483227193724,0.47731000362168713,-0.8750335286839414,-0.08056974693763845,0.5947901650919777,-0.7416194326555654,-0.09716202540318562,0.08664061647849673,-0.6831486813680677,-0.030176766991120485,0.28101545491353963,-0.8690921305689909,-0.06516756245540047,0.44759052712645975,-0.8441274825939629,-0.086776063713112,0.5608781336475281,-0.7512354914530593,-0.09216397590220243,rhiosutoyo:O.f3bc4461-e266-11ed-b006-001a7dda7115,rhiosutoyo
O,0.0,0.0,0.0,0.2270895469533472,-0.11846248091675336,0.05883233271004491,0.3559200543126731,-0.34823655130193043,0.0855873329932589,0.4670420858465575,-0.48035882796422025,0.07804296847863089,0.5247283300663472,-0.6329702698603282,0.06697069633160975,0.20887481274175795,-0.6337158203708091,0.15834326788877473,0.29505960633817024,-0.8603717618049052,0.11876512328638822,0.41586540640458264,-0.8400092767517304,0.0651377635718994,0.49548594742882507,-0.7624306775756478,0.03440322727244619,0.1691581983798726,-0.6615342068171577,0.0878074972775206,0.27045188217610466,-0.9253084979487337,0.04660115651993915,0.41764738308537414,-0.8958257003698445,-0.014416246415083179,0.49187774186649597,-0.7649519962492035,-0.049271219884513225,0.1227530289953633,-0.6725224905988448,0.006468787675239324,0.22279226197253413,-0.9436481950913852,-0.02106482378489684,0.3735857970427672,-0.9256979173152996,-0.05930445283481777,0.46552416931290475,-0.8136269072436239,-0.07963371571340255,0.07811002187340098,-0.6504834415699394,-0.07583224526912086,0.1745584859762979,-0.8812088682230973,-0.09432474460046802,0.293720481905144,-0.9129269963722129,-0.109327619406672,0.3848502938147831,-0.8596100955675854,-0.11706712291697823,rhiosutoyo:O.f6b846bb-e266-11ed-bae6-001a7dda7115,rhiosutoyo
O,0.0,0.0,0.0,0.23261468610066505,-0.12051125058031102,0.04482468629713537,0.36517048908502864,-0.32297273863580156,0.06732689202128435,0.47601495307035097,-0.4554837399967385,0.06312991709976251,0.5159752461622118,-0.6045326407695542,0.05820046351323921,0.20806634825360007,-0.6113950950003645,0.14056843266995292,0.3065697032616464,-0.8298110774329516,0.10133234502968992,0.4273214263917113,-0.8146857082683179,0.051511976347626866,0.5116459531224531,-0.7477123320874385,0.024635688259420446,0.16700805461336768,-0.6460558086487679,0.08641280587107346,0.2896012359783591,-0.891301076002231,0.0515881407473358,0.42688219993422305,-0.8680132839785758,0.0007056124569179001,0.5072303366032954,-0.7649905406091159,-0.029223816535423254,0.1271847902057501,-0.6698194293347021,0.02104245703060701,0.249503192653415,-0.9297862608838177,-0.003733249670304343,0.3895757634757343,-0.9202379394892806,-0.037321029418033475,0.4777096745093693,-0.8273109762978399,-0.05488506967335851,0.09064608171297864,-0.6698587865441544,-0.04576626252493544,0.1962338656131466,-0.8965307308035615,-0.057512458583373935,0.31386298774526183,-0.9267510328908523,-0.068018189194642,0.4060071360406952,-0.8821959167861274,-0.07358363888707806,rhiosutoyo:O.f9b46ff8-e266-11ed-a2da-001a7dda7115,rhiosutoyo
O,0.0,0.0,0.0,0.23863013292835222,-0.19055926718448135,0.12072768942503871,0.3277462715171648,-0.39640370218360393,0.1638593957431663,0.418851593182033,-0.523898028026112,0.1650308307252042,0.4610004504176276,-0.664415856475643,0.16388710444477333,0.07944422971565837,-0.6741483592773545,0.1992958557420078,0.20565261774100624,-0.8798540761004089,0.18367724665226842,0.34648414997790045,-0.867135321574327,0.14821110896672002,0.4411041735616847,-0.8000063949862224,0.12823827987556363,0.04688407585383642,-0.6948849481614032,0.10811668919643844,0.20844260611187343,-0.9416891004270957,0.08438834654497826,0.3749342697485134,-0.9183968959147127,0.04238997375931486,0.47773009110779274,-0.8110543068659437,0.018348473158094843,0.035693571343495475,-0.6993666123113005,0.013741796318131909,0.19123786837180423,-0.9558314946960319,0.010533821389576922,0.3503412647572487,-0.9366116594953668,-0.004426907004476479,0.44853461520340643,-0.8470157236986698,-0.01405050676865948,0.05203316243694122,-0.6770594084740396,-0.07657745568234955,0.16688056995168846,-0.9262178317626926,-0.06655134782626006,0.29729985491787736,-0.9469326982949943,-0.05840336196530067,0.3972468724158869,-0.8868658225879905,-0.052581644665820965,rhiosutoyo:O.fcb087b2-e266-11ed-a943-001a7dda7115,rhiosutoyo
O,0.0,0.0,0.0,0.24324507162223188,-0.09230424743612285,0.09315522452871197,0.3667532398447228,-0.28405644300481125,0.13675191003704362,0.4622373850412005,-0.4062678301364233,0.14717992226490823,0.5397343110919748,-0.5228932639554627,0.15824378825774882,0.17163397531839283,-0.6206982649118449,0.18222316917465248,0.33230065768609346,-0.7576599499457611,0.17401215449529478,0.4834571648110114,-0.7356160131298329,0.144714568579679,0.5833794141496046,-0.6819394731079444,0.12927730542281715,0.1331612376051377,-0.674600215407885,0.11512725305536,0.33432633306318027,-0.8687437075096504,0.10311775112945343,0.502403049336366,-0.8298439645380691,0.07119627785993883,0.6027915495069099,-0.7346704296080565,0.05596013254451635,0.12611045164283194,-0.688470003645534,0.04354172821969864,0.3213645599349491,-0.9105707677549254,0.04162007090844267,0.4884705352673683,-0.8722412596137875,0.024325320202701072,0.5873311415245772,-0.7728751569510032,0.017535944719065492,0.15171567269100564,-0.6609320219544105,-0.025132194867444384,0.31564040853405717,-0.8692344448960849,-0.01615458122016727,0.45498500429472033,-0.8535969286840615,-0.008535789872647899,0.5477632175046175,-0.7701259542037597,0.0004238186950263094,rhiosutoyo:O.ffacac4e-e266-11ed-a009-001a7dda7115,rhiosutoyo
P,0.0,0.0,0.0,-0.15655211895284665,-0.14468772184355413,-0.025162068427235944,-0.22351901172657,-0.27212754822797913,-0.06767614106313363,-0.2747076309524096,-0.36281229713230106,-0.11614229365707446,-0.3065020406481198,-0.44238721374334655,-0.16463864333254113,-0.10132881455543188,-0.5215435444201071,-0.06299556791802653,-0.14521519889256926,-0.7180835172456898,-0.12745270517948934,-0.1845807245353933,-0.8456082362532926,-0.17524144627113525,-0.2187137627446106,-0.9524222570513301,-0.212264302838099,-0.04199768672647325,-0.49454703722935045,-0.08502566788922959,-0.23441383712614391,-0.48170049777190727,-0.1540574410770321,-0.2555940568439011,-0.3461245297311016,-0.1644746128265065,-0.21378737851957813,-0.28664353377122503,-0.1669775167286151,-0.014340812880419159,-0.42042500236208513,-0.11166784020918097,-0.21199549115034574,-0.3801085160846238,-0.1559313334958415,-0.21106869226230526,-0.27166080205554516,-0.12028566587457407,-0.16471144282555672,-0.23665973677433358,-0.0970407596081032,-0.013134684611114413,-0.3282363479871574,-0.14562754237482298,-0.16900668304827027,-0.3023653210736865,-0.17421040903713497,-0.17142906139964328,-0.22275677392345902,-0.15030402394037548,-0.127174536936994,-0.19337739610211602,-0.12897390548137952,rhiosutoyo:P.196b317a-e267-11ed-8816-001a7dda7115,rhiosutoyo
P,0.0,0.0,0.0,-0.14642522490884824,-0.15719944025735372,-0.022809121979961003,-0.21370622062149308,-0.29437429619851296,-0.0633963360691004,-0.26416116910587545,-0.39088173422625494,-0.11124510357437113,-0.2881169123670738,-0.47585400747540557,-0.1599755778551577,-0.07587522727039937,-0.5308040106550999,-0.05809862623171458,-0.10811837906414551,-0.7269566965638672,-0.11989767222780116,-0.13080681752763457,-0.8559406347680574,-0.16508486507016826,-0.1477373226813858,-0.9684025160118904,-0.20092349406870363,-0.018005536549628748,-0.49966032278895567,-0.08270950547887956,-0.210017262425758,-0.5172724601683539,-0.1584817299315446,-0.24407939850165916,-0.37784662445657763,-0.17221105335285206,-0.21522935881298422,-0.2984355849320495,-0.17347892248893002,0.005036642481871391,-0.4269360068743587,-0.1113254056045906,-0.19441868434565404,-0.41911830491184765,-0.16516366219807135,-0.20214343645921318,-0.29701814399736653,-0.13363416606602774,-0.16467384744440253,-0.2391912987307794,-0.10847252023471926,0.0013340516416233453,-0.3355810002831824,-0.14605596174903773,-0.15631030855937994,-0.33471116674432433,-0.18082531338996408,-0.16693013863495965,-0.24833030492705752,-0.15906503449555037,-0.1319420450161666,-0.20549830634071561,-0.1368513263201247,rhiosutoyo:P.1c673cb7-e267-11ed-a0d2-001a7dda7115,rhiosutoyo
P,0.0,0.0,0.0,-0.15293921546348174,-0.15255475203468802,-0.025373354354351525,-0.22254358509747393,-0.2877997322411746,-0.069353964689342,-0.272572456630995,-0.38223926158793187,-0.11895192906504126,-0.3084922774767711,-0.45829285801652503,-0.1683757649482438,-0.09557289724888174,-0.524447152111167,-0.06988534656900215,-0.13197628391275548,-0.7271009381519393,-0.13572196934283684,-0.16000005038222503,-0.8509809438458218,-0.18238546086369,-0.18401597489376617,-0.9582433801386614,-0.21887838039498034,-0.03424971844130936,-0.49525804922689426,-0.09266842747260166,-0.23440794142918522,-0.4920664138742518,-0.16309131722266573,-0.26003339642643347,-0.3557784188777905,-0.16974457463667197,-0.2196388250822902,-0.2962587689512859,-0.16992483919073056,-0.00873598498310665,-0.420085269450264,-0.1199995603606298,-0.21201282051045367,-0.3869221439293703,-0.1671738435151481,-0.21057205012062408,-0.27767866938243124,-0.12858932094610578,-0.1627449678340153,-0.2423866091724667,-0.10320509151212613,-0.009355501107753685,-0.32854696675676276,-0.15430099628396343,-0.17026026039878564,-0.3079812860399017,-0.18543904271815953,-0.17103356189495017,-0.22655142705540232,-0.16060398816497565,-0.1252780392299205,-0.19769933959689492,-0.1386005761701811,rhiosutoyo:P.1f635b42-e267-11ed-b687-001a7dda7115,rhiosutoyo
P,0.0,0.0,0.0,-0.15998336631691198,-0.12181491144442931,-0.03022450751789313,-0.238868353844023,-0.2564999640696233,-0.0788587796467645,-0.29024096062365284,-0.3469800401968164,-0.1324070124714912,-0.3235795224026479,-0.4311613869861263,-0.184598289762855,-0.11877198418450188,-0.5262699698710216,-0.07642441460843567,-0.16650307998970082,-0.7405364147851621,-0.14781684737658826,-0.2136178525122272,-0.8539449672449593,-0.19558759322849834,-0.2551047892701962,-0.9391462547298542,-0.23005620773692761,-0.05586882704327147,-0.49479372485323797,-0.09838270023082873,-0.2595266722957962,-0.48886059956790506,-0.17491470298858633,-0.2839180716834061,-0.33932398047160006,-0.18122164743601446,-0.23696988215340034,-0.27664941033734775,-0.1792720688942382,-0.029249168945363193,-0.42172697778903195,-0.12585509303506218,-0.23234171329223482,-0.3941958437837721,-0.17837030751231256,-0.23164530853039922,-0.2737930019655975,-0.13492200807085497,-0.1787568978877929,-0.2407011046582861,-0.10530054049781105,-0.027686228515537606,-0.33303184011617964,-0.16052822998150687,-0.1909733782185959,-0.3125096939686373,-0.19236593981926794,-0.19106190711117277,-0.22492910802160487,-0.1630337855963807,-0.14254908766865862,-0.2027058217607868,-0.13781592295816256,rhiosutoyo:P.225f61db-e267-11ed-b1ee-001a7dda7115,rhiosutoyo
P,0.0,0.0,0.0,0.18446541068487085,0.013871679012837623,-0.010834320334275723,0.34689031642005874,-0.09554597828835647,-0.0180219104853922,0.4741837176120664,-0.18089612514574074,-0.04529050659355065,0.606189115505986,-0.23150053136137527,-0.06216779846249611,0.32814811609442784,-0.4810694558960638,0.08543784817387154,0.49816731238612394,-0.576680271060495,0.037787819334372474,0.63729902749895,-0.5871128036227832,-0.0003414858811810784,0.7426750827833879,-0.5859677657778456,-0.018577115014818298,0.30232085838011996,-0.5347571813045552,0.05131320563910175,0.4974967625888244,-0.6709543297703513,-0.005173537791826516,0.6429668252304616,-0.6620772617852826,-0.03215324965044356,0.7490622906374708,-0.6614354077345712,-0.03753513207578969,0.2616301346060318,-0.5717495662359386,0.0007310923255641566,0.49531821253028363,-0.5167989177532828,-0.10102498036371164,0.4295464755653222,-0.3454089954475372,-0.10915657938606432,0.33717610819533567,-0.27261920953998564,-0.0779650832527584,0.22978142347253172,-0.557509030545336,-0.051023373869352635,0.4379909357815572,-0.4659215141647019,-0.12582735397741068,0.39522744843094487,-0.3391893087086715,-0.1216114931616947,0.3085261196896198,-0.2953555475663944,-0.0956095888680676,rhiosutoyo:P.255b79d8-e267-11ed-ad9c-001a7dda7115,rhiosutoyo
P,0.0,0.0,0.0,-0.15916713028721363,-0.14232574106464013,-0.01852106634598691,-0.2361237909459612,-0.2972093669837293,-0.05389748238432759,-0.2895975018396746,-0.40444256341409135,-0.09697748410400545,-0.3175913711138318,-0.48558075507636944,-0.14002162120983747,-0.10598500921812311,-0.5372446983548665,-0.05000427016572062,-0.12885715722089527,-0.728469263805533,-0.11227794753172753,-0.14274028044494444,-0.8536699178552671,-0.15866230293239977,-0.15496919216392155,-0.9681712606549325,-0.19654251326850444,-0.04321178438057902,-0.5110817805720734,-0.07726411553529278,-0.24751469344673796,-0.5089029566047526,-0.15884859643146437,-0.27479121852271327,-0.3652764840076245,-0.17119100803588053,-0.23701704439019408,-0.2925883743926617,-0.1701109678405649,-0.016523838765416545,-0.4375483927618008,-0.10913996905448596,-0.21899891161611545,-0.42006214142708054,-0.1705241313073449,-0.22220847653756975,-0.3021763628852112,-0.1353680220643071,-0.17931486566932853,-0.25093505870436905,-0.10544495977511863,-0.016819374606184597,-0.3406255134636167,-0.14688492449508805,-0.17485129835394764,-0.3340792803638212,-0.1882664842820139,-0.18385153812592536,-0.25195146938934365,-0.16736452762320245,-0.14541734087185954,-0.21543835894280028,-0.1443842535859258,rhiosutoyo:P.2857ad34-e267-11ed-af02-001a7dda7115,rhiosutoyo
P,0.0,0.0,0.0,-0.15374744934574727,-0.12998814086882574,-0.019868473030102408,-0.22338184751320914,-0.2683641672148407,-0.06021326139305431,-0.2722327679598028,-0.3671182309693744,-0.1093136838013012,-0.27831460779354794,-0.44636091042677106,-0.1596415546456798,-0.09813846770404197,-0.5194233377307149,-0.057891923170657764,-0.10844933821315517,-0.7268586522745923,-0.12154694243217132,-0.11108674685713375,-0.8608287549148789,-0.16677941939900906,-0.10835092589344754,-0.9732428223624995,-0.20262893568764764,-0.031026871428494127,-0.4906441704649943,-0.08531143937456345,-0.21200006825926074,-0.479949616481578,-0.16291354367872243,-0.23809615027691902,-0.3428610475079405,-0.1701160563983997,-0.19911552873095847,-0.2799398644152172,-0.16668666474958,0.0022624452486369145,-0.4113637039987648,-0.11736316014272372,-0.18579083283603146,-0.38803956898620434,-0.17400544518874303,-0.1951547442941184,-0.28000713359577684,-0.1339608961516396,-0.1554437123246739,-0.23860565203337997,-0.10239505377126576,0.006952394383395037,-0.30924888028830877,-0.1555839150460895,-0.143714998500617,-0.2997846879221653,-0.19002413940674212,-0.15700938174010667,-0.22369763894416964,-0.16217224613284467,-0.12329527264499719,-0.19004747709477735,-0.13515039537508874,rhiosutoyo:P.2b53c811-e267-11ed-bbd1-001a7dda7115,rhiosutoyo
P,0.0,0.0,0.0,-0.15869374323993846,-0.13367410145709052,-0.018819828101409565,-0.23388481800524688,-0.27146858718003564,-0.05397447621277489,-0.2902592841501225,-0.36880829286985417,-0.0980092948803088,-0.3131239403458606,-0.4542932025959539,-0.14220602762337722,-0.11541545704077506,-0.528258224439057,-0.04624057734965709,-0.1469659143629151,-0.7319073854468042,-0.10639436566270791,-0.15982392305586357,-0.8604291711630104,-0.14788074652740935,-0.16167271930805133,-0.9702222319395405,-0.18036283564469818,-0.0527921804845398,-0.5093792119273741,-0.07135805585603804,-0.2332787013175698,-0.5049258629545733,-0.14851382752622774,-0.2555242850004579,-0.36562051208603635,-0.15977415354927396,-0.21123889932451295,-0.30447355180826496,-0.15781763500903315,-0.021742681735755953,-0.4426806805629703,-0.10144196100337322,-0.20695419200938078,-0.4138537536226154,-0.15926096791591077,-0.21274004760122509,-0.30189642225093477,-0.12674466732277445,-0.16808218195155628,-0.2640464108688408,-0.09845787683127286,-0.01875550031170018,-0.3524183103043251,-0.13739358636286464,-0.16397021897206415,-0.333812017912534,-0.16965514304353674,-0.17563758733161347,-0.25966064811735917,-0.14670725916671323,-0.1403273495442675,-0.231117021887454,-0.12339584293292598,rhiosutoyo:P.2e50157f-e267-11ed-bd6f-001a7dda7115,rhiosutoyo
P,0.0,0.0,0.0,-0.12046124540544319,-0.13992787939601853,-0.047179943059774104,-0.18844346788463923,-0.25762636559191543,-0.10669166649545336,-0.23149950584776033,-0.35936151500867375,-0.16918381154579415,-0.23960209055696266,-0.44926949968339563,-0.22992268857542153,-0.04801256468600943,-0.5193026833329188,-0.08564060245787633,-0.07514189815401866,-0.7269340224613933,-0.1585338870493228,-0.09478692838956981,-0.8605188580752832,-0.2066332114283448,-0.10453573220412081,-0.9646017497276749,-0.24210688778896058,0.016346486644182683,-0.49910161672112424,-0.09702961306693218,-0.17334739298424784,-0.5214563935925894,-0.16711425502397168,-0.20714544017408698,-0.3856404136227123,-0.17222682261931746,-0.1639733999782145,-0.3262562051574219,-0.1697100097354041,0.04571634590677139,-0.43416061837476727,-0.1151512763691756,-0.15424335904084793,-0.425668182772955,-0.16237193781560563,-0.17130730236974973,-0.3117090188705371,-0.12479732178740055,-0.12668903151343885,-0.2775674323341544,-0.09966863594107811,0.04971760392221407,-0.35386979955085796,-0.14225886872552668,-0.12003774046328022,-0.3351652957621076,-0.17559258123996468,-0.12961380667835548,-0.25113172967507447,-0.15390693919888251,-0.08109449539664261,-0.2212065785948607,-0.13260252978440196,rhiosutoyo:P.314c3a6f-e267-11ed-9037-001a7dda7115,rhiosutoyo
P,0.0,0.0,0.0,0.27212610437126494,-0.19344992309184403,0.03181031051283144,0.5051782217236682,-0.4870397074083845,0.05819084042976344,0.6895694555107229,-0.6122172222526999,0.05369339632441143,0.8030878476448258,-0.5929051200680072,0.059274172810281835,0.4914177649041539,-0.6851858359871363,0.18490327216933528,0.7074999499856469,-0.69144163407396,0.12005218310768659,0.6506460140447775,-0.5918965390238391,0.050881536336590615,0.563899886605521,-0.5597183540926225,0.019447613010426457,0.5035663460622716,-0.6458433884256358,0.14105712322118852,0.7398487037699214,-0.6129896025155683,0.0753774136841499,0.6534600293183774,-0.5021476581670556,0.014400704288313354,0.5306786360576703,-0.5024832338453543,-0.00656056883726771,0.5170327570111883,-0.5837418646402563,0.08134593882799912,0.7839985973746717,-0.5672356200883653,0.014992525774724336,0.6870112935167096,-0.46922638631947405,0.009256692554782354,0.5567867946311544,-0.4793863571320499,0.031517394429134246,0.5206436254700519,-0.5233549286299627,0.02170407989714883,0.7520814569490045,-0.5504323632510408,-0.011935514807009055,0.6864747432332864,-0.5002435906443339,0.010154906454789055,0.5829016276380192,-0.5044729565964594,0.04156887962727122,rhiosutoyo:P.344851d8-e267-11ed-8c0d-001a7dda7115,rhiosutoyo
P,0.0,0.0,0.0,-0.12547403921471875,-0.12871009256234686,-0.04145042595183889,-0.19916553463005973,-0.25518438322526316,-0.09676035459935543,-0.23696332055883526,-0.35968236216546495,-0.1572983281646212,-0.21829765042980906,-0.44647032326740005,-0.2147681584428808,-0.0816333750334791,-0.5070815009669435,-0.07502639219906874,-0.09120604591187044,-0.7322229690007255,-0.15448606293152867,-0.11733438540187245,-0.8692160478405127,-0.20371150827206153,-0.14260734381025164,-0.9610157239169038,-0.23687955563081836,-0.003171461464441902,-0.4805645336464379,-0.08763510746656439,-0.1615729048254994,-0.49626728181959473,-0.16133804102788626,-0.19458996865730854,-0.349918222490486,-0.1613786031926252,-0.15319564515664677,-0.3006452271430897,-0.15389369192425462,0.04795024585386193,-0.41171450745629795,-0.10856752977238115,-0.12831992682986265,-0.4062558781662727,-0.15979830317677332,-0.1410579075647734,-0.2853154202002341,-0.11227839113275201,-0.09686583278096127,-0.25219854652988255,-0.07838318527000684,0.07502301095016486,-0.32520352250107315,-0.13837636667052408,-0.07388342558252281,-0.3245133120921693,-0.1742271590799428,-0.0857775595006654,-0.24312077250885586,-0.1465863506633218,-0.042886857372856926,-0.21398445053495221,-0.11968601321470888,rhiosutoyo:P.37445bf0-e267-11ed-869d-001a7dda7115,rhiosutoyo
P,0.0,0.0,0.0,-0.12607432093291157,-0.13883432914537172,-0.04111213672508863,-0.2024235939743877,-0.2677861558558901,-0.09437279914927756,-0.24339180441935865,-0.3726899289083652,-0.15204488803626276,-0.23090552133021378,-0.46313738681703376,-0.20698527710379908,-0.08358524006214262,-0.525116800834344,-0.07087939384089159,-0.10249956719990921,-0.7325957113080932,-0.13909963220522462,-0.11779220331126307,-0.8673647096306473,-0.18293272709646796,-0.12709570217114977,-0.9679609800653255,-0.2165599768207342,-0.0038449308243903445,-0.5047445521608098,-0.08312995384653589,-0.166951500025633,-0.5180805663820448,-0.1493305326869836,-0.19415393991743193,-0.3707681734460576,-0.15119536397288993,-0.15002661023945485,-0.3151175682597522,-0.14716270070531515,0.04752451877327876,-0.4382394442602588,-0.10230424096813118,-0.13360231400732828,-0.4294084564922046,-0.14763572453873308,-0.1448681143564344,-0.30661142200691766,-0.10464507393281716,-0.09920334875528292,-0.27082568797450257,-0.07603221505501909,0.07272300678245466,-0.3517762251205843,-0.13025534273719372,-0.08123025740178093,-0.3439500530933919,-0.16431843266951687,-0.09091902240065089,-0.2595105066665505,-0.1403516584131843,-0.04653342873024318,-0.22879334153139805,-0.11752487632838819,rhiosutoyo:P.3a4091dd-e267-11ed-8dd3-001a7dda7115,rhiosutoyo
P,0.0,0.0,0.0,-0.1275470481529288,-0.13276866793072148,-0.04421994433547104,-0.2027464018376009,-0.25323275433227976,-0.09999195111027616,-0.24687065364412475,-0.3587106434056009,-0.16005285697932697,-0.23575033257246508,-0.45081127302034785,-0.21746464585573294,-0.08344998075834817,-0.5168485315867125,-0.07647149312830041,-0.09494282310297404,-0.7221335149628723,-0.1518570629982006,-0.10940350781661108,-0.8593763893918542,-0.20177979333566415,-0.12011495636677581,-0.9636132784501857,-0.23879247653871447,-0.006860428890811986,-0.501129777576168,-0.08667406865031788,-0.17349154921730237,-0.5166642465615625,-0.15636412391293036,-0.20370812943454586,-0.37029562826280177,-0.15769722692826835,-0.16132431218801513,-0.31702872135348803,-0.1525900839491712,0.042082101883742236,-0.4358212825183511,-0.10466430154718832,-0.13854298473505755,-0.42129311092157595,-0.1516162260986411,-0.1487208601763831,-0.3010464998155635,-0.10717031513292126,-0.10250799206852353,-0.2693396764575485,-0.07694258258970248,0.06415932145758892,-0.34986543634512,-0.1319688405375236,-0.08440933762169346,-0.33660323649058466,-0.1647883084422178,-0.0953012780232487,-0.256002403372356,-0.1398311513256255,-0.05146641376479489,-0.22995689185042475,-0.11639356530004429,rhiosutoyo:P.3d3c93f8-e267-11ed-9d4a-001a7dda7115,rhiosutoyo
P,0.0,0.0,0.0,0.19854823217949036,-0.018078224296523993,0.004468454345191754,0.41336035977024566,-0.15458765155601129,0.004734456939313176,0.5608133462127485,-0.22529088652554807,-0.01282391357077109,0.7080286351295445,-0.22994163119213135,-0.019686695390114885,0.3954636182201449,-0.5468459055543012,0.07441767869232481,0.5511965056787229,-0.6078246069314952,0.03919799766846921,0.6811127245901294,-0.6111881453327535,0.018505157068819143,0.7708310137477543,-0.580428440195673,0.010323489743579878,0.3463196859414379,-0.6205884779474541,0.03463200363711684,0.5552023384428377,-0.7281207445455471,-0.020999081841185336,0.6762849843878861,-0.6854729223597946,-0.02953307116672733,0.7691657599756286,-0.6387978285140586,-0.017926738879025697,0.28669699472793814,-0.6334813562728554,-0.016124014614136692,0.5219572171219109,-0.5021218758773588,-0.09921141278589785,0.4471013178805075,-0.3413520943370745,-0.07146142636527764,0.37381482060353777,-0.29465593552970004,-0.020627025072365402,0.2272000700605517,-0.5687760263568131,-0.06779491554424137,0.44719505072756127,-0.44149616841353756,-0.10915825027813478,0.3879992677602838,-0.332562396320401,-0.07025969523275469,0.31501740223623886,-0.3147479203009592,-0.024967427698715836,rhiosutoyo:P.4038b92b-e267-11ed-a3dd-001a7dda7115,rhiosutoyo
P,0.0,0.0,0.0,-0.16010125349849144,-0.14453054373857077,-0.022636286353882654,-0.23150501908508414,-0.26761878385055077,-0.06858605313251379,-0.28655554488772966,-0.35761364386007594,-0.12150169998502314,-0.3248557050246928,-0.44276252063784166,-0.17450219955334023,-0.10701673773921165,-0.5315930211959151,-0.06306364863689123,-0.1395782335227755,-0.7261634212228271,-0.12067361312968183,-0.16042987786744678,-0.8522254915716577,-0.16464433098855755,-0.1757760456540438,-0.9636214212874594,-0.2013368774223048,-0.06305148586876468,-0.5096653876765944,-0.08618514339692057,-0.2640241170876798,-0.4998216205306289,-0.14674292791926685,-0.2739006385977659,-0.36165323792440124,-0.15421382219876686,-0.21986084264024028,-0.3097665010439245,-0.15829931601763542,-0.050286594746995206,-0.4425230978747272,-0.11328669347469258,-0.25019429346747424,-0.40936204758853095,-0.15121491699978973,-0.2360182213026952,-0.2985018263051978,-0.11652791030519327,-0.17755675245470745,-0.2667317557663733,-0.09753142866820454,-0.06022272254914834,-0.35841554385070157,-0.1476142542762279,-0.21377185622997846,-0.32916340270396394,-0.17249116265092174,-0.2087502963052685,-0.2531523284525916,-0.15225995995097752,-0.1603593811649742,-0.22887552533601827,-0.13631780198500104,rhiosutoyo:P.4334c636-e267-11ed-9202-001a7dda7115,rhiosutoyo
P,0.0,0.0,0.0,-0.13245179332452173,-0.16848256053693159,-0.038327267524915914,-0.19128633832751527,-0.2946877935545471,-0.0952076139371837,-0.2308938301067214,-0.38490030095519534,-0.1565957519464615,-0.2520257327262901,-0.4772037112933613,-0.2170697512318487,-0.02822490878995262,-0.5443564950942595,-0.08397141879506097,-0.045931845926899695,-0.7601805585369651,-0.14952370123737865,-0.07230257314198175,-0.8803683768750407,-0.19576332159250323,-0.10044455614144064,-0.9681243910162303,-0.22944728078798868,0.008779706973884076,-0.5117850692815522,-0.10122437694057047,-0.1974625176098767,-0.5334283747623386,-0.17122816245216618,-0.2237294653975629,-0.4048065636496475,-0.18689117842926475,-0.18058125415902437,-0.3325531105977126,-0.19482228086241365,0.008530196466730552,-0.44231834637970613,-0.12286565611581801,-0.19613594934053452,-0.43704612338134163,-0.16751041109284312,-0.1990842137170959,-0.33176230158581366,-0.14001795575175902,-0.14703948255421356,-0.29579075544382516,-0.12470235444139122,-0.012475362438637953,-0.3661683586887958,-0.15220045085417638,-0.17700110829242383,-0.3518858982773555,-0.1776043655837981,-0.17593602507955006,-0.2723216163008321,-0.15809541151155554,-0.12133631609855794,-0.24603886536643102,-0.1421907458709013,rhiosutoyo:P.4630e6a9-e267-11ed-8ac2-001a7dda7115,rhiosutoyo
P,0.0,0.0,0.0,-0.12971681708681604,-0.17030182510426073,-0.031411980005007306,-0.18974777677678936,-0.29219005589455604,-0.08791087604700241,-0.24196457890726827,-0.37953254213910476,-0.14984777424509882,-0.281651417974019,-0.4553677518796531,-0.21245494108689394,-0.05178083106530227,-0.5382626795818111,-0.0893121375909181,-0.0809268798584789,-0.7546157719666775,-0.15601904870307093,-0.11199115350836528,-0.8698210262936306,-0.2056589063015209,-0.14039320560172594,-0.9598155303469738,-0.24298949673932213,-0.01768014529755557,-0.50371454353269,-0.10844640662156387,-0.2236380102475775,-0.5063751707536327,-0.1727951060790806,-0.23922008963465877,-0.3820240103546891,-0.1857534272555765,-0.19402832866685885,-0.32018850193507536,-0.19533255416386291,-0.01879785425803128,-0.4255452264986014,-0.1306846477404004,-0.22371326288709603,-0.4021434093774851,-0.1670148125290518,-0.21384743458259317,-0.30422505747653583,-0.138459494963176,-0.1602815056817633,-0.27373721585669014,-0.12611170466900257,-0.04197670354786227,-0.341385990679109,-0.16027894398274292,-0.20032595421978527,-0.3156586756766008,-0.18285781489889155,-0.19238161915993732,-0.2447407157412007,-0.1645159605467986,-0.13794454529654568,-0.22290947860291682,-0.1512241940477116,rhiosutoyo:P.492ce925-e267-11ed-a67c-001a7dda7115,rhiosutoyo
P,0.0,0.0,0.0,-0.12272551735805773,-0.15016030808850817,-0.01255837510658965,-0.19106125617279118,-0.2853011844023842,-0.05729780514187904,-0.24558473935124278,-0.3686826958051539,-0.11018090062007493,-0.2742636333730119,-0.43110959000290805,-0.16363263153352026,-0.08408754523040583,-0.5114292319184605,-0.07867087450920081,-0.10985186159180925,-0.7502500505011428,-0.1524099029187768,-0.1467003255480689,-0.870710257906445,-0.2016719544945103,-0.1839467358435416,-0.9541327809554009,-0.23620803262975493,-0.03183554042303863,-0.46697644187484144,-0.10810179979562051,-0.2338031437002081,-0.49764031624342275,-0.18213842834049798,-0.26420302643571697,-0.3822688872453851,-0.1914433831932618,-0.23340278000786616,-0.31102048798138815,-0.19479729394554676,-0.016937643160885085,-0.38050071846713035,-0.1404014407605237,-0.22190318110286372,-0.3730621061046046,-0.18787422381625268,-0.21412213816608422,-0.278517758094784,-0.15369584100670053,-0.16100705493470938,-0.23984944401751473,-0.13279359283972655,-0.024228880339554823,-0.28799244864784584,-0.17735517419376984,-0.18255634100942464,-0.2879175940578556,-0.20312088678499768,-0.18142952102335788,-0.2185253885688057,-0.17723841186979566,-0.1332836822548757,-0.1939535775129705,-0.15688247509031858,rhiosutoyo:P.4c28f2ef-e267-11ed-a3db-001a7dda7115,rhiosutoyo
P,0.0,0.0,0.0,-0.11668755200644124,-0.14013085487769786,-0.02498993367635806,-0.18980196189653256,-0.27006174523869625,-0.07154332534418058,-0.2485602494827141,-0.3575610215762938,-0.12382883491152975,-0.28468786969632753,-0.40881007691707244,-0.17712526417849703,-0.08792570622400094,-0.5100919948399971,-0.07976172403021559,-0.11728819944610597,-0.7314760587056187,-0.13872708666154782,-0.1458575996817847,-0.8566564535297998,-0.1806642444526101,-0.1678677265640893,-0.9617955200388645,-0.2162632747633642,-0.031198963567248623,-0.4801285036398908,-0.10264059993086297,-0.23168428234657207,-0.4728394094698362,-0.167468174001871,-0.2467491931669698,-0.34378784452605343,-0.17792560892676054,-0.20137551088497188,-0.27456300801823225,-0.1846892789933077,-0.01348853992096832,-0.40341844676271976,-0.12790617634463325,-0.2144917790925326,-0.36183408389874094,-0.16831871145819813,-0.20432914690867487,-0.26059510692204274,-0.13770063373189168,-0.1484217876135895,-0.22506804651350987,-0.12173907870958853,-0.01870507617621826,-0.3205166559780389,-0.1595657691947441,-0.1752050197554184,-0.28545809005629447,-0.186675604477323,-0.17084993146222047,-0.20869352446779119,-0.16673032366641913,-0.12030160225618937,-0.182485701005396,-0.15112421451736957,rhiosutoyo:P.4f251559-e267-11ed-9302-001a7dda7115,rhiosutoyo
P,0.0,0.0,0.0,-0.12912774519634238,-0.1451512552026939,-0.024458832321968087,-0.19871646941857965,-0.27805262818505,-0.07279644682585745,-0.25266050872609075,-0.36249931291510934,-0.12667946144537132,-0.28271912709982655,-0.40256049644655706,-0.18227888210524035,-0.08720443505646922,-0.5182998197057693,-0.08326261897368095,-0.10818742269287335,-0.7391863308625765,-0.1461801260244252,-0.1381300882456484,-0.8610121450012682,-0.19215835491369798,-0.16367222381718588,-0.9594961745774544,-0.2293000089881558,-0.03166957121568847,-0.4833142386621614,-0.1055941118972882,-0.23453797740142818,-0.4797966016737582,-0.16776737150878465,-0.250781092416617,-0.35165497156606096,-0.17610698569377922,-0.20311493495790098,-0.2852540897361116,-0.1823195688146724,-0.018276848357899632,-0.40113775189263257,-0.13024222584378672,-0.2233113702242274,-0.36373109659178404,-0.16541526251430766,-0.21642886494922098,-0.2669197810782106,-0.1303653396976443,-0.1603698048985481,-0.2341698185930366,-0.1133086625306406,-0.029513777744681485,-0.31279064823553865,-0.16140000900568363,-0.1916306166148261,-0.2803644590575575,-0.183789881551083,-0.18558868327337166,-0.20508286421453245,-0.15925094647550764,-0.13121128320028186,-0.1794044754765248,-0.1410471062457908,rhiosutoyo:P.5221534f-e267-11ed-ba5b-001a7dda7115,rhiosutoyo
Q,0.0,0.0,0.0,-0.22619185774495776,-0.1003903988000773,-0.000604855048233773,-0.40549944897778484,-0.25497048018852253,-0.0009265245021307724,-0.5486290634916293,-0.381361440196583,-0.0278567463414116,-0.6636360684233269,-0.505263704154718,-0.05255041039697815,-0.314203955636919,-0.5707295238627059,0.16054760329826148,-0.4460996274941323,-0.7176810684188668,0.10578507535578809,-0.5654657646048322,-0.7231895555620765,0.026601278804814634,-0.6614053137879364,-0.6847217519595189,-0.02528331437156901,-0.26256059785187474,-0.6440885951392037,0.11899457942527171,-0.42246140102322877,-0.8146162958904501,0.06095721290443075,-0.5419054868523978,-0.8023410383024756,-0.02552664560630033,-0.6403904725343418,-0.7296767321705093,-0.07873698811580945,-0.18670294813806712,-0.6965236542955936,0.05808161514252054,-0.35111433940294173,-0.889528123404942,0.000668689968463681,-0.48349702419349616,-0.8715396244902007,-0.056399690501570864,-0.5878421545562447,-0.7891647068535655,-0.08282987878525443,-0.08342911298299638,-0.7246535923897333,-0.00826056204812405,-0.21896172547373768,-0.8941954972398848,-0.048476812590544587,-0.3498318498041981,-0.9188714854241959,-0.07395729234279488,-0.4650365024835809,-0.8811413076575217,-0.08562153524336807,rhiosutoyo:Q.5cf2a85c-e267-11ed-a4f7-001a7dda7115,rhiosutoyo
Q,0.0,0.0,0.0,0.16980189513042176,0.04570031509937904,-0.027585257102286948,0.3679875633073857,-0.022359316531881473,-0.04765906658116023,0.4765333525220365,-0.13040283919292792,-0.07611521087569202,0.47724661063667867,-0.2697035809830415,-0.10389255456728719,0.4409644408644091,-0.37199015700753735,-0.02771855025927026,0.5711142425245688,-0.5577910014027693,-0.08109125070440658,0.6484262730436541,-0.6285766135345441,-0.11975592080731491,0.7048673534939196,-0.6937320263068684,-0.14797935550151603,0.36256165252797257,-0.45597424341021636,-0.05198744991326285,0.46362737196751697,-0.41834614552114535,-0.13246288757082292,0.37539039646050926,-0.2485172861262444,-0.15245537579866622,0.3069447340598119,-0.20977131381486572,-0.15143950284717977,0.2620446634876041,-0.4999893681498832,-0.08097075890815501,0.35292322287071093,-0.4254567896388388,-0.1715290795654519,0.2775498772655378,-0.2665809058796804,-0.15829655719787483,0.22238662873872794,-0.243274336260049,-0.1292576344074943,0.14478286620564437,-0.5222633740144859,-0.11159269920438951,0.2406470723888145,-0.4770380565232773,-0.17151729222102208,0.21751142878469534,-0.34674977736926677,-0.15247242841084216,0.1843967222161082,-0.30870365721052934,-0.12648397133759018,rhiosutoyo:Q.5feecffe-e267-11ed-bf82-001a7dda7115,rhiosutoyo
Q,0.0,0.0,0.0,0.13143768148860543,0.04189337226322871,-0.049376756033606965,0.3073878550773686,-0.05501990167635523,-0.06821642511796622,0.401584676293194,-0.17975545687318734,-0.089181841071067,0.42433494081775847,-0.3237066868831977,-0.10994969830081695,0.3547849695001957,-0.35848005032719854,-0.033785879592066775,0.46518847340669234,-0.5790080371979472,-0.0816433751899832,0.5581663624364567,-0.6824581878169984,-0.11431010348312522,0.6283054140146418,-0.7654511285775355,-0.13898516640011196,0.2809239083296517,-0.4172533244150023,-0.043541646088566054,0.37789633903489755,-0.48822673512861997,-0.12457714138422343,0.3305263696727306,-0.3184236740813981,-0.14704651941954583,0.27666408046373386,-0.23412041636883227,-0.14530904627890076,0.1883927772504346,-0.45434148020311205,-0.06004149678621322,0.28788721120108407,-0.5059724670553691,-0.1504947126754144,0.2409035452519781,-0.3315270598969896,-0.13827861075246903,0.1879073024404596,-0.26024283283142974,-0.10812590981539323,0.0796193829030276,-0.4816520067709413,-0.08028662909909115,0.17693723720886603,-0.529999198316876,-0.1491254282161148,0.16054789313391157,-0.3943128281705122,-0.13738602762487326,0.12216877882348694,-0.32437439048684785,-0.11414501609229723,rhiosutoyo:Q.62eae3ff-e267-11ed-8db2-001a7dda7115,rhiosutoyo
Q,0.0,0.0,0.0,0.14493999571214009,0.03515043552020217,-0.03950827557433997,0.3300691979166157,-0.04520200565780692,-0.06349855588243923,0.4314600048893602,-0.15372495931558613,-0.0919526164632414,0.4490735791602261,-0.29481030605563024,-0.12040201023503398,0.3826261546934612,-0.35744131782121846,-0.05179822316371892,0.5229447319377458,-0.5828097462938233,-0.11208075159636699,0.6043964057847581,-0.6655823750852314,-0.15100042822329635,0.6553319282429088,-0.7343184447742459,-0.17696464474511184,0.30758146102232187,-0.4226899510267757,-0.06938417608754013,0.42066619418451023,-0.4536836950825897,-0.15571417586263617,0.3398819717207442,-0.27002983578433454,-0.17299817271655418,0.2726781183849464,-0.20856947915607016,-0.1681483135719298,0.210354920624242,-0.4615295854914488,-0.09239595580416221,0.324437163546007,-0.4664832266528565,-0.1854840436194421,0.2532033515431442,-0.2913065169531636,-0.16435065828667564,0.19423905387088894,-0.2470236246755645,-0.1287490978955463,0.09709680160461516,-0.4909840190431523,-0.11791720873457458,0.20167408472713552,-0.5108880421339526,-0.1839215568850811,0.18550759699876057,-0.37214857478269103,-0.16364473015281902,0.15322331867950204,-0.3155805369945489,-0.13527131293350142,rhiosutoyo:Q.65e6f542-e267-11ed-a369-001a7dda7115,rhiosutoyo
Q,0.0,0.0,0.0,-0.1373171995055136,-0.1196845593092914,-0.010779363120828112,-0.2363057158319969,-0.2882116405040709,-0.031268703945507785,-0.3238880235419027,-0.41020194100597385,-0.06934843719189916,-0.3787753630613835,-0.5225184399844031,-0.10664473013057903,-0.08796588721731827,-0.564817626553703,0.04301760525199371,-0.10284485684163122,-0.7783572493073058,0.007702970676229547,-0.13088143701732644,-0.8987526614935224,-0.020974096360845094,-0.15826153220484282,-0.9866259004013191,-0.039020764747270315,-0.04762956556543402,-0.5652841631248712,0.010086808924270947,-0.1582499027099238,-0.7356922182103449,-0.05295814807554457,-0.24087068023754393,-0.7039938008220225,-0.0921511328941452,-0.29100795255734985,-0.6435661699231192,-0.10225558915133896,-0.011436445303366915,-0.5511634365692785,-0.031109870484434074,-0.1448643540581287,-0.6939999943633602,-0.09795279111484403,-0.23741982144523927,-0.6023479449065424,-0.11736278761343773,-0.28472124142904154,-0.4900310582782825,-0.10875779724330825,0.017928998491741965,-0.514515796880793,-0.07499771268698718,-0.09911256427228621,-0.6601769651657899,-0.11354971851063433,-0.19211499191411788,-0.6473224967819635,-0.11465082574049326,-0.25742565390460337,-0.5919178385635017,-0.1025096693872052,rhiosutoyo:Q.68e2fc4e-e267-11ed-89cd-001a7dda7115,rhiosutoyo
Q,0.0,0.0,0.0,0.16420838952770694,0.04246629192222789,-0.030466317119183975,0.3354001157159901,-0.03535321611199819,-0.05652455293273145,0.42449267034646376,-0.14541825011897805,-0.09042387834860065,0.3995001137716177,-0.2731697225421722,-0.1237774331029473,0.37023491535905634,-0.3854652760845775,-0.04029232253883441,0.47222943968121933,-0.6160131493560612,-0.09948487784455251,0.549350668062356,-0.7049789895631015,-0.14495327130478464,0.6075723267611592,-0.7739922232594798,-0.17830284935434643,0.2920193842418745,-0.4407935681020152,-0.06250672209351853,0.38031157470933163,-0.4127033678000128,-0.1492863806604172,0.32508245050153745,-0.24187115192817177,-0.17194819663731403,0.2692401710785614,-0.1810987848183619,-0.17341521586052988,0.1979734083222979,-0.45670362801955966,-0.0894845725764708,0.2921321633195084,-0.3859431828273478,-0.17630327576776822,0.24079175677135412,-0.22847701607010323,-0.15971667641684112,0.18799786124852194,-0.1931886155199636,-0.1305979071611118,0.09727055012203929,-0.44747410806277554,-0.11982129375573244,0.18721229663879638,-0.3695673150719133,-0.1769709705776056,0.17041469562753558,-0.2590064420167156,-0.15920710457145446,0.13840272172934545,-0.24173201452204876,-0.13528389674133798,rhiosutoyo:Q.6bdf2770-e267-11ed-b556-001a7dda7115,rhiosutoyo
Q,0.0,0.0,0.0,0.14345823084920342,0.033948252510174,-0.033874913281296236,0.30440188899985354,-0.06678088196283298,-0.04472132931005755,0.386253633806319,-0.18497491208289482,-0.056527318657038875,0.34873947289230756,-0.3049650429488865,-0.06971553485569641,0.3096374608697691,-0.3391349535238212,-0.044442525025475695,0.42222394001407165,-0.5673275315547669,-0.09011781232710224,0.5150406357991594,-0.6856225438933682,-0.12572817951588186,0.5837030972323289,-0.796876455815638,-0.1558159441395316,0.23831688346622923,-0.3792720332863884,-0.061255085623274974,0.3391652272387153,-0.46307093315323783,-0.13030834902784202,0.2845590925635413,-0.3000340937880088,-0.1438140791432854,0.22542583284830847,-0.23646599672414165,-0.13930257544486524,0.14481248201235405,-0.39863149781778284,-0.08175752038067766,0.24634067495322248,-0.45707359500405004,-0.1570045540858094,0.20199313949358874,-0.29754284988624147,-0.1363256688763933,0.15479599896037932,-0.2537911514173256,-0.10519520916023826,0.03618232696534985,-0.40524771869221,-0.10491684680380418,0.12308831561238268,-0.4792833978823913,-0.1603464081922626,0.12622756366755733,-0.3618335354806944,-0.14043952890097994,0.1037517920621709,-0.3063542817271742,-0.11615241493887792,rhiosutoyo:Q.6edb5390-e267-11ed-ba34-001a7dda7115,rhiosutoyo
Q,0.0,0.0,0.0,0.13442994703462097,0.006316222473330379,-0.028866564671324126,0.29268141254012287,-0.1011135333970663,-0.04236976254353078,0.3703268275029646,-0.2051065274564403,-0.06035816910823729,0.3530941849882404,-0.3103929656499765,-0.0795070764694528,0.2875587183724091,-0.40001264476393655,-0.043760231051393136,0.3954200506512073,-0.6179229626393559,-0.0901712371551356,0.481765210698246,-0.7275512951014357,-0.1225338053528438,0.545948440264726,-0.824580166620276,-0.14835042766703,0.21471890136257224,-0.43480070182686437,-0.06170642371399374,0.31095722770850437,-0.48081724187264546,-0.13513182056866063,0.2755010303944558,-0.3098855688700741,-0.1491642918878115,0.22827982458735735,-0.23677159910452814,-0.14505284389317077,0.123897876305821,-0.43872879677975957,-0.08258438091364542,0.2263295918396154,-0.47296533560366305,-0.15584788976288416,0.19228667339943148,-0.31122913155488935,-0.13166220861786693,0.14698785670082332,-0.257863155837699,-0.09898439152382324,0.019134684348376604,-0.4271488413968135,-0.1064884731771822,0.10710195056366789,-0.47199466350298036,-0.1581564085705165,0.12243255124473962,-0.3641667435912842,-0.13853261321686153,0.11159816284821818,-0.31373077545073536,-0.1139150477770472,rhiosutoyo:Q.71d77267-e267-11ed-a4c8-001a7dda7115,rhiosutoyo
Q,0.0,0.0,0.0,0.13835385026004135,0.026872316537098786,-0.03191969541822317,0.29894943938848717,-0.08150062834724567,-0.046906748602105766,0.3663579082170445,-0.1950101619148389,-0.06630284167906524,0.3480210799727921,-0.30350727453999693,-0.08641384013851752,0.29599215938095125,-0.41182154192558523,-0.04191213556630384,0.4029558553485399,-0.6261972563231691,-0.0907084712708525,0.4938179621724334,-0.7302957542007456,-0.1242944098148041,0.5582242088642577,-0.8160539075794625,-0.14980571605303838,0.21869807037337377,-0.4485105820279961,-0.058707676786229554,0.32370628924758343,-0.46577363402160227,-0.1352242202584403,0.2848849703748298,-0.29036571247774945,-0.1493320793045346,0.22859061317865165,-0.22321469941620645,-0.14431899906436055,0.12601322506751966,-0.4489309942194587,-0.07953871078870495,0.23507887210946476,-0.4441429542741397,-0.16268048229697138,0.19606130227645183,-0.27610554191861514,-0.1416851320684614,0.14470134912361363,-0.23488382986172665,-0.10902359076351685,0.021731772067417016,-0.4345684127448923,-0.10270874774107118,0.1225654275422919,-0.4374244905495173,-0.16106887018050253,0.12553050923973735,-0.319976751821961,-0.14041407470483896,0.10040961714584873,-0.2846263058952943,-0.11395369563618483,rhiosutoyo:Q.74d37993-e267-11ed-b20c-001a7dda7115,rhiosutoyo
Q,0.0,0.0,0.0,0.1751223545613901,0.0071269030225993915,-0.006737191637712948,0.3243792638658655,-0.11700176030864204,-0.027852828995361303,0.41977430927628484,-0.22627214849035193,-0.06409519043454033,0.4357265898782129,-0.34322416178508647,-0.09858602008960335,0.30850675002761674,-0.442132804479506,-0.004227369685450427,0.4027912791232651,-0.6847474903188188,-0.056471386844011325,0.4792835313827608,-0.7683895892668109,-0.08776614507728053,0.5186546476352053,-0.8482601355095497,-0.10701448028991851,0.25306820599019114,-0.4748026548757578,-0.03923148680533298,0.4144007740671402,-0.4754452919476575,-0.11439070135487456,0.35348834308561866,-0.2812893438970525,-0.12627624397990977,0.28084290733258965,-0.239735148555849,-0.11629884510141592,0.1925691898483835,-0.477787904563775,-0.07951485500731476,0.3475124830399821,-0.4303215339318079,-0.16375572734818733,0.2864034226974555,-0.25494915774017585,-0.14019278349709247,0.21148913714203388,-0.23441350462845265,-0.10148795157032994,0.12553251548663927,-0.46115867860449383,-0.12050853873492273,0.2687882623849562,-0.4350352779263261,-0.1774677171150279,0.2509498837902254,-0.3056660239920721,-0.1535781610667511,0.19075085071935133,-0.27847970974520003,-0.1227800286670944,rhiosutoyo:Q.77cf9a9a-e267-11ed-922c-001a7dda7115,rhiosutoyo
Q,0.0,0.0,0.0,-0.17758634792945024,-0.20430666864750036,-0.025433964948082893,-0.3002222977351596,-0.4261087824109506,-0.05988964237572828,-0.39193783117086634,-0.5811376920821679,-0.11400558071403631,-0.45360608461043167,-0.7285563790852133,-0.16534323192201364,-0.13343127206651673,-0.6959476326559135,0.03175784898593554,-0.21337395012720173,-0.9246963754532824,-0.060127934023312554,-0.3185404291255658,-0.9208179616232788,-0.13777997932959127,-0.38758688472663333,-0.8730609484651998,-0.18134713670737904,-0.05820368027646338,-0.7120182370931223,-0.004669154466350869,-0.15832165279278135,-0.9816890035910576,-0.10592900681757708,-0.3045694978848823,-0.9116083209521869,-0.17162086641375993,-0.39139112192533354,-0.7950553544192942,-0.19838386367010624,0.015719202012144988,-0.693219830746499,-0.05651924559326845,-0.07746737640126287,-0.9639460532844623,-0.14876848551064514,-0.24268595738745982,-0.9050485592646961,-0.18685198868945796,-0.3393860605455706,-0.7864700961665815,-0.1906855250331406,0.080211162500588,-0.6356682554677907,-0.11245020508595281,-0.014888773395700779,-0.8472579703962323,-0.16771365294470852,-0.1502211650496982,-0.8823247855302069,-0.18628110023477348,-0.2512185177640613,-0.8493521490274758,-0.18857024227615587,rhiosutoyo:Q.7acbe568-e267-11ed-a81b-001a7dda7115,rhiosutoyo
Q,0.0,0.0,0.0,-0.1586184529950298,-0.16823558629812865,-0.030065842862752424,-0.2650089732167981,-0.3809827491113295,-0.06829470507397167,-0.34664728679989604,-0.5386823923750389,-0.1238881762478717,-0.4085196969635988,-0.6820324393608186,-0.17643877832613913,-0.12414578628073654,-0.6351327318901496,0.0022901244118715427,-0.1629465622534961,-0.9213592649862299,-0.08661037368403855,-0.24579116145962066,-0.9540694479823056,-0.1519514524096564,-0.2993074121179361,-0.9353882336913392,-0.18831868022865034,-0.04800218235502394,-0.6401596882658277,-0.030445614501703192,-0.12679356507454947,-0.9188392532553975,-0.14151030624440883,-0.26385108420853687,-0.8353458974283433,-0.19686962098452612,-0.3430064094710979,-0.7140129223977696,-0.21277182603595501,0.03186094339848053,-0.6135396142802882,-0.07661086175246702,-0.035111744012269866,-0.8929702947310164,-0.1713642420285698,-0.17898979806513965,-0.8200327245504352,-0.19225291666263714,-0.2649342004469856,-0.7038852048088962,-0.18313652195899655,0.11703777547014788,-0.5537947193016708,-0.12739410264118506,0.035972235822797995,-0.7525167851389437,-0.1841979655883957,-0.07980625973115517,-0.7833461546937005,-0.19659448622958506,-0.16383778591440024,-0.7602481443477102,-0.1932184291272061,rhiosutoyo:Q.7dc7e91a-e267-11ed-b9e8-001a7dda7115,rhiosutoyo
Q,0.0,0.0,0.0,-0.15977428717738787,-0.15318268941973742,-0.017491647057798345,-0.2916671919358187,-0.38756366800700326,-0.048836375977542326,-0.3829160418749113,-0.5522457107329245,-0.09981814641175184,-0.44140812421111547,-0.680917326776096,-0.14534813959131898,-0.1042716517559151,-0.6948928671618803,0.025093456303076307,-0.12729952085891516,-0.9623688982433708,-0.06529245958996534,-0.2520298262931123,-0.9428504432630787,-0.13592616719205872,-0.34754194073776135,-0.8567840595342769,-0.17252597692376842,-0.039521298929989235,-0.692710929612761,-0.01310172051431495,-0.09010276405723772,-0.9833790146195124,-0.10014935939910977,-0.23277558347795002,-0.9598559664255735,-0.156499365665578,-0.33194438262300074,-0.8618597910288531,-0.17937520705959983,0.025362326478126886,-0.663720206050146,-0.06554735342801035,-0.03515246620834337,-0.9455068545347876,-0.14104478577442126,-0.19517200993195005,-0.9282487842034158,-0.17191766559573238,-0.3066383397517945,-0.8383314935866004,-0.17552736223310253,0.09242672293573688,-0.6024066527452532,-0.12192717834115027,-0.0011052583949694823,-0.8285384376073207,-0.16883954648292165,-0.1296045241185032,-0.878549776042705,-0.18311710091231817,-0.23077241199640772,-0.8658081006355792,-0.1827483229917143,rhiosutoyo:Q.80c3ecb7-e267-11ed-b887-001a7dda7115,rhiosutoyo
Q,0.0,0.0,0.0,0.13614426823438458,0.013237252726259138,-0.04335178785246463,0.28945298586642276,-0.08608812091928053,-0.06664552946351483,0.36468590103888654,-0.20381418130733622,-0.09170781484013096,0.3485657799832593,-0.32695132299104385,-0.1163873405327818,0.3001739023477746,-0.38838807398474867,-0.056799679670933585,0.4176545496911496,-0.5959830507940365,-0.11101935644885742,0.5037426706104301,-0.7029059983815109,-0.14586410623221843,0.5681696507910945,-0.8046873839346693,-0.17222503318711765,0.22353729981816983,-0.4358307546405198,-0.07107819969067125,0.3215888069026047,-0.476288041666099,-0.15310152741775856,0.26568355069652744,-0.29957089415749066,-0.16708295669086082,0.20575138039601343,-0.23610451731271337,-0.16029380824272044,0.13218861446820682,-0.44911433833927733,-0.08983691519671204,0.23072106997273942,-0.45641934512492777,-0.17917964729433628,0.18019173526338764,-0.28491219778767624,-0.15553794567488866,0.1279480369802939,-0.24318868763554144,-0.11867017720166645,0.031038929382717035,-0.4463612908059454,-0.11160285183267188,0.12297651196687306,-0.4559823758513133,-0.1725735003079996,0.11393244743432161,-0.3313092565971127,-0.14832565962988542,0.08099582963998185,-0.2924994236951444,-0.11784016635472673,rhiosutoyo:Q.83c00b52-e267-11ed-b4ea-001a7dda7115,rhiosutoyo
Q,0.0,0.0,0.0,-0.15110656848671608,-0.15596491698852996,-0.007864362625419926,-0.24138900403047475,-0.3210142581429963,-0.03419490040483623,-0.3267808562952947,-0.4340293867427227,-0.07761831110762056,-0.35988811424817246,-0.5557466200587652,-0.11741672835660637,0.013400028978485265,-0.5823384906179592,0.026084867404761902,0.047628436040067564,-0.7612886242653154,-0.0010943637476922713,0.05093823013249492,-0.8713969470328166,-0.02413996079254776,0.05198537847377994,-0.9443543143409374,-0.035809818563224585,0.03559147763714741,-0.5924154460609491,-0.004678587253092074,0.04870878298902269,-0.806000080706291,-0.023745615214231616,0.034589308054641256,-0.922284415423261,-0.03783905333735564,0.021084114454439702,-0.9988136316398376,-0.043895208942560694,0.03662534653536438,-0.5645224042656523,-0.04309246861707768,-0.11485497401834749,-0.7443362371738453,-0.08064066281972675,-0.2310937945151246,-0.6880407155939396,-0.08899042053907298,-0.2981468429952575,-0.5985595445101416,-0.08141813940636886,0.01155247291550213,-0.5039278771770326,-0.08544036491016854,-0.13825720802642347,-0.6401441204777238,-0.11149445818471286,-0.2386403734999551,-0.6429263779850448,-0.11030555982059768,-0.30579216106483587,-0.6102490955476364,-0.10118464395929494,rhiosutoyo:Q.86bc5924-e267-11ed-baff-001a7dda7115,rhiosutoyo
Q,0.0,0.0,0.0,-0.18225413433221488,-0.15898473076564415,-0.004734820698856985,-0.3059238180557986,-0.3612717972802217,-0.032587103461812976,-0.4104693672851332,-0.5111992427782268,-0.07950337882180367,-0.44619820789498826,-0.6553099485007873,-0.12195704392631934,-0.030311906631452435,-0.6823383957025912,0.04621656579491685,-0.07060809390099551,-0.8988678647187976,-0.0018839428140889594,-0.14553827316091203,-0.9457463166543856,-0.04025405481861765,-0.20785419927407,-0.9324317243448056,-0.057931439616080396,0.008207697948924403,-0.7012590964047314,0.009881567940451742,-0.06609805636031284,-0.9641869516321561,-0.029289647773687044,-0.16492722467426182,-0.984856123678358,-0.053454898881996456,-0.2357436412969498,-0.9496766086286372,-0.06030075833474604,0.027587414817505557,-0.6825627432490293,-0.03782412949979535,-0.14718964493130351,-0.9098983762877351,-0.09000693847363068,-0.3089686705610575,-0.8675229001056538,-0.10954479863387474,-0.40836223863468957,-0.7686318053503152,-0.10776572904129195,0.018106965533703768,-0.6262439040915035,-0.08808943408676806,-0.1585558629983007,-0.8034404407696955,-0.12267003828707282,-0.29508370313341464,-0.8089719929861088,-0.12769545048800515,-0.38817774963524165,-0.7669453962512426,-0.12144192389781884,rhiosutoyo:Q.89b87ec5-e267-11ed-93f9-001a7dda7115,rhiosutoyo
Q,0.0,0.0,0.0,0.18713616607438274,-0.006869990479836391,-0.033369366238779646,0.3716433925541745,-0.130550242824121,-0.054976263505023965,0.467312938907241,-0.2753842818524143,-0.08301831137696149,0.45738184318783587,-0.4358933800213585,-0.1104831852825912,0.3771609251412684,-0.4290898346690424,-0.01204810302801896,0.47707628791126727,-0.637464205417316,-0.056891717907305725,0.5618333113335234,-0.7141029413738641,-0.08242918103204637,0.6140766097945846,-0.7828616664490492,-0.10018746681999204,0.290831957052576,-0.4924006039197623,-0.03578013170836016,0.429396190277486,-0.6085453252446228,-0.1047146283138898,0.34931224722740495,-0.4098468900334328,-0.1114242161030719,0.28167873226252127,-0.35071127117263085,-0.0960914412758326,0.19458373899467152,-0.5289045766414234,-0.06624460145528557,0.32267946068394215,-0.6256328879772711,-0.15097164457730428,0.2563119432511958,-0.4295081121931041,-0.11799288882224795,0.19139205818688168,-0.3909437958861233,-0.07218786621957998,0.07701071974422276,-0.5549388124050115,-0.0992214169581551,0.19405939435106423,-0.6630515704667209,-0.1561008203714278,0.18072230505600687,-0.5172736838483248,-0.12168513767447868,0.13434346988884596,-0.4598906913839169,-0.0835789931996814,rhiosutoyo:Q.8cb493c0-e267-11ed-8a0a-001a7dda7115,rhiosutoyo
Q,0.0,0.0,0.0,0.20122412594831815,-0.009841913082051672,-0.03302855293897297,0.384273103362675,-0.12088554319215217,-0.06111600488240682,0.4827258106878986,-0.2666051752981657,-0.09827449058377519,0.4639720004081361,-0.4251014668857282,-0.13493974226095332,0.3941072885190402,-0.4189252553810383,-0.0030752071830126753,0.5048359390373668,-0.6389654147349051,-0.0522508999416275,0.601463523499596,-0.6956998479222456,-0.08128913448780813,0.6602029536822891,-0.7445264812907281,-0.0990574510374071,0.3108708668705348,-0.4767623836197835,-0.0281080960483148,0.4494448325184968,-0.6029276989369916,-0.10174238890808586,0.3741685740473804,-0.4019270166330917,-0.10895639088142121,0.3032001011860954,-0.3268254359305098,-0.09190842026688001,0.21645187027346804,-0.5109400676490153,-0.06164344830176963,0.3441158702134649,-0.5982376474858745,-0.14631896293921404,0.28200653147106575,-0.4043184099127693,-0.1156007331430794,0.21136529629057463,-0.35139277816808884,-0.06941082971230247,0.10178650781835999,-0.5400221173686869,-0.09864096747344274,0.22277397968551513,-0.637329759291328,-0.1544118832192907,0.21089109478163925,-0.4903323546450811,-0.12453846226479834,0.1608209315781205,-0.4219116989385764,-0.08888576871269875,rhiosutoyo:Q.8fb0ac45-e267-11ed-b111-001a7dda7115,rhiosutoyo
Q,0.0,0.0,0.0,0.14143788915606167,0.008929498467882668,-0.05215068574993508,0.2980416707421495,-0.10811583386933771,-0.09192415783218372,0.3855843377261726,-0.2242733497834556,-0.13373665430723297,0.33920743380561325,-0.3127809368053035,-0.17479031546401325,0.29388042751417087,-0.46354652267291996,-0.0694721144176216,0.38944442691521586,-0.6419332002718624,-0.12168871599211815,0.4735689699924635,-0.7391778335030952,-0.1539496506766273,0.5247432730921787,-0.8318985092869592,-0.18052525471701264,0.2020752804605576,-0.512974439125118,-0.0864142149031801,0.2999931898182251,-0.5067241378796824,-0.15364156856090488,0.2562761560867143,-0.322949410599414,-0.15425557256176484,0.21810148152540998,-0.29035462442131765,-0.1438690816501636,0.10359535324279204,-0.5067220926909629,-0.10932402907408233,0.1957712930112371,-0.4666445745451054,-0.1883658691458143,0.1689351447104265,-0.29500211126733966,-0.1606550447594235,0.13044101167114797,-0.28274468171520817,-0.1278814579575314,0.0011618717115054954,-0.47360762405926066,-0.1369819725496465,0.09347248715712472,-0.4440744853941439,-0.1893921831925104,0.09304279300717348,-0.3187956323102613,-0.16204972285934705,0.058466218959954054,-0.30003920656441213,-0.13420865829881734,rhiosutoyo:Q.92acda1f-e267-11ed-9292-001a7dda7115,rhiosutoyo
Q,0.0,0.0,0.0,0.1497292639578917,-0.021068368566678163,-0.029901170483698686,0.28886449638481654,-0.1377065931299818,-0.06874432188188344,0.36313792305326803,-0.24183546049805965,-0.11417318530581237,0.3319379498136326,-0.32580585120357164,-0.15673290087703437,0.27470185897387345,-0.48341315035097965,-0.07386309838364508,0.38307913283292805,-0.6730250476083616,-0.13770012689657785,0.4551306235631133,-0.7621581183824496,-0.17847739639553947,0.5012345919936809,-0.83996296014128,-0.2079088968265347,0.18527329241462326,-0.513188652226989,-0.10245862761248077,0.2971385921095267,-0.4650599231650716,-0.1779750802782851,0.2596551922194001,-0.3071354336052364,-0.18505122914339237,0.21747410400074815,-0.2841421210666448,-0.18130290785664457,0.09983076628755302,-0.49327106073612487,-0.13435395773987172,0.2179617521988295,-0.42644156297171826,-0.20791303804233038,0.19191729873207183,-0.27959308902642355,-0.1767352937803853,0.1514691089424992,-0.26842110407550845,-0.14560011052981123,0.019139149791362782,-0.4376543722951223,-0.17037469356972762,0.13074550327019105,-0.3761399513405725,-0.21344380540133856,0.12537228913406726,-0.27213911433438404,-0.1817885388818706,0.08559951828200808,-0.26320926376780956,-0.15277869437143854,rhiosutoyo:Q.95a8f919-e267-11ed-830f-001a7dda7115,rhiosutoyo
R,0.0,0.0,0.0,-0.04639848255915276,-0.24580272893805166,-0.0521799417235422,0.05055185998327252,-0.543257815897739,-0.09738355395560484,0.19203577708645642,-0.745841569748565,-0.12636488773897697,0.2954258242742618,-0.8879256611361076,-0.14957524170421704,-0.002135777851894126,-0.4259623624916587,-0.21149064841991883,0.20809909726943346,-0.7112164049079277,-0.2820154112410022,0.33656340970073984,-0.8054676888354467,-0.29068889959256344,0.4390877682618497,-0.8514291616836803,-0.28682802233647514,0.09896401473979786,-0.27067681707540725,-0.21326866324968963,0.3297692892277135,-0.5739908332476628,-0.3014443131559886,0.2843630043700675,-0.5318470067792943,-0.27771844661202844,0.21660436306478983,-0.4443217688273491,-0.2404027027158267,0.2013266368637783,-0.13617422531324427,-0.2092499471784852,0.4010889884224582,-0.43688165469667856,-0.2744763391651712,0.3437145642513146,-0.4023833559649301,-0.2177141094256638,0.2771549623898034,-0.31346378092879945,-0.1604960215512267,0.29304297884070424,-0.035306623883317886,-0.2074235542312066,0.4471029452800914,-0.2906802463268485,-0.24719283630832048,0.40842330145481526,-0.29192748537108404,-0.21250614259498568,0.35640236525379054,-0.21621388679531114,-0.17635047679883795,rhiosutoyo:R.a07da026-e267-11ed-a0af-001a7dda7115,rhiosutoyo
R,0.0,0.0,0.0,-0.0459825278844084,-0.2666389729461378,-0.05981095937018423,0.035173011410121136,-0.569304954990666,-0.09664366820256734,0.1671017564177818,-0.7678237144673846,-0.11365874546006893,0.26153427604601304,-0.9069568069765898,-0.12543101613237947,0.022203939895001395,-0.4098630594317238,-0.19373915731629165,0.2184248848847227,-0.6735053727006742,-0.24436327585583412,0.31839736706985233,-0.7993758619416368,-0.2351564577297075,0.3974915946041864,-0.8896506540479812,-0.2247713192803306,0.1423309112939407,-0.27098923333629743,-0.18334933134453066,0.315283174882537,-0.6225564073623059,-0.2527650681729114,0.24926416952996217,-0.6026525583229995,-0.22529010670175553,0.18783276595650059,-0.5112769622380049,-0.19258728480304207,0.2577861750808312,-0.16608625636085553,-0.16876447236123857,0.3961013323742935,-0.49382655941929027,-0.23434229649364777,0.32861754366919615,-0.46369031327499977,-0.19272027265853856,0.27929007169685427,-0.3734555373341831,-0.1497029096922962,0.35837914744939886,-0.09812946220215453,-0.15489869129254819,0.46102959769403956,-0.3781891861365848,-0.2008166272151597,0.404308240573851,-0.36421515774587543,-0.18022381721816633,0.3611874675690723,-0.278570739188385,-0.15795625880850853,rhiosutoyo:R.a379c090-e267-11ed-97eb-001a7dda7115,rhiosutoyo
R,0.0,0.0,0.0,-0.09720016220639738,-0.2252266849234088,-0.09420069934908873,-0.05150423395241519,-0.4996389678346177,-0.1451429161057331,0.06252274080527147,-0.7028419351081392,-0.1629876670621221,0.14057483887822503,-0.8485379351603837,-0.17821748162951068,-0.005881107053279688,-0.32416546990505907,-0.26527049182188084,0.13718750518063622,-0.6552863027836427,-0.31818021151148373,0.20270567298884287,-0.8035981383434168,-0.3162507031478866,0.2641426055630704,-0.9113539520822606,-0.31569393081020264,0.12986192334122215,-0.22766444047013082,-0.2295217843162579,0.22034583361082183,-0.6010543066898244,-0.28464987463146546,0.15380288864749056,-0.5693715494031847,-0.24911338634474245,0.11668389725739768,-0.47349892208209765,-0.2212291596296983,0.2389998729815112,-0.16725806120642742,-0.1892499384425771,0.3063008021109481,-0.5165099189318844,-0.23824740268965253,0.24260539277551177,-0.4800181308309271,-0.19754218168491217,0.2112195080795941,-0.3864088845539353,-0.16657510912448314,0.32377966631799737,-0.14456300172142716,-0.15212474858383615,0.3711003290002043,-0.41983080953614854,-0.2063780646852022,0.3238221701030126,-0.40217124975075236,-0.20279154898738636,0.30295117689955237,-0.3223271267111165,-0.1953076950408225,rhiosutoyo:R.a675dfa2-e267-11ed-9a1f-001a7dda7115,rhiosutoyo
R,0.0,0.0,0.0,-0.08351405107416952,-0.1889718615222366,-0.06820535770652494,-0.05527726586879641,-0.45794401035366283,-0.11978463307993464,0.04384454542763929,-0.6496573986637507,-0.14701825316174486,0.12245600344462877,-0.7841367384546634,-0.17067028218594116,-0.0969107163857316,-0.2834327779626672,-0.25799359205056505,0.0651279908746649,-0.6167449665670952,-0.34181422890136864,0.1559118021740009,-0.7751796874699458,-0.36668968803962804,0.23656823435661453,-0.8940267872119363,-0.3804623164531504,0.03118067143365973,-0.1628325377964093,-0.2457131907996924,0.18791249435123109,-0.5366219594282068,-0.3360361880695216,0.1171208978169252,-0.4786004943014001,-0.31317459554423627,0.06251410126160471,-0.3715614367096889,-0.2831849906110148,0.1526687061867189,-0.08487102452207505,-0.22783880173681922,0.27880384584976303,-0.45109564522315865,-0.2986737457371032,0.20907835111126316,-0.40663279709954603,-0.24469976339071914,0.15814053538775405,-0.3018029102400245,-0.19401859833892424,0.26130793201079955,-0.053000000596956844,-0.21194129229992031,0.35165570307900224,-0.35460108589057787,-0.2680343029600329,0.29616068434165504,-0.3410467448396381,-0.24475388091143777,0.25692219468235933,-0.25317720879922756,-0.2197819188757389,rhiosutoyo:R.a972099d-e267-11ed-b4cb-001a7dda7115,rhiosutoyo
R,0.0,0.0,0.0,-0.08457024992678269,-0.22267588909086072,-0.07404342701114665,-0.056350595062078686,-0.5072787641660771,-0.12397019866852918,0.034016748269678,-0.7313003633116231,-0.147300506328451,0.086218872017737,-0.8943494369319444,-0.16890457834813166,-0.033693095290994055,-0.3734255838591263,-0.2467287306928198,0.09474490778245041,-0.6933269031682525,-0.30203747050659197,0.16248180884527286,-0.8331485724861334,-0.2985567868305749,0.2263192241800658,-0.9286227129484907,-0.29400589409520006,0.09747922393181552,-0.2838737366723204,-0.22385140050138963,0.18730815125388273,-0.64678894223969,-0.2771688448585589,0.12419836588981005,-0.6067877721442267,-0.23535856963020585,0.09166666909704131,-0.5048892190458547,-0.2015242002382628,0.21415777259506938,-0.21972992105185232,-0.19593794558371244,0.2799443651318112,-0.55764682294259,-0.2433952605694433,0.21661453722411828,-0.5220125639955802,-0.1944807411789205,0.18515420438409186,-0.4297502527431863,-0.15644279556004173,0.30995660308323136,-0.18175005007173536,-0.1698084945447525,0.361873633150096,-0.46587324371510086,-0.2153788433711529,0.3086783953684056,-0.4476044330820052,-0.19646992718740275,0.2780976670407943,-0.36777707102345203,-0.17791484441047556,rhiosutoyo:R.ac6e0ee0-e267-11ed-bf49-001a7dda7115,rhiosutoyo
R,0.0,0.0,0.0,-0.08367771313557551,-0.20341620525794699,-0.09114644025510811,-0.06908838730216484,-0.4695828404497113,-0.15733257609150378,0.003604258371436997,-0.6847168011500027,-0.19206539328515188,0.05624196222902409,-0.8525539331901225,-0.22639494837465232,-0.03995194116416666,-0.29141473285431335,-0.30118778805752844,0.08094626510020224,-0.6237277486190735,-0.36944732911615374,0.1304883341037039,-0.7906776266532656,-0.3714558667853337,0.17537475811775066,-0.9121288191352824,-0.3704925255899442,0.09305493752951349,-0.20409280678001487,-0.2741938821427239,0.168330561567095,-0.5868476196327231,-0.3401506192062075,0.11530663022574361,-0.5565980730145612,-0.3040212562350738,0.08608305311824155,-0.4615600383707418,-0.2771806267324455,0.20768140221075526,-0.15799855432111223,-0.2408596506604545,0.2527882328753232,-0.5220339958698998,-0.29322873977459796,0.20026739143754432,-0.48313850598720987,-0.2451072385287371,0.17508710399130456,-0.3919920086810173,-0.21169473923801668,0.3015613171436662,-0.14612173093013642,-0.21033551018226562,0.33033442057352863,-0.4577309652157732,-0.2605835604453993,0.28444819447669234,-0.43675387949000366,-0.24430348112733133,0.2603477120378781,-0.359391145157083,-0.230224256004781,rhiosutoyo:R.af6a44e4-e267-11ed-b5e2-001a7dda7115,rhiosutoyo
R,0.0,0.0,0.0,-0.11255889241112856,-0.17165694247959398,-0.03795421903858356,-0.13804997559726367,-0.4679956558357569,-0.10484980373545642,-0.11112470173224963,-0.7320987629362198,-0.15505653591858204,-0.15412024683152872,-0.9148452330293793,-0.20197232774214574,-0.20043502452722553,-0.3281195853543374,-0.267647088968474,-0.120725489269377,-0.6860469077227549,-0.33453534037369387,-0.0402794435777605,-0.8486503344084863,-0.3324372470354996,0.0329684208040416,-0.945961219917682,-0.32259952517252466,-0.059581228608766246,-0.2710818744526852,-0.281136345632723,0.022840384801655695,-0.6788387147739373,-0.3488517970147369,0.020718198033150146,-0.6091513447751845,-0.2915487776795017,-0.00036547160697423744,-0.4976302944184744,-0.24498866804486827,0.0786868042286545,-0.2474355059279174,-0.2851961588152137,0.1319401155871218,-0.6313504232803218,-0.31126768314673153,0.120903640303601,-0.5604487443938804,-0.21695034787451273,0.10542471073755849,-0.45082840838025123,-0.15648938157586592,0.20740663402539422,-0.2507550660078539,-0.29342348047451855,0.2354671061166282,-0.556646567173961,-0.2924413807933349,0.21028755332358592,-0.5064869458341819,-0.23327984570558324,0.19321462112149296,-0.4206188958719706,-0.1964588853947677,rhiosutoyo:R.b2665fba-e267-11ed-97bd-001a7dda7115,rhiosutoyo
R,0.0,0.0,0.0,-0.12939547127966927,-0.16741415321461875,-0.020073992720206938,-0.17091679722753586,-0.46205109775568726,-0.0834670795329041,-0.15279219901786947,-0.7285254326827645,-0.13582488930756487,-0.16960654196857053,-0.8999305927130213,-0.18264608403435328,-0.24755327824051765,-0.3395833459313609,-0.2502740344894868,-0.16061385698251923,-0.7106440279011571,-0.3205933635474463,-0.0648148991403318,-0.8655110215174523,-0.32645825172422516,0.014908061131801167,-0.9462824494563046,-0.3229973305838094,-0.1067497045811962,-0.2765549051813124,-0.2761747425613394,-0.008298722406025477,-0.6896197533842673,-0.35362148834478646,0.006416607934038942,-0.6133273404066915,-0.3077136116036034,-0.012958257822338214,-0.47665020190325846,-0.2698718782202155,0.03965451239572878,-0.24692279927827473,-0.2914247944513485,0.10267292141686982,-0.6470718471782068,-0.3275758015241025,0.1096706096480772,-0.5599765794650605,-0.24015032273441989,0.09902360136765462,-0.43669412965673654,-0.18245891375901852,0.1811121243806364,-0.2503068358297156,-0.3086099313818933,0.22517228838684383,-0.5656948676034875,-0.3129926316125989,0.2107306519839408,-0.5036748689351237,-0.25424328055984335,0.18885459248527445,-0.4088713828584577,-0.2150075421807024,rhiosutoyo:R.b5626cce-e267-11ed-b3bc-001a7dda7115,rhiosutoyo
R,0.0,0.0,0.0,-0.11410346948628142,-0.1878297903079121,-0.04005751705011152,-0.14893744217481814,-0.47048515977647093,-0.12653389596622444,-0.11878975512677432,-0.7176144271904044,-0.20425999045445967,-0.12521390957794404,-0.9011578616194654,-0.2771810247806812,-0.26159733707568994,-0.32850471502652284,-0.2734775923551456,-0.13754598965809042,-0.67056124592093,-0.3666601795072762,-0.02020518848383267,-0.8278865019610309,-0.3919546539169462,0.07949124097459596,-0.9128260421095801,-0.4005368390733589,-0.13213953529552666,-0.23738566261762373,-0.3025500010445316,-0.005497141923083668,-0.6364830981134297,-0.4015000790206343,0.011793000849003454,-0.5635228848568629,-0.36728404327662695,-0.02186846023029179,-0.4306641329396383,-0.33663905040130176,0.010674044885738289,-0.1877690463041203,-0.32398111396852614,0.09779632274420758,-0.5788846435336534,-0.3810464161419808,0.10736740695294562,-0.5024279368676036,-0.295927357468119,0.07978291692383764,-0.3851508788133122,-0.2369019186519311,0.1487113659412701,-0.17774476231787603,-0.34988831257318387,0.21254955312998297,-0.49267443022741547,-0.3657498525382254,0.1936372217425279,-0.44248293570874764,-0.3064085306208146,0.15527981120395468,-0.341782516407083,-0.2655544986818814,rhiosutoyo:R.b85e7f60-e267-11ed-9586-001a7dda7115,rhiosutoyo
R,0.0,0.0,0.0,-0.09647090513423878,-0.21363404473209582,-0.04152111786113037,-0.0861876503868761,-0.5336014199360267,-0.077287239401407,0.006530919094890918,-0.7837936971669274,-0.0967953454687686,0.04896176078202257,-0.9727683916277412,-0.11197032481897456,-0.1321452623411129,-0.43657153172930835,-0.17929251478218042,0.017708012632536088,-0.7382524978139092,-0.23258621462208345,0.11913303621013438,-0.8688431462627071,-0.23057258646935994,0.20072494594488238,-0.9537872082522091,-0.22360558456774132,-0.0026836734168823725,-0.35181441372950006,-0.17981122015578163,0.15130856203187953,-0.7027027356946716,-0.25003024590653566,0.11032458465179443,-0.6239050223069765,-0.22328105185596273,0.0631472145230455,-0.5111056895542541,-0.18800764842039033,0.1345820053452351,-0.28578497483788107,-0.1746114937743143,0.2548253039644896,-0.6190670762000695,-0.2331381359367106,0.21252470677127638,-0.5482492005438689,-0.18280097583710817,0.17172325657233722,-0.4430159635498465,-0.13355715560689946,0.2589029427023239,-0.2420893851589374,-0.1693075743656242,0.33435785103474974,-0.5228404308501667,-0.20734891724859816,0.2991473614418627,-0.48059437610669375,-0.17671476773308464,0.27174640566018887,-0.3918582271877907,-0.14663930598017685,rhiosutoyo:R.bb5a855b-e267-11ed-8664-001a7dda7115,rhiosutoyo
R,0.0,0.0,0.0,-0.08848284937911574,-0.22938324291256032,-0.05903987478576992,-0.06332872341010452,-0.5414513937359774,-0.10363363725795101,0.02595876979538651,-0.7935703687555093,-0.13123059815883284,0.05425680778504926,-0.9867247220159809,-0.1530703164283048,-0.08113537265370746,-0.44369146795638137,-0.18007811353872447,0.06662685973779972,-0.7495495055043594,-0.23702452739125754,0.1440842493231046,-0.8547988335537426,-0.2289627428838256,0.19906472501043565,-0.9019559901230084,-0.21398898573468106,0.04279164001632209,-0.34971303076106547,-0.17405815491568027,0.1768698119448896,-0.7089067749575292,-0.24416488424630303,0.13650657894251117,-0.6514521800410403,-0.2163147579416084,0.10523311109684304,-0.5388053095067287,-0.18207169671027024,0.17444793524740507,-0.2800780895849646,-0.16636103416318818,0.2712335378112955,-0.6102056128989539,-0.2280098064545237,0.22980825767544352,-0.5524395218873634,-0.18294754819570222,0.20115823562863241,-0.44425416355794506,-0.1382135199679089,0.2940894277411155,-0.23548081706768673,-0.1605015852767796,0.36193941575171457,-0.5194501045534452,-0.20274178088260408,0.32008596453335747,-0.4727683550224058,-0.17659163200048653,0.2930774463671621,-0.37332730810900844,-0.1498980791600117,rhiosutoyo:R.be569d67-e267-11ed-8952-001a7dda7115,rhiosutoyo
R,0.0,0.0,0.0,-0.0660135581448292,-0.23563954730277623,-0.0465660337944511,-0.032181610972444825,-0.537442122564392,-0.0908331727991779,0.05990247874091499,-0.7774924062210613,-0.12689182917759098,0.09737170829963082,-0.9830099859207226,-0.1555960089557328,-0.1391081523495606,-0.445023956251258,-0.14660419353065332,0.04036555141531402,-0.7347627644460528,-0.2217613224699451,0.16969361956752874,-0.8137683005071251,-0.24151455145159834,0.2716792858915384,-0.8429723009547775,-0.24578925595559983,-0.030896523043145295,-0.32334076791570254,-0.15917660681514081,0.1601238064644687,-0.6509341007387845,-0.25291256102149057,0.14843465018427207,-0.5754924889976244,-0.2434193002550092,0.09935116447323517,-0.4696482544683099,-0.2195118127838131,0.0932298413753615,-0.22788275788329124,-0.17239197711645385,0.24621731786199635,-0.5479832140904025,-0.24055549937305107,0.22362358414109923,-0.4677429273918529,-0.1854767540881898,0.17727064868011247,-0.36543309772028787,-0.133015272609967,0.21284842971547768,-0.16442979278658287,-0.19018451626168922,0.31615079622864023,-0.42684679668833836,-0.22112716346446376,0.29324314285414715,-0.3762905321393256,-0.18210712951176647,0.2602117458720558,-0.2924561407752198,-0.14861204015713989,rhiosutoyo:R.c152a039-e267-11ed-bd4c-001a7dda7115,rhiosutoyo
R,0.0,0.0,0.0,-0.07645222083736945,-0.2250698180004959,-0.0535408604429037,-0.041342715287785,-0.5365067844483479,-0.1009161056420248,0.05905410610666627,-0.784110476192581,-0.1346222530256252,0.0916223113964017,-0.9825229890839081,-0.1620306390038723,-0.11723949356733483,-0.40971810297027467,-0.1904727057826822,0.050059202616637814,-0.7343300371782517,-0.2661681129722802,0.17200524958414604,-0.8334661105150666,-0.27810210786591727,0.2705856487357193,-0.8717518070880461,-0.27649215251627385,0.009442291855511606,-0.2869984204134764,-0.19641910286566167,0.1877450277874474,-0.6520258653392002,-0.29077279377504445,0.15669270816061875,-0.5780873810984685,-0.27115128742110917,0.1070067731344423,-0.4619357257182895,-0.23867505269459904,0.14599325847251082,-0.188443037023473,-0.20026084633258262,0.29386489952326944,-0.5318693718336245,-0.2736053799565966,0.25381779222012335,-0.4587174943178117,-0.21521226612858668,0.2086000659769408,-0.347460357990713,-0.15816545773719343,0.2709495354155919,-0.12147236888963452,-0.207141816632961,0.3767795254328522,-0.40215755229062905,-0.2502705096343524,0.3424442345411126,-0.36163549295878855,-0.21439582289637876,0.3095724815149207,-0.26899263114130545,-0.18056568245846943,rhiosutoyo:R.c44eaee3-e267-11ed-b2ba-001a7dda7115,rhiosutoyo
R,0.0,0.0,0.0,-0.0630646724513941,-0.2402281331948071,-0.03079690262306034,-0.028830581445664808,-0.5464444681854116,-0.07228201597966032,0.05840141874232625,-0.7882894347675028,-0.11011983173385252,0.07796290904617245,-0.9869168455902747,-0.14112733506730799,-0.16357303933141296,-0.5100356098012856,-0.132520573689964,0.008085510007211803,-0.7797680982885975,-0.20427523593678454,0.13920660135004384,-0.8500115960406833,-0.22551634818739616,0.23573164410896044,-0.8735030234016878,-0.2324688660597971,-0.08976659861582138,-0.4034571225585811,-0.1536256300713788,0.12179928467246498,-0.690288021441532,-0.23944021490391415,0.14215038867887866,-0.5968125328362448,-0.23451352345531148,0.09829912735131872,-0.49632061857341625,-0.21824783094044006,0.01815652633384911,-0.3068142253377505,-0.17347665006294,0.20453692230336187,-0.5862000351356853,-0.23542627996103271,0.2067434756904799,-0.4902962745401921,-0.18446445210767168,0.16000125448519953,-0.39855648108719643,-0.13924854691448743,0.13314151750282466,-0.2271394606458276,-0.1967661271440621,0.2534780861612777,-0.4606450768411999,-0.22427325222836125,0.24846899172351622,-0.3957713999568365,-0.18577519126748465,0.21174238517474261,-0.3177163786389117,-0.15470131785243849,rhiosutoyo:R.c74ad831-e267-11ed-9c7a-001a7dda7115,rhiosutoyo
R,0.0,0.0,0.0,0.0036108039988336886,-0.25923509128269945,-0.0290794822893243,0.13367818279933472,-0.512715959745949,-0.07812334235237353,0.29839765482448466,-0.6197162583069393,-0.11677904844522595,0.42417177646539495,-0.6343242808463119,-0.1498722637652355,0.05024977205785746,-0.519728641600679,-0.20681905245236243,0.3254538237719129,-0.6788206471143288,-0.29898601796941443,0.49352591843937277,-0.7009994994500663,-0.3385834163410954,0.6239087873875608,-0.6940194987797065,-0.3592697598381309,0.10363647094118215,-0.3221610777281097,-0.2271232887089279,0.42382372185185335,-0.47436622394685446,-0.32871635400755506,0.3696012016782633,-0.4289727591678783,-0.32026800523122395,0.2671023861087075,-0.3815612312540485,-0.2978219550336319,0.1812541671016555,-0.13183029526023674,-0.2405746891178879,0.4715849384384433,-0.30523082360221027,-0.30702258382268227,0.4093265819023079,-0.2688725391164109,-0.24553089285631483,0.31551302451613755,-0.21376109072795413,-0.18984152732764198,0.26716296301830783,0.02763030732570157,-0.2557292315167781,0.4979829316763608,-0.13937614729426176,-0.2893045964349478,0.45038231976724685,-0.12921976894015935,-0.24405745290510017,0.3768257276388209,-0.07415220671357102,-0.20520369737598348,rhiosutoyo:R.ca46e9dc-e267-11ed-8033-001a7dda7115,rhiosutoyo
R,0.0,0.0,0.0,0.00958330559251627,-0.27938668650766135,-0.02897431469290616,0.15366338178765712,-0.5606494814407067,-0.07767153322009071,0.33207143412347084,-0.6992852978769671,-0.11598880466183681,0.45158519877103037,-0.7727548791146147,-0.14794157223132764,0.07518748559376705,-0.5419517759467714,-0.2057119948454158,0.34821128456967354,-0.7284555542460691,-0.2909728635068162,0.5064491072733783,-0.7424566750836037,-0.3160583770123349,0.6184944985483132,-0.7165857566870222,-0.3224428764583868,0.13255048416339948,-0.34003044651673864,-0.22591209262874426,0.4548022172048237,-0.5141651677536774,-0.32232082377947036,0.4018212163817959,-0.46981873376857414,-0.30120492112780345,0.3041579469953183,-0.41166568617460997,-0.2675392651696616,0.21272218713811658,-0.15313789659059124,-0.23976795529792405,0.5004781481649435,-0.34626681935918135,-0.3022961103231201,0.4345999339470158,-0.3131916057562455,-0.23550641665509459,0.34084659981957527,-0.25000176797857493,-0.17577527436407314,0.2992647910510132,0.0022473962563977724,-0.255559951056143,0.5304040930429498,-0.16813559379076834,-0.28547208494959153,0.4804914983891108,-0.1602283042935149,-0.23835283021864906,0.4052514399925874,-0.10445402425521497,-0.19762813722250774,rhiosutoyo:R.cd4327e8-e267-11ed-b4fa-001a7dda7115,rhiosutoyo
R,0.0,0.0,0.0,0.006155273464769975,-0.288759313969123,-0.03419082460362383,0.14494423118272654,-0.5767054699017228,-0.07936297579580243,0.3195959548491889,-0.7510589167387061,-0.11142039395474955,0.4281341258981887,-0.8934229166312718,-0.13600243482918065,0.030111693846919852,-0.5596667180849604,-0.19498308165536019,0.28565968392727065,-0.7109226724365599,-0.27810621523385237,0.44953004952732145,-0.7227163171522397,-0.30363165020167965,0.569252710061132,-0.7003228483353195,-0.31267107871689875,0.08846113269138593,-0.36078181498532097,-0.21345309266674428,0.40620762853849995,-0.5106677644812343,-0.31204539878324056,0.3685651877644456,-0.44595369964241965,-0.3031394458799377,0.2715134683951057,-0.386735108984354,-0.27946052756602674,0.1768762577570212,-0.16743423279579542,-0.22516589710978735,0.4483541802087175,-0.3409704795826236,-0.2923595441272611,0.40293526185526335,-0.2825086965357432,-0.23393999417869568,0.32129788035370155,-0.22793033752703049,-0.1800279135640904,0.2726784005003529,-0.004950277871465965,-0.23789947345865672,0.48652184498940343,-0.18609930068560432,-0.26394537712296046,0.44589675480331226,-0.15038834801380033,-0.21302723978201027,0.3806490252823408,-0.09485322060188021,-0.17150535754204296,rhiosutoyo:R.d03f4e80-e267-11ed-89bc-001a7dda7115,rhiosutoyo
R,0.0,0.0,0.0,-0.040583419211449916,-0.26522234971147984,-0.04456541918007797,0.05109963015414714,-0.5824619214422067,-0.08580749432808764,0.19028982029867825,-0.789908945464906,-0.11242859732735165,0.2667124789748262,-0.9545545916950704,-0.13300370307987744,-0.05077326178522977,-0.4691772786118514,-0.1922447558451036,0.1708922578885932,-0.7057741511636438,-0.27297574973835304,0.3134861033627369,-0.7766745456174986,-0.2907931762456552,0.42548964588864335,-0.7990228866233714,-0.29405427753930663,0.04076447705480379,-0.29422758409133,-0.20193674738102035,0.3043209785447079,-0.5945349977123069,-0.3047207026574915,0.25662604828465424,-0.5334583840130408,-0.2931128057695465,0.17975213775276278,-0.43344690597860586,-0.26422058746339244,0.15709704297766927,-0.1458109880125578,-0.20694594184127743,0.36652073118636846,-0.44190648552115525,-0.2901244808838069,0.3145736110500611,-0.3813876692546832,-0.23820656502944434,0.25642050120735954,-0.2914810758829159,-0.18391039346970062,0.27583048232849516,-0.03539471924672028,-0.21243012298353817,0.4268208852881747,-0.3009731493834627,-0.2579692172334397,0.37788466423666617,-0.26112487144111757,-0.21963571737462187,0.3299092103821341,-0.17530066818609968,-0.1850189230172027,rhiosutoyo:R.d33b9478-e267-11ed-aeaa-001a7dda7115,rhiosutoyo
R,0.0,0.0,0.0,-0.025519106796575427,-0.26631225741277587,-0.03689308075607819,0.08017740976698959,-0.5827767651416516,-0.07476919272096191,0.22536586467596578,-0.7877408974948564,-0.10137614275825378,0.3141826691028487,-0.9413539970100374,-0.12305243901945391,0.008696899952047771,-0.5434426680857015,-0.16255971558918583,0.2471403270641385,-0.7449068517861234,-0.22324110138484632,0.37092535995548176,-0.7661575626544667,-0.22766155228164858,0.4668654236632164,-0.7543501274803245,-0.2253025975078699,0.09328384415477711,-0.38303893326171556,-0.16988032122145846,0.344658326444143,-0.5826195203801173,-0.24124252463529527,0.2972302998646687,-0.5089263691786704,-0.22066140145171353,0.2227380398523293,-0.43055954097544674,-0.19713375839954211,0.19949778904214632,-0.22804833145770745,-0.17442986076164466,0.40490884011819434,-0.44117392029576313,-0.23499572892425846,0.35604699901359227,-0.36422038605698137,-0.1878757791926383,0.29740997407625486,-0.28589388314161696,-0.14662643974814554,0.30967339519772913,-0.09245467033636826,-0.179458248181962,0.4731680991278068,-0.3113825670139198,-0.2183907626375143,0.429169392294569,-0.25809257980225836,-0.18909405326457424,0.3770619620452196,-0.1807849465860611,-0.16525033989032806,rhiosutoyo:R.d637b3c2-e267-11ed-b3e4-001a7dda7115,rhiosutoyo
R,0.0,0.0,0.0,-0.04928723596419461,-0.27197529614497434,-0.024919107985649412,0.06623591982580651,-0.57540445447943,-0.05286740515909978,0.2342269252706033,-0.788601379797604,-0.06819906967737512,0.30918030995657786,-0.9480499902413563,-0.07489160125487158,0.010104146244323367,-0.5902341525461625,-0.1372461525828717,0.25643811302254593,-0.796509413434111,-0.18719647231036635,0.3706954817061097,-0.7855718172354541,-0.18450323869632682,0.42740050232630833,-0.7252573151447588,-0.17382739662297725,0.10994066903215648,-0.431565617099694,-0.1415881552998554,0.3565276331067954,-0.6193557959873504,-0.19430091260913954,0.3133593022187965,-0.5419049970610129,-0.16725432070130947,0.23913822194354598,-0.4619413051567682,-0.13987286765668785,0.2242530139214816,-0.2783485328915127,-0.14238237466075732,0.41046222658132114,-0.4780733521755172,-0.17753722301272762,0.3700392366091817,-0.4060168932834237,-0.13093392174427398,0.3127991320445582,-0.32995998136044336,-0.09563106630437183,0.33529160582015366,-0.1424065204073031,-0.14310785708478344,0.4607739948460878,-0.3354944306569431,-0.16180560492957102,0.42811652737513217,-0.2784662246718076,-0.13354633399756818,0.3925578641137315,-0.207455648063106,-0.11139972160381881,rhiosutoyo:R.d933bc99-e267-11ed-8eaa-001a7dda7115,rhiosutoyo
S,0.0,0.0,0.0,-0.19972621631650994,-0.019373258563295814,-0.02714877617450298,-0.36945277423346284,-0.10573148732880432,-0.07683271478407472,-0.5203362793783571,-0.12779317100554283,-0.139056478603412,-0.6404447962057838,-0.11868515760911473,-0.1994561872215066,-0.2895540912888301,-0.5030312076079818,-0.02086414863798576,-0.40019395232656185,-0.7182956553335363,-0.09594313567275009,-0.5062827522538087,-0.7739926210817265,-0.13856919194642311,-0.600013915174276,-0.7832896643689435,-0.16260566807471502,-0.2200920098754794,-0.5415546284813524,-0.04836683912325546,-0.4381425993856636,-0.46563991697483775,-0.12900911888103808,-0.40862857875431224,-0.2818712300771576,-0.13265197044890925,-0.33585335149088713,-0.2495775991817933,-0.12171296211058324,-0.1666682694399611,-0.5304847255883146,-0.0879199069963919,-0.3740604418559591,-0.40956028095992847,-0.1488963584901177,-0.3235264510517156,-0.2616742315019685,-0.11597202763520419,-0.24974536961332008,-0.2667690737210509,-0.08759016125702278,-0.12837178689076265,-0.48470721862140265,-0.13466079724563684,-0.30376514332236937,-0.38480005471624296,-0.1670508321046132,-0.2695922274558419,-0.2680436167245276,-0.14046141188978803,-0.20196793664738366,-0.2640844906785592,-0.11435798963732026,rhiosutoyo:S.01e2824b-e268-11ed-a517-001a7dda7115,rhiosutoyo
S,0.0,0.0,0.0,0.21864731507051008,-0.03495235989932638,0.03982635769710804,0.3479500817524258,-0.14561084507615354,0.026992359691664632,0.4532369046243233,-0.19874360840131222,-0.008221789875723282,0.552335120106077,-0.24124971716619936,-0.04050328796868006,0.21475924745728195,-0.5297541160107488,0.02786939112610693,0.30839587808496954,-0.7156874548625611,-0.024069191830686305,0.3765992021168169,-0.8160183480079728,-0.06608026287237619,0.420998269699361,-0.9021473373661159,-0.09429018291090364,0.1928637435878069,-0.5179880179312497,-0.030052225574503974,0.45502694924976744,-0.4142061877514149,-0.107630793301942,0.4223927060562247,-0.2970185103453635,-0.1272766731721463,0.35238354363676194,-0.2870579959153803,-0.12298494119793989,0.19206284700286363,-0.4361613003361815,-0.08871028017016837,0.43746708783440647,-0.3032988234513404,-0.14709095880784118,0.39974394162641974,-0.19876144006827978,-0.11956583846539315,0.3333054431481624,-0.1975555099050732,-0.08764417734191059,0.21368323372483905,-0.3234618535058666,-0.1469229431100655,0.4009142084556912,-0.21989858861543415,-0.16443548692343757,0.3601535651488293,-0.13617636482171358,-0.12498430889611269,0.29059528916554644,-0.12901312946274254,-0.09286138079229932,rhiosutoyo:S.04de864a-e268-11ed-9f82-001a7dda7115,rhiosutoyo
S,0.0,0.0,0.0,0.16689453855909933,-0.10133075119721668,0.03856000108389334,0.35429272261821215,-0.19377990922226154,0.020545834600200565,0.5084175710806272,-0.21563278507284656,-0.015594507682928816,0.6423523225049679,-0.25961284667986917,-0.05305560011465367,0.3070655804983414,-0.5009095673626525,-0.00886064047802043,0.43205478110404505,-0.714502667492506,-0.05930113403941299,0.5486165718243887,-0.751505465851189,-0.08849434977772232,0.6413135207311421,-0.7602757031210725,-0.10343028266028195,0.2918708996372762,-0.46817765184259813,-0.06524684024733265,0.5363938216012286,-0.3452140966965172,-0.12767283307482524,0.4896016634746717,-0.21955616069916156,-0.1319774496721078,0.42186859593868453,-0.20279589744891935,-0.11624099624737012,0.2759500054996494,-0.36252753959067036,-0.11933014757174924,0.5075328436371228,-0.2302820860029844,-0.1722208037837393,0.4601693865334163,-0.12285195925262386,-0.14103101151611908,0.3957502370507672,-0.12412583237621574,-0.10440121943142677,0.2754592235596069,-0.22791937294688755,-0.17039567094558628,0.4629973224700864,-0.12631767172018044,-0.18816529205314136,0.41897898227165215,-0.040657383876026104,-0.14616662753400778,0.35407901048246265,-0.031930824998850575,-0.10865093804886351,rhiosutoyo:S.07da9cbf-e268-11ed-ae19-001a7dda7115,rhiosutoyo
S,0.0,0.0,0.0,0.30066633239077084,0.1535755999190669,0.004098098244194771,0.611360460914538,-0.016588563022695044,0.005864293967850659,0.8305403882457095,-0.08453431662760906,-0.01984843640006352,0.9902476129245393,-0.13755174784154894,-0.022117453808852165,0.48172087192025015,-0.7222705497862837,0.062382659215406755,0.7569962153973157,-0.48871269035981774,-0.07113363774854,0.6432706868343998,-0.30944441317763566,-0.15761457816312963,0.5171088675705325,-0.2968002343814817,-0.18926909098540518,0.4174715166280822,-0.7557584339257652,0.008589982997332483,0.7880868228109484,-0.4321933829888035,-0.1282095111953297,0.6485528584014808,-0.22844395549097826,-0.17115845176395178,0.5080071401050286,-0.25585940688861925,-0.1677143952292228,0.400180764425036,-0.6831417618098136,-0.06333836374412903,0.7733112540146122,-0.3983264789926266,-0.17241185169386017,0.6396394474768664,-0.1854084943316433,-0.1361281740042375,0.5036433995257081,-0.1953307950133428,-0.08132950012899608,0.42123044844363317,-0.5529818558837903,-0.14089086401080375,0.722039987329377,-0.34129592443455853,-0.1854071549148762,0.6393169941856854,-0.20067478405075384,-0.1431257505382905,0.5346175323234295,-0.20630805020801044,-0.10018913169517339,rhiosutoyo:S.0ad6b799-e268-11ed-bdca-001a7dda7115,rhiosutoyo
S,0.0,0.0,0.0,0.2030251275245458,0.004595997739844782,0.05020257118266914,0.3362247368026615,-0.10082645719237371,0.048992980249743655,0.46239531895820735,-0.1471978642961572,0.020928886064140603,0.5752833078135662,-0.17578409942897041,-0.0062923933883553915,0.23833918906463628,-0.5333603293892074,0.06568310901521483,0.3364220466948386,-0.7285709104508891,0.017565796348562344,0.38258705001476645,-0.8231578556618762,-0.02953703285045081,0.39647920962989147,-0.9162327347019478,-0.05763516454254958,0.23608445507330578,-0.5466784715386832,0.011215184525053167,0.515532581470833,-0.447120750021705,-0.0468248783144304,0.48399551627456744,-0.3167438296061165,-0.07106086176789596,0.4044269953844702,-0.3024267372343756,-0.07190318779044169,0.2465269984450337,-0.4656127653913263,-0.04460540898827383,0.5156474951929528,-0.3496750159539515,-0.09572680286982825,0.48040150005421395,-0.22401424287735475,-0.08193753512759654,0.4028074559482627,-0.21434275129097793,-0.05680885617011948,0.2824183843204746,-0.34687988433893496,-0.09801255598788805,0.4848473107951251,-0.23734230563593448,-0.1200616178079992,0.4661422779022456,-0.14117247212792922,-0.09216481333806617,0.40687655911570175,-0.13038105400271507,-0.06489373492524428,rhiosutoyo:S.0dd2c591-e268-11ed-a18b-001a7dda7115,rhiosutoyo
S,0.0,0.0,0.0,0.2529485658372763,0.013367636734032549,0.03251306821133835,0.4087854185407417,-0.0945752580897737,0.01875785466921599,0.528294715074915,-0.15577310173382156,-0.018039602005629818,0.6440393084646736,-0.2155242768851286,-0.051677026199236954,0.2849943105127423,-0.5394693493253402,0.030702776555900358,0.39153159679035804,-0.6499493166359889,-0.03506841047338381,0.41848204907605874,-0.760218427228639,-0.08881602763271974,0.42128107167303575,-0.8988371155037249,-0.12088878543091622,0.2662015125702305,-0.5364895703471212,-0.023199729507777163,0.5227692194105799,-0.4008148493675488,-0.09148149928042629,0.4949234750572419,-0.28802873317922745,-0.11670183823559324,0.43772280177379186,-0.28571857092332065,-0.12457774570870363,0.2624968557386279,-0.4627557854277356,-0.08035130161689269,0.5200015320359701,-0.30290138675109857,-0.13438865140071424,0.4795784777393415,-0.2001113608586488,-0.11185691890336369,0.41330602603950467,-0.2028932494177797,-0.08839963964091775,0.28039389853139857,-0.3393820687360968,-0.13790257629075225,0.483323577074689,-0.22399991427302998,-0.15699175642733615,0.43980296658473667,-0.14313775216683577,-0.12133365297211116,0.3671362771935539,-0.14006535676782672,-0.09428172782038237,rhiosutoyo:S.10ceee90-e268-11ed-a278-001a7dda7115,rhiosutoyo
S,0.0,0.0,0.0,0.2506577980929964,-0.017553410520908645,0.008405197134599546,0.4053471755833148,-0.129078855088367,-0.026421750914939205,0.5185820410782614,-0.19731227967383203,-0.08053693406799786,0.633437749183184,-0.2465238620747358,-0.13181197825296373,0.290900052542982,-0.524321494251563,-0.009459219504248084,0.37361954705434947,-0.7378050814920999,-0.08564024026100493,0.4721367735933252,-0.7971936095726764,-0.13574063753540153,0.5556360384998111,-0.8148353172100895,-0.16526342168601316,0.2367594382737645,-0.5209774518647081,-0.06410454894044999,0.47854632876863445,-0.41346558928409644,-0.16498301155587172,0.42995943440695017,-0.28216777704178797,-0.1861780454303263,0.367260186258964,-0.2554044711076374,-0.17733924747229818,0.197467080828723,-0.4391653930060804,-0.12368053264296866,0.42701905606704527,-0.30682854303929924,-0.21149495882982441,0.3819159609931802,-0.20694819461415812,-0.18088835569421988,0.32226113555805014,-0.21046039520378293,-0.13931698710497092,0.1756121384887999,-0.3195489518361181,-0.18499032267288612,0.3622380768570101,-0.2216645681655932,-0.22488165583998027,0.3268471021966327,-0.14175455292491762,-0.187430831070987,0.2668132178027505,-0.1441256398241743,-0.15087225710030272,rhiosutoyo:S.13cb30cd-e268-11ed-ba0f-001a7dda7115,rhiosutoyo
S,0.0,0.0,0.0,-0.17613711895989542,-0.03827475277898337,-0.017912769908198498,-0.32485755401981153,-0.1546057211231548,-0.0566358414740666,-0.4610130086338025,-0.19168886142296632,-0.10980667077666716,-0.5814954268970216,-0.18677952464076752,-0.16113731102179832,-0.23048557778902318,-0.5492795037436797,-0.008442780345124412,-0.32089964116113945,-0.751245689574537,-0.08423584492389498,-0.41706063559052337,-0.8257491938399659,-0.13573697972298818,-0.5045028654239803,-0.8467572951897683,-0.16875704969541544,-0.17075940116518992,-0.5745598157402847,-0.04413978028177807,-0.38555994650465764,-0.5069426053365933,-0.12321590166636132,-0.35768527821111745,-0.3312218842944757,-0.13369671823049337,-0.28811910162504906,-0.2964049403448744,-0.12853468862579234,-0.12323778886382764,-0.5420458561771634,-0.09072838350430891,-0.34121943302073554,-0.44809374340380137,-0.1585826418183389,-0.29835817180681895,-0.2951162927555418,-0.12491036728079442,-0.22766916037460472,-0.28420490788194386,-0.09303297570125087,-0.0948280945645385,-0.4682229305827246,-0.1440315739288007,-0.2768019820325922,-0.4029369620426479,-0.18603303142365044,-0.25785907573338146,-0.29020642281339704,-0.15864050633372148,-0.19860314618186567,-0.2638254021084027,-0.12952092622766395,rhiosutoyo:S.16c74f6a-e268-11ed-b4ce-001a7dda7115,rhiosutoyo
S,0.0,0.0,0.0,-0.16361114853700537,0.015469506682984734,-0.00877097703605911,-0.3297150007050098,-0.09327979721859454,-0.04188491360076204,-0.46614413834691465,-0.14608960669832888,-0.09051037003437566,-0.5850128029126628,-0.152197393253638,-0.13936062589079276,-0.2365514449827213,-0.5281196312265876,-0.011407026592206604,-0.34461351590495226,-0.7503123522808113,-0.08212156845186579,-0.45383027076436067,-0.8184602410035263,-0.12219169993910688,-0.5441518461505976,-0.8257644038141655,-0.14836413894311623,-0.17023442885384257,-0.5588441086243153,-0.052872754933664945,-0.3976251603818355,-0.45529143465616917,-0.13594467728159898,-0.3567664124843081,-0.26105934924664925,-0.13362780271916608,-0.27613705858222726,-0.2308569922040632,-0.11638647605522487,-0.11476790755117146,-0.5245550760785815,-0.10421052445225483,-0.33440138293019234,-0.3863433847546065,-0.17925683518080698,-0.2800619347579752,-0.22796724517237993,-0.13099197156881395,-0.20505496942900403,-0.236263464268595,-0.08750216401347141,-0.07355104749044011,-0.4432221988211855,-0.16054761449091842,-0.2609718229893357,-0.328660820104306,-0.21246600907558402,-0.22783719827271218,-0.2077649701089172,-0.17995656205019772,-0.15528317701305824,-0.20564169907187876,-0.1451346064211917,rhiosutoyo:S.19c3522d-e268-11ed-a732-001a7dda7115,rhiosutoyo
S,0.0,0.0,0.0,-0.1828896509491662,-0.010711838967135933,-0.0022235611184038373,-0.3491516329216251,-0.13819291669921718,-0.024816782118317723,-0.4823106801227926,-0.18967197292764776,-0.0637525500851223,-0.5990472067238546,-0.18232821892716822,-0.10214235457254041,-0.2606388570199199,-0.5262101504715846,0.014437681807027503,-0.3628017342369501,-0.7164935112063855,-0.040759746199633295,-0.4658311034228905,-0.7955215346605791,-0.07536079188904092,-0.5572281285649774,-0.8242068058116234,-0.10089575803656899,-0.2029683264242342,-0.5557221011130145,-0.02729677304272431,-0.41958142892781247,-0.45996649711180315,-0.09812563684469697,-0.3797217840272815,-0.2853291868545432,-0.09824088224182768,-0.3031983965628233,-0.25924744893288154,-0.08481710345569561,-0.1561678703791202,-0.5235368820091172,-0.07802148423617813,-0.36180439361250655,-0.391258020240811,-0.14063116327979297,-0.3129098519135265,-0.25150354148582893,-0.10048550883011523,-0.2415283601627328,-0.25535571576142574,-0.06407248027804396,-0.12463714813555576,-0.4459487009311226,-0.13426512894499365,-0.2904033759964491,-0.34619688770016144,-0.17606231975003217,-0.2629652243956243,-0.2395095885605982,-0.1487209416340289,-0.1976451191045496,-0.22725419190696647,-0.1199088316033535,rhiosutoyo:S.1cbf807c-e268-11ed-949f-001a7dda7115,rhiosutoyo
S,0.0,0.0,0.0,-0.1648675188465267,0.0193043833045007,-0.026492260075880684,-0.3500367541431486,-0.04723093570369144,-0.06783961048477911,-0.49933309399102616,-0.05186891437069485,-0.124936053088233,-0.6084550035586695,-0.05228346998461369,-0.18024651517838475,-0.3062253513091421,-0.45094982590747523,-0.0019418539748556705,-0.4043966751649931,-0.6731531041550288,-0.080353426526745,-0.5041219091956397,-0.7629865466112634,-0.12129559121520589,-0.5811606913219941,-0.8010424091587003,-0.14346884536848853,-0.24580797206099853,-0.5017024029811494,-0.03540424927314707,-0.43345376700273275,-0.4741660421772213,-0.1355356943943631,-0.4071861716527447,-0.2743845172996149,-0.13793910076737959,-0.33175149692555295,-0.2422038113514466,-0.11517502681370032,-0.18040882437506478,-0.5228916308445044,-0.08348686582560158,-0.3643275366236751,-0.450112634150837,-0.1700244013811869,-0.32360607903009503,-0.2740699888376664,-0.12833856022251908,-0.24379469606711743,-0.2724224179881372,-0.080240161387251,-0.10588602507978899,-0.5172321998777595,-0.13874318990319284,-0.2830797784502735,-0.46831182149348144,-0.1850392329111122,-0.26479476609718694,-0.3300958455472232,-0.149559452127708,-0.1926669865654907,-0.31180287509759064,-0.10980834667162508,rhiosutoyo:S.e408d708-e267-11ed-aef8-001a7dda7115,rhiosutoyo
S,0.0,0.0,0.0,-0.18287454611744752,-0.007102439976254867,-0.029427411754796927,-0.3602294463396983,-0.06342994265888376,-0.07792355868160832,-0.5071128800208622,-0.07438512692095972,-0.1411825909115791,-0.6085024801555753,-0.07810301324352945,-0.2023843095155486,-0.3129255139472745,-0.47601894629073954,-0.009988013667001142,-0.4300896835431547,-0.6737104750242883,-0.08117769205678689,-0.5291712110806662,-0.7481518324740949,-0.12105802565400031,-0.6140059240339856,-0.7758458444610805,-0.14512047024332642,-0.254885124519391,-0.5153435045483454,-0.03897927128857702,-0.46716156580507123,-0.43223990560916536,-0.12308504984788436,-0.42680663075933717,-0.24640289220181327,-0.12839802323391766,-0.3505065684131985,-0.22534265302904105,-0.1148979756862943,-0.19963457942315116,-0.5158076446762848,-0.08031858309500076,-0.4039217585784748,-0.39638913123004615,-0.14925012307891114,-0.3486659716532747,-0.23716083294994472,-0.11262320061623829,-0.2720490169199905,-0.24483153483848674,-0.07683458360666537,-0.14776834971564376,-0.47877102562737384,-0.12926976023819906,-0.3298580510787626,-0.3821214684624892,-0.17150314638822367,-0.29454837640731807,-0.26275263325889703,-0.14208372385440488,-0.220903062164619,-0.2638610418190479,-0.10950928616574777,rhiosutoyo:S.e704f129-e267-11ed-b812-001a7dda7115,rhiosutoyo
S,0.0,0.0,0.0,-0.1895790515538431,-0.020638083465827007,-0.026191609201652092,-0.3645794268989084,-0.07693566496952833,-0.07048328358757079,-0.5140835378583706,-0.0847122908368103,-0.13115144967467196,-0.6138852155470662,-0.08603797992973275,-0.19088589392993957,-0.31970394404096536,-0.45890290625038627,0.0012247591774944353,-0.44628256653640186,-0.6458998148966655,-0.06364849575234377,-0.5384982163046588,-0.7322971752924339,-0.10113379438590588,-0.6168252462861422,-0.7772355784364432,-0.12422347264751325,-0.2700825723066273,-0.4929883637742407,-0.02874551404743785,-0.4837993611936347,-0.42520381143203023,-0.11857149003022395,-0.4479382426770516,-0.2473010656650965,-0.13289870755468963,-0.3725142720256782,-0.20707869870701273,-0.12270718560774763,-0.2277948584402213,-0.5018891730737766,-0.07045501682128257,-0.43432564545908003,-0.4020682059543161,-0.1466442353587803,-0.3823029692305986,-0.2482292547026147,-0.12229836162312205,-0.3008009907996528,-0.23982618160763614,-0.0894788591067412,-0.18994003947244248,-0.48201244803295984,-0.11861600354920995,-0.37436950192031193,-0.4094260904287444,-0.1632309499215322,-0.3412626385536529,-0.29084672598066746,-0.1387803334286404,-0.26489578215560716,-0.2769094233448209,-0.10770835430899534,rhiosutoyo:S.ea00f964-e267-11ed-b32b-001a7dda7115,rhiosutoyo
S,0.0,0.0,0.0,-0.20081677472172876,-0.0158174609154266,-0.02869083073806081,-0.374664660832422,-0.08073652876148736,-0.07671441100420462,-0.5219553035350228,-0.09276435462121409,-0.13741101406306308,-0.6384371984918369,-0.08140890662362105,-0.19600869668669435,-0.3335645427064574,-0.4680138015606777,-0.01714609435939863,-0.4645561500705738,-0.6374112094702573,-0.08004273248691852,-0.5597281365004789,-0.7111062742874125,-0.11945901476878772,-0.6440349003933887,-0.7504161082558017,-0.14864289941162614,-0.2803087556104533,-0.5103353981259652,-0.045252446092710466,-0.4856461780600087,-0.40704597495769523,-0.12290139177073507,-0.4279408739892844,-0.24036162854328694,-0.13148191434324863,-0.3514029821138584,-0.23476296541534172,-0.12594247177262993,-0.23452386035000114,-0.5094508295375041,-0.08332239188347014,-0.43111772721923697,-0.37301375450187935,-0.1424263930002063,-0.3661933726280129,-0.23274847520152234,-0.10641828908750929,-0.29439528809809257,-0.24648007484342482,-0.07746584222760843,-0.19916634900438276,-0.46967672322113696,-0.12942582104959294,-0.36034599217079377,-0.3523031706312111,-0.16815782278312982,-0.3106402544519523,-0.24942671435217512,-0.14348202984835515,-0.23859369289935645,-0.26337771391835496,-0.11865479869914398,rhiosutoyo:S.ecfd2b89-e267-11ed-8a47-001a7dda7115,rhiosutoyo
S,0.0,0.0,0.0,0.22273957700859576,-0.0466273472634724,0.04500466145764768,0.34498663446583955,-0.15870784827103177,0.021389992098285595,0.45062427687416534,-0.20869483631969443,-0.03227848468290866,0.550999116356279,-0.2606836374610383,-0.08540417388145033,0.20814249114365257,-0.5354843763344032,0.040616231617690575,0.271083801367317,-0.785937359265491,-0.023878173838902585,0.37636640050291964,-0.8526521935816882,-0.07241341313713717,0.4679552960923275,-0.8780743435177981,-0.10001643922340961,0.1694315071761528,-0.5440124256072889,-0.024701425732845873,0.42298147899321614,-0.47567611016686373,-0.11261790897804105,0.3965853386968148,-0.33317230666369296,-0.13700273727191714,0.3328838653024961,-0.2977097933734222,-0.12842397759153587,0.16486902585347155,-0.47371510952372686,-0.09173760723013219,0.41969294701582094,-0.3917103792328369,-0.16299342904253464,0.39096699173162736,-0.26704587269368735,-0.13718526657079952,0.31803864975964835,-0.24828090931270025,-0.09802715311150305,0.19518866973490284,-0.380343986843174,-0.15733768109789517,0.396509472609625,-0.2785957959147368,-0.18123337030610887,0.3694380490222966,-0.1825600960068777,-0.14078119078224366,0.2993760930772112,-0.17443841854755315,-0.10131123296393839,rhiosutoyo:S.eff96948-e267-11ed-8d58-001a7dda7115,rhiosutoyo
S,0.0,0.0,0.0,0.21652658836384525,-0.08985728660186862,0.0776961780295718,0.3211728754184931,-0.2042416879095927,0.07062376996488758,0.4244133478101896,-0.26195532057482623,0.029292725276953594,0.5136369447627794,-0.33005750145395135,-0.010362449293049823,0.19012977081486304,-0.5677385228435871,0.07368455936316207,0.26605201685231794,-0.8104770338233909,0.029491399997167156,0.36832131917489286,-0.872775777825162,-0.0017749585554237455,0.45980280399580964,-0.8878116979142623,-0.019281350683648366,0.16629530460172492,-0.561241258296647,-0.006918445376446666,0.4177936847042708,-0.5335883815470476,-0.07237215677718219,0.39313237967074893,-0.39750429582941227,-0.08252527495936773,0.33478151982563037,-0.34320367269315577,-0.06992374340628331,0.1721949623115708,-0.4954964878135732,-0.08804257719965848,0.4125701670109794,-0.4231995031414745,-0.1364315076521522,0.38252733458375066,-0.31096827879613015,-0.10303852319290739,0.32189712585129354,-0.2816400275513779,-0.06643235546481001,0.20498480517229356,-0.3970012589771937,-0.16619505203801208,0.39621097463974186,-0.33061195041764846,-0.17398491552879047,0.3723439631450256,-0.23851446360048462,-0.13005851360746992,0.31371623257111914,-0.219416986704582,-0.09338565605758799,rhiosutoyo:S.f2f5b21a-e267-11ed-a839-001a7dda7115,rhiosutoyo
S,0.0,0.0,0.0,0.23916576312812854,-0.023449837982489508,0.04774235848197311,0.38716932143473676,-0.14907110822459274,0.04620640550937235,0.4959654051090874,-0.21588480373105037,0.021860694050264112,0.6026426165120049,-0.26471589561851355,-0.0034777657735561114,0.2726784817506742,-0.4975427243819749,0.03462633851552997,0.3586042193678235,-0.7255751471818701,-0.015834983598239545,0.458155739311679,-0.7908829246993981,-0.057472522030465316,0.5430124721257474,-0.8356313851781104,-0.08281088830097706,0.23706669967685298,-0.5063174721405967,-0.024369416514292776,0.4644854967088156,-0.44361125300376564,-0.08709326564095692,0.43579348389580796,-0.3141965377443647,-0.10444521853853585,0.37591321118722165,-0.29378427601451546,-0.10012048165940543,0.2193953295542329,-0.4367023394240554,-0.08255956389522763,0.4485216021180846,-0.37478892075048065,-0.13344584185796055,0.4123907618075916,-0.25769820139929384,-0.10001775138339747,0.3486700401016726,-0.24894270288963868,-0.06239326168233516,0.2220829499840891,-0.3306477069281248,-0.13898380601998442,0.41327141494781805,-0.27478817705457675,-0.1513154680535138,0.37609384076764174,-0.1861491906470284,-0.10046047012035177,0.3052970056101738,-0.17649143954917831,-0.05707540484824881,rhiosutoyo:S.f5f1bc02-e267-11ed-9ff6-001a7dda7115,rhiosutoyo
S,0.0,0.0,0.0,0.18872534538449456,-0.08389370221602006,0.0059820811476902795,0.31777768929976885,-0.21906329042731343,-0.03930926284926471,0.43260667033250744,-0.2915447279997856,-0.10097777388215179,0.53876177915392,-0.3313307810544836,-0.1582971419327821,0.171846947045647,-0.5609537794995096,-0.04111908244814933,0.2558299106900374,-0.7747722953119955,-0.1196893310495539,0.36354217413088025,-0.8516142289131831,-0.16648233387283562,0.4491368217497753,-0.872575035147224,-0.19206489368526258,0.13186257385242972,-0.5276772116219184,-0.09180575690958016,0.3786961250305892,-0.48596607551800947,-0.18900896327293348,0.3601993278497331,-0.3406033184358523,-0.19741832180271726,0.30032366473283156,-0.2999769807545502,-0.18412625605051794,0.1161027798208636,-0.44172366591229956,-0.14544608668125675,0.35052737162546216,-0.3694362648559735,-0.2250491043358861,0.32302802104632367,-0.25646626015960605,-0.18249936232224906,0.26513613818250303,-0.23959781834843663,-0.13859724020465516,0.11936863667287166,-0.3269411100841998,-0.20045928848013472,0.30613387750091536,-0.285370986197872,-0.2314050013905392,0.28223149620587196,-0.1941050541040764,-0.1833777219842037,0.22433868715343008,-0.17995705982059268,-0.14190325601641154,rhiosutoyo:S.f8edfef5-e267-11ed-8547-001a7dda7115,rhiosutoyo
S,0.0,0.0,0.0,-0.11311697449148324,-0.2327056002837618,-0.0008570555373561458,-0.1774739414177527,-0.46496969650884534,-0.023691944749142886,-0.2210150075435783,-0.6394958232975294,-0.05135695732004009,-0.2461933889238193,-0.8019370682088811,-0.08566287387948146,-0.01586278827774166,-0.5716119908177748,-0.06101618373939661,-0.07885533305657033,-0.7770268319490238,-0.11254993431732362,-0.14385228488145654,-0.8891236077964425,-0.15154041739767424,-0.19382776487939962,-0.9643150629423349,-0.18035314509144795,-0.03948307724751396,-0.5276768137243154,-0.09698375374001968,-0.13351488960925587,-0.7193038287519015,-0.1319631956093152,-0.20847240818168392,-0.8236708983516616,-0.1635529958586175,-0.2639713213205007,-0.8962423707764628,-0.19409856685049207,-0.08762448025593561,-0.43027848837277294,-0.13313597417196343,-0.23114857689038434,-0.5777654313644138,-0.1841104617772563,-0.33251170846378625,-0.6671871075202234,-0.22754477095668996,-0.40919747133370393,-0.7374129782773492,-0.26676135115183586,-0.15461514895596704,-0.2982534522496622,-0.16634941094214056,-0.30624631487127885,-0.27112429284744044,-0.22225874869482704,-0.40258880767571587,-0.2573448407109922,-0.2544564967367933,-0.47964142157744083,-0.24608381467196816,-0.28073226870356144,rhiosutoyo:S.fbea4303-e267-11ed-a9b3-001a7dda7115,rhiosutoyo
S,0.0,0.0,0.0,-0.19087907829473794,-0.006368629871093795,-0.020313390907222794,-0.3676285301907738,-0.09985387161796101,-0.058509352470485894,-0.5132985699077338,-0.11922338004548685,-0.11031935943118205,-0.6265448392200571,-0.11636266392316218,-0.16034879415644013,-0.2821437163319964,-0.5001105439817825,-0.011255051089925024,-0.3943544450102371,-0.7167824877432502,-0.08311410089025473,-0.4930908074008078,-0.7837094166229911,-0.12841611762836252,-0.5791585633270433,-0.8000904307633638,-0.15630310657773233,-0.23068332038621764,-0.527106918511504,-0.04371027262850888,-0.4441300259949132,-0.4615034586927104,-0.13708646469037106,-0.41601296610750926,-0.2878827394521097,-0.1553566044808288,-0.3459409352854431,-0.23609715662796266,-0.1503511147596193,-0.19673415232937033,-0.5109169608240869,-0.0866170672052996,-0.4092158029646965,-0.4100374434394918,-0.16826771154693745,-0.35292817761035244,-0.26849930491484153,-0.14798656210643532,-0.274415702695883,-0.25732494559408287,-0.11992716119971879,-0.17653909434361278,-0.4652173322750366,-0.13468929562226437,-0.3592845915957074,-0.3862526252705148,-0.1853517041020097,-0.3243715901540646,-0.2683786119637417,-0.1655937457778455,-0.2548790809514496,-0.24618185894081562,-0.13910539939628852,rhiosutoyo:S.fee66606-e267-11ed-bbb7-001a7dda7115,rhiosutoyo
T,0.0,0.0,0.0,-0.14740063985772778,-0.15123262126407136,-0.01937598304238425,-0.22558719799082025,-0.2742793965845582,-0.06523538812257251,-0.28235618781265664,-0.3566509957195728,-0.11914309276386564,-0.31277494039071474,-0.39987580622256896,-0.1744744071584117,-0.11329758662658193,-0.5273699464833618,-0.0707206127351384,-0.15535074001260607,-0.7342848945378233,-0.1269117921974486,-0.18132391600874695,-0.8563313186501499,-0.1662253923112757,-0.19868096953640946,-0.9595111265065044,-0.19966038779460274,-0.057631449185815704,-0.49651568157559367,-0.097026152784715,-0.2564096489440947,-0.49045032291414786,-0.15720853637754117,-0.2728656522162324,-0.3644237660215932,-0.16136611666578432,-0.23048645285871153,-0.302369424168159,-0.16435822849832155,-0.03737424309644513,-0.41789210512677966,-0.12620567300629146,-0.23807586936382788,-0.3878068343261502,-0.16381632060999998,-0.236511808766726,-0.2907264580647524,-0.12728991234150033,-0.19035267864438515,-0.25546003063969797,-0.10706609678572919,-0.04324495306590039,-0.3284442542200783,-0.16187728126154233,-0.20216525642234057,-0.30500659392260326,-0.1806313721252152,-0.20862951312859093,-0.2384550013422311,-0.1546529487090654,-0.17237177041144544,-0.21503974258667757,-0.13583748891542258,rhiosutoyo:T.279154d2-e268-11ed-b8c0-001a7dda7115,rhiosutoyo
T,0.0,0.0,0.0,-0.1221414114489778,-0.14440903178436243,-0.035146798166474244,-0.194088243984149,-0.2700237709962344,-0.0853035941830932,-0.2503046970354365,-0.3618190189444809,-0.14119428844240808,-0.2654077604802997,-0.4313655380059365,-0.19766477650216766,-0.03961007009927513,-0.537755779382102,-0.07488414815121587,-0.052429367314128596,-0.7456696650490552,-0.13405514504820928,-0.0618526017912891,-0.8695633832985538,-0.17647969114632445,-0.06661844448416646,-0.9752289527048501,-0.21092764792864688,0.002878896838092566,-0.5014456155467247,-0.09376204662864386,-0.21774193689969573,-0.5198636784234101,-0.1637283756588513,-0.25188678088910393,-0.38512307012891006,-0.17881752040415524,-0.21406430161867568,-0.3104122887232807,-0.1838224798584008,0.008841797670439282,-0.42042229157763117,-0.11616495572419647,-0.21079748037850557,-0.3936012324026067,-0.16657962251299005,-0.20685936300735047,-0.28415797300607115,-0.14033479000311036,-0.15252755685149508,-0.2446068762119302,-0.12098451160325428,-0.007846048406461846,-0.329923456794792,-0.14521916654043854,-0.17699278241854077,-0.30894755175135485,-0.1790815508880738,-0.18235245630769298,-0.23023198315334245,-0.15866260623085826,-0.13618245562765344,-0.20453401559948348,-0.13709428185205308,rhiosutoyo:T.2a8d664d-e268-11ed-8210-001a7dda7115,rhiosutoyo
T,0.0,0.0,0.0,0.1964400753229636,0.051332315243538144,0.03740805387591506,0.37082614741831726,0.22373300212133784,0.007455051662741057,0.45906790194464486,0.4293709101173626,-0.03908055912531494,0.4907001837860129,0.5916243529596455,-0.08456673967588627,0.5222890581966679,0.09745573880151456,-0.05358434294065753,0.722223810245204,0.16864947728408897,-0.12364745744464112,0.8516978289420142,0.20103470139017954,-0.16647387212649836,0.9560374310432898,0.21994620852919378,-0.19394869372537496,0.4826477268355739,0.13060690216466325,-0.11484448727901801,0.5335116456174647,0.4778448965222054,-0.18292102964351406,0.43270192568702004,0.46769235274224114,-0.18708383694959985,0.3873337157128151,0.38884401669596647,-0.18049209051641044,0.4019409470697025,0.19442188216359163,-0.171041258138176,0.4402080042217981,0.5234279985153181,-0.21751022187952088,0.35258594124265547,0.4963339383181174,-0.17295847223816396,0.31861243419940005,0.41902252816162333,-0.1358878954872916,0.311781315975331,0.27724830733968747,-0.2260936469767957,0.37149378903431307,0.5277127157167457,-0.2334926738283437,0.2992448966691159,0.5206405853047062,-0.17974225554233123,0.25312891799024434,0.46675076481206523,-0.1388007517562104,rhiosutoyo:T.2d897c9f-e268-11ed-9ac7-001a7dda7115,rhiosutoyo
T,0.0,0.0,0.0,0.1965331509218285,0.033507526912387606,0.04539685710400843,0.37926581355572087,0.1747086099067534,0.01921921522389382,0.4838424272540962,0.350493275613508,-0.026317032607003073,0.5257095312898913,0.4920512825916209,-0.07003081701642379,0.5291284456301357,0.04565403844218286,-0.03730851543786733,0.7345444067988439,0.11887787875255312,-0.0976394469169845,0.8668186915054019,0.1434773650402314,-0.13100911491281472,0.9759814217351354,0.15505031478711415,-0.15303484672544557,0.4986862114797207,0.07212427138338645,-0.10120245346412056,0.5819022060841608,0.4162050681415963,-0.16239379779372282,0.47912025161716476,0.4340816494593185,-0.16085457962584113,0.4256133571476713,0.3732856856252206,-0.14935935199181447,0.42827403919083656,0.1310523946807771,-0.16001758495818122,0.47917744927999323,0.4645578323380174,-0.20276385537955302,0.3859973047799121,0.46414489955741295,-0.15969825886076802,0.3463253757115146,0.39584904079318134,-0.12335796981192218,0.34751292072035467,0.21344001389584716,-0.21707240223780333,0.410145682479694,0.47078669744890095,-0.2193624718265274,0.3385207348041402,0.48541133404719894,-0.16773144273904558,0.29526384644821096,0.4369814256588798,-0.12934758390214965,rhiosutoyo:T.3085a009-e268-11ed-8480-001a7dda7115,rhiosutoyo
T,0.0,0.0,0.0,0.23348718946604113,0.105636067398174,0.07088051480777573,0.43458003303697323,0.21617138188161042,0.05829352459725656,0.5567561846629429,0.34217766758096574,0.013439491317536655,0.6345889417390358,0.45407271429096113,-0.03104340465433647,0.6096427867658752,0.019546843366924384,0.03204561968827625,0.76969723285228,0.05612219963226854,-0.03928652587786088,0.887501906319555,0.0646521090706391,-0.0968413289810276,0.9894164409142722,0.05813021494972964,-0.13295106076460225,0.5758935569151863,0.030611982961211957,-0.047313881727567654,0.6607003440114845,0.4443263044029532,-0.12138548437139081,0.5577383058412541,0.5380275909152404,-0.1468170551610671,0.48268485473436223,0.5224696278657561,-0.15108554219196565,0.5069065395012368,0.09439445074025195,-0.12383378329712956,0.5703651427788816,0.4755275600711519,-0.17917093530875525,0.45409418520529654,0.5038323201344863,-0.148501552282203,0.379434552223925,0.4444950242330213,-0.11345523679210477,0.42591880471608656,0.18311587034699794,-0.197681183709869,0.4951814809656975,0.46908517759429746,-0.20248585488053455,0.4025868469348669,0.48525956366825085,-0.14731963039379778,0.33564150569117535,0.4274050075541826,-0.10191423940123136,rhiosutoyo:T.3381a66c-e268-11ed-ae6a-001a7dda7115,rhiosutoyo
T,0.0,0.0,0.0,0.20383362135334143,0.02992498972817093,0.02056935361079563,0.39513256728462665,0.17620057564077388,-0.01630723398366996,0.48576870555110757,0.36930726714689166,-0.06447760462830127,0.5247162251962023,0.537642864409958,-0.10875541936153586,0.5284875380171579,0.029021920145245836,-0.08055990460387397,0.7284855901902488,0.1063664966241416,-0.146837594934651,0.8603195593513013,0.13527516493613,-0.18256893319618914,0.9672579375731684,0.14621909386338944,-0.2074416997410834,0.4684786579389761,0.06291206271157881,-0.13670990583813392,0.5538906203273586,0.4057872087276434,-0.21201365683891066,0.46764693968835147,0.40488654875819186,-0.21391082584709542,0.4257773621043167,0.33333200572143606,-0.20583590989550377,0.3788330046775445,0.1280219606458769,-0.18764908446896147,0.44686830723616244,0.46603423893746226,-0.2381229901648418,0.3744991809779274,0.43719652035552875,-0.18707437492208995,0.34772368992711766,0.35721743314553817,-0.1465187394850765,0.2819008141394755,0.20772313910191667,-0.2389290560720291,0.360900393472463,0.46662486197331543,-0.24511101983901473,0.30474354826660105,0.4560723613680947,-0.18826477417831045,0.27549084069755403,0.39683040771158173,-0.14707636420308337,rhiosutoyo:T.367df103-e268-11ed-a946-001a7dda7115,rhiosutoyo
T,0.0,0.0,0.0,0.20784027298514016,-0.007939132340097453,0.058846463027336676,0.3974917373983158,0.09316108635364986,0.041683330106934535,0.5136903732502865,0.2311449084028018,0.0029927002880835,0.5685592524273515,0.37956744009705284,-0.03520115149933404,0.537991397691242,-0.002389815968286316,-0.02339247046649804,0.7321059477662161,0.039140892672693876,-0.09113116067949108,0.8713887478076561,0.055508611609945385,-0.13516898424813317,0.9834507363436893,0.07735653792922428,-0.16383105696008876,0.5153839500234575,0.03944036496175675,-0.08936224155667358,0.6084070894131861,0.3849224382505309,-0.15322794244860705,0.5085188526892932,0.41450948736300375,-0.15653650145754777,0.44136944153548097,0.3626026736911991,-0.14762325419257946,0.4561052397590745,0.1212494189425773,-0.14957317789011,0.5239775851491539,0.45300780193853196,-0.1889481603272184,0.42778085254229753,0.4644362607235927,-0.1485137438521164,0.3713189433968058,0.405322598987752,-0.11401539154520725,0.38816852815302005,0.22382802798640422,-0.20727213795273056,0.4523885311869404,0.4815901960505016,-0.2107385127601554,0.3726532889309244,0.49451899745298494,-0.16171315437734124,0.3175113614903022,0.4469920676395921,-0.12323973936430865,rhiosutoyo:T.397a080b-e268-11ed-abd4-001a7dda7115,rhiosutoyo
T,0.0,0.0,0.0,0.203280285231501,0.006667476359432718,0.042372362658441125,0.39548983595743953,0.13354144003559498,0.009882846883625455,0.5117600711776766,0.3007671185152321,-0.03846106598591804,0.5673938657859031,0.4240817240924702,-0.08418739384973853,0.5264547236988041,-0.05933151480218288,-0.06240411344980771,0.7378499865786313,-0.018254282451279573,-0.1303930790946169,0.8732208507784053,0.0070923485687361,-0.16801051153383684,0.9810386298808024,0.023611532291939227,-0.19236866227227503,0.4848489155251302,-0.026245033228427493,-0.12882643078061767,0.6040974695945245,0.3377804740081152,-0.20240050879292498,0.5023926311465192,0.37605213625523076,-0.19878077018248994,0.43929734116198527,0.3155128753072162,-0.18351180623448743,0.41427500479692736,0.04794233001306383,-0.18947989482327943,0.49805705897615177,0.3932000656087082,-0.23722621753153147,0.40605904184741354,0.4000765801824431,-0.18521608609709378,0.35882456035196075,0.3342662398930326,-0.1423047235038774,0.3376376266978216,0.14715800990662825,-0.24859243258188782,0.4233267128568079,0.40085157101336055,-0.2502368076376322,0.34774064203184213,0.41208119087166634,-0.19079343428514328,0.2985337531463027,0.3647124247496007,-0.14748723683331325,rhiosutoyo:T.3c765333-e268-11ed-8e0a-001a7dda7115,rhiosutoyo
T,0.0,0.0,0.0,0.19566359895046093,0.07166428155819614,0.04536129152050526,0.38284241583634193,0.19435009355156235,0.01803908961621061,0.4917230877391533,0.341127489887311,-0.02893256283217634,0.5704178187902293,0.44293782228428924,-0.07336070181435114,0.5315747533870118,-0.02736697314077688,-0.038823416200194985,0.7386861248945849,0.021741379380326307,-0.10925634154362666,0.8728446131548073,0.06107689911472495,-0.15071864910952215,0.9808758040911666,0.08264593600814879,-0.17621664566619297,0.49065421170145895,-0.02143371939091986,-0.10580481547291243,0.5932036112721295,0.3348566035416297,-0.17901182537564234,0.48880847215183215,0.37776878084628424,-0.17843927421251296,0.4284860672876323,0.3198030823550914,-0.16369842681535174,0.41611630650295434,0.029694919034831544,-0.16918917139527362,0.4979201445028495,0.3846893675134342,-0.2211574284776448,0.4061517371899005,0.4081634280088848,-0.17273275716956943,0.36196638527292424,0.3404288636936015,-0.1287788114050837,0.3313925636322525,0.1126681294586455,-0.23124630972678356,0.4138415840239725,0.38624640033947755,-0.23928034566433373,0.34609699210874795,0.4177092623793367,-0.18399508799864703,0.3039734690104623,0.3688338587184073,-0.14069271584353107,rhiosutoyo:T.3f726fe3-e268-11ed-bb87-001a7dda7115,rhiosutoyo
T,0.0,0.0,0.0,0.1902922930173785,0.09545532238686183,0.029749036447343745,0.38447725650089226,0.1932268038610662,1.245449943928663e-05,0.5010310185741419,0.304994919820048,-0.046405473544794615,0.5808532751210445,0.3922874614233654,-0.08854856843876353,0.5313173746401306,-0.08207939165750278,-0.0455871458672478,0.7405117882093328,-0.019999160119547093,-0.11607707959145122,0.87549055102241,0.025884309800567464,-0.15579080094268852,0.9822820609423697,0.05180199558798348,-0.18010692936118092,0.4861809444256532,-0.07872924897759029,-0.10457517412365276,0.6109807032496569,0.2699154136427483,-0.18631490491499522,0.508014663822312,0.31424298017594976,-0.1859600750548121,0.4406873463519138,0.2575792905036643,-0.16936001559588612,0.41493687649860816,-0.02340776677642248,-0.16169846261483828,0.5155509168527329,0.3200176979004847,-0.2215989510116982,0.42198816972012226,0.33872773852799537,-0.17033462521185175,0.36796420700768095,0.27546545945581274,-0.1220575342349177,0.3343971482344177,0.06511005434408675,-0.2188535940934764,0.43355328516301356,0.3271843510765424,-0.23243034074370614,0.3637814566558485,0.3540896524747992,-0.17772925429807807,0.3155326596677655,0.3081004545963456,-0.13378296361463898,rhiosutoyo:T.426e9499-e268-11ed-939e-001a7dda7115,rhiosutoyo
T,0.0,0.0,0.0,0.17400209624780444,0.056478035897623145,0.037156953498315784,0.3582946983120834,0.15285147844191868,0.009793997661206802,0.47782334538943033,0.2737233239421453,-0.03161543160631165,0.5678874916099453,0.3615018514226911,-0.07064897387102614,0.5095451529254866,-0.10892612842749969,-0.0665631678485875,0.7214026790168668,-0.052629800264001415,-0.13926892420085163,0.8650163033434483,-0.016517070585701347,-0.1808876244875554,0.9785866540304295,-0.002775046085140876,-0.20581656802296952,0.46383997217432343,-0.11072057932675974,-0.1256378562908128,0.6025957574224424,0.2404264839776017,-0.19249384340154507,0.5013524083639571,0.3043446741662985,-0.18226685116806332,0.44047265925175716,0.25066384666366165,-0.16377482579172387,0.38775478991355344,-0.0536729372561998,-0.18060612834260845,0.4985380270796666,0.29753817628394513,-0.230947481561392,0.40622840954958284,0.34428417336659,-0.17654688663331233,0.3553673008508851,0.2849831697400242,-0.12940370846898838,0.3011411180798019,0.04299859415716778,-0.23399933895765784,0.41784122784248584,0.3084357669439326,-0.24312455400345376,0.3579889512626459,0.36386010684309594,-0.18439701464826644,0.30807061098014527,0.3298782078349551,-0.13870588839856923,rhiosutoyo:T.456ab9dc-e268-11ed-b4c4-001a7dda7115,rhiosutoyo
T,0.0,0.0,0.0,0.18495164117498608,0.14663872027250086,0.0490809584068955,0.36580206078076094,0.23518402867539248,0.04045907447149336,0.4756901803159692,0.32197293625390727,0.006253277150006928,0.562430830000849,0.37015203197561725,-0.02456179846288913,0.5450696447883003,-0.057258690187676514,0.027163749754600456,0.7408328026119309,-0.0017429958539226594,-0.022378434758927142,0.8761197276440043,0.022252017823990358,-0.05936205795883877,0.9959154025594045,0.025178148026693527,-0.08670969845919824,0.521600222517151,-0.0624780028577254,-0.03750787270228087,0.6318482946502937,0.2853046303787072,-0.10674530641293307,0.5286279239839468,0.34024192937860404,-0.11963487032375399,0.4653124018852373,0.28861647403560886,-0.11484385374502565,0.47050222362028704,-0.014998413463801817,-0.10152528706781133,0.558437780714955,0.3250024595765482,-0.15225427044106427,0.4567404478221219,0.3596327436828735,-0.11872535036374902,0.39443764209998444,0.3060427024961004,-0.08482812872320566,0.40728508234821514,0.06737373119750682,-0.1652967967212632,0.47637383380913156,0.33804211544459556,-0.17229681400994712,0.39672429692954375,0.3625934936788366,-0.12813504222714933,0.3415168003512752,0.30886334140957733,-0.09452033033892747,rhiosutoyo:T.4866d1ab-e268-11ed-8003-001a7dda7115,rhiosutoyo
T,0.0,0.0,0.0,0.18734374355790354,0.10753541337973566,0.047635135319806426,0.36744236742657155,0.22919988425646148,0.025567186091965906,0.47627862574611146,0.3593644048106271,-0.016909191905670033,0.549623334678601,0.42099124038824803,-0.05702822923049528,0.5316953755948582,-0.03093935931415036,-0.03250413070810071,0.7354730127934375,0.01355635995158321,-0.10583201251902863,0.8708723099631842,0.041778828890593894,-0.1538280755299009,0.9817624656420866,0.04828742082151544,-0.18387709494870957,0.4929246252171862,-0.04407150760493541,-0.09737137120782396,0.6009977982871267,0.31894413914089764,-0.17171487050215137,0.49115896516324087,0.3777025295931104,-0.1737431103740998,0.4259120484401888,0.32783723968936074,-0.16108309526172118,0.4219456576083966,0.00010811849785506757,-0.15879996249008055,0.5069552429464786,0.35745391790420555,-0.2124531031133757,0.40937652813286113,0.39084317628110676,-0.16588784707674495,0.3571760675287134,0.3331980758635763,-0.1224435979076461,0.34093657472424654,0.08469030527618476,-0.21874960396806,0.4231586857770172,0.35698745032394,-0.22618857858951685,0.35591263914329785,0.38767138558857256,-0.17141899054090878,0.3113838705550758,0.34263743449945566,-0.1285158797650728,rhiosutoyo:T.4b62f6bc-e268-11ed-af5e-001a7dda7115,rhiosutoyo
T,0.0,0.0,0.0,0.20153740054486702,0.16730862187101062,0.058761492222519925,0.39187294312874343,0.2880687016557684,0.05547885220032368,0.5015653028756454,0.40355447830286423,0.021783785267665275,0.5902897590298015,0.4846073183570924,-0.009073527880066512,0.5585631891741024,-0.002203617801259182,0.04508233317897404,0.744930663715804,0.055192926404754566,-0.007526177247863232,0.8781966903502693,0.07554862451631308,-0.04633459386187584,0.9940003738751947,0.08106732694992676,-0.07342578046685466,0.540587097818956,-0.014823581885631373,-0.029794262438338538,0.6491811362512299,0.3657042439802134,-0.10747109199634339,0.5466622043577329,0.42465410533612863,-0.1302418511941226,0.4818953178271522,0.37423246485728034,-0.12867774432502896,0.4982609492771417,0.022524708328648915,-0.10357555903610366,0.5963600366033456,0.39361324854349483,-0.16149529144406446,0.49239134203660734,0.418123734686232,-0.13166965716607082,0.43568480330719916,0.3559250528319909,-0.09655532507453878,0.44127272090915043,0.10478452141524441,-0.17632076802786012,0.5463244450672794,0.37718537709717076,-0.18729061768354868,0.4697045950968115,0.39917407028497287,-0.14031174437263888,0.4136121397795147,0.34579495687684764,-0.10215314373194141,rhiosutoyo:T.4e5f2140-e268-11ed-8508-001a7dda7115,rhiosutoyo
T,0.0,0.0,0.0,0.20304464775406297,0.01983027177669628,0.03135264687052565,0.3969865845038116,0.13958814645562684,-0.0032153561235491643,0.5022310642341545,0.3117227573829504,-0.050530717722175024,0.5653597011097546,0.44944554999147923,-0.09342659125213924,0.5326953528006337,-0.04820159596176528,-0.07754614342353419,0.7400230256032528,0.006885152879555145,-0.14073060572967794,0.8730717766846267,0.040330218478045465,-0.1735070818294738,0.9778518256715463,0.0716410077253139,-0.1966554678693815,0.4798853671363504,-0.02193849790491595,-0.13696367605558143,0.5908141897192726,0.3275681344410048,-0.2105630635663848,0.5008123796147965,0.368220691537007,-0.20686488575924583,0.43978025942374327,0.3270487087823546,-0.19388098755286276,0.3982700184704106,0.03851117613850695,-0.19048238731024927,0.479844713000453,0.38150314766534854,-0.24102804285847398,0.40363452247390713,0.3914348609683344,-0.1902993779153196,0.3633414058286224,0.32946559058311564,-0.14895871009921913,0.3094769123998807,0.12347674136267102,-0.24335799190747387,0.39474323928961574,0.38938820809448366,-0.25328505103551685,0.33886090611246505,0.41768138161054597,-0.20147962709575634,0.30391703172386747,0.3799353978810334,-0.16278068871228962,rhiosutoyo:T.515b43e7-e268-11ed-a53c-001a7dda7115,rhiosutoyo
T,0.0,0.0,0.0,0.2205461581388024,-0.001754498412373423,0.01741355463928332,0.4198807530813363,0.13128139839017694,-0.01299343000680093,0.5175968845317708,0.3196619177428134,-0.055536048838671186,0.5439992317862592,0.4934585102639984,-0.09333126689685181,0.5452248990647192,0.04179329372342756,-0.055869996021457716,0.7421778926969917,0.12742820223049914,-0.11848448014641345,0.8648366882814648,0.1598563953759708,-0.15222765527249907,0.9678818294783358,0.18003114183010407,-0.17548091673175908,0.499722838895334,0.09142797936116566,-0.10597129417234157,0.5780925853768547,0.43347451744243837,-0.17752419702125397,0.49009741740725365,0.4236257510362341,-0.18103418649008138,0.4449702044587864,0.3496397689754456,-0.17251123584402644,0.42210278685564917,0.16854749062323277,-0.15293753538066665,0.479375620532205,0.4793676793795606,-0.19908816437618174,0.40715691717632696,0.4414831698843217,-0.1548192318259244,0.3810254376753188,0.3634139463981877,-0.11850283630687176,0.33804456939002236,0.25527033704258795,-0.20127562621837664,0.3953273295073837,0.4842217089334537,-0.2030393996488777,0.33349391668324757,0.45852587610329726,-0.15140802595317557,0.30119054853090516,0.3957599982459938,-0.11384722699864251,rhiosutoyo:T.5457668b-e268-11ed-8786-001a7dda7115,rhiosutoyo
T,0.0,0.0,0.0,0.21846171736782666,-0.0030088996313848287,0.024139757230025684,0.41520495721035505,0.12460666099135251,-0.00504681960649305,0.5116012935117614,0.31158824492939613,-0.0461448908175573,0.5591937617974084,0.4700472955486841,-0.0822334377241955,0.5468493578053437,0.007752151597213996,-0.05694835159281529,0.747130499949872,0.10148986189640852,-0.1126814755367128,0.8686622147529176,0.14531175241425742,-0.1406086130095505,0.9709737512763786,0.1769649429483422,-0.16091421099320966,0.49470459277092305,0.05408002998667789,-0.11028679943147543,0.5902989171606964,0.3919941300019303,-0.17878194737246075,0.4988468714859796,0.3810445183741797,-0.17852724588410113,0.4486509840529527,0.3052195418222156,-0.1674144557759014,0.4142724907444961,0.13069302767199556,-0.159071902788529,0.48392778616137905,0.44619843843350365,-0.20463690563262776,0.4078024490270763,0.4185357707852116,-0.15764838836475195,0.37598540253116175,0.34392534503954886,-0.11946493116958443,0.32897399269477257,0.21984655233138334,-0.20788585424809322,0.398021382493267,0.4514899776562248,-0.20979502828950516,0.33392143439765115,0.43434913153226007,-0.156486901681474,0.2973780257042806,0.37600330064391546,-0.11800345415541996,rhiosutoyo:T.57536d50-e268-11ed-bfd3-001a7dda7115,rhiosutoyo
T,0.0,0.0,0.0,0.20803727962283888,0.004445790497208208,0.04819858441852232,0.39411695028613086,0.12099697363900226,0.026313378599821576,0.5058088731670763,0.27516125194700536,-0.014955923403122063,0.5592448874272331,0.42341195404971776,-0.05442299729855643,0.5334623955784425,0.0442107177934482,-0.03233889103525902,0.7329980466794668,0.12737527196503373,-0.09512343987608424,0.8628968262220327,0.17810130186708603,-0.1318090399241178,0.962227728623548,0.22378670718229104,-0.1550396980017543,0.5089043366000306,0.08498970045436305,-0.09351224981721215,0.5843497234222921,0.4361585814153622,-0.15555650325346376,0.492302535051794,0.46713213182682845,-0.15600200574029194,0.43684774029188433,0.4200510264130289,-0.1445101025383749,0.4462158020525609,0.15510113560861646,-0.14963083289782245,0.49341321580791,0.48202164452699997,-0.18954518765539663,0.40400162558147035,0.4784925171348394,-0.14831597348717301,0.35988203729079665,0.41242886788923894,-0.1123663192632204,0.37158380675296027,0.24262482417238757,-0.20396080776943593,0.42405855174191465,0.4928191485864569,-0.2049450351569579,0.3515455410517096,0.49942239491372703,-0.15501084458625453,0.30723104043041716,0.45175719156489297,-0.1157627704709856,rhiosutoyo:T.5a4fab0c-e268-11ed-88b0-001a7dda7115,rhiosutoyo
T,0.0,0.0,0.0,0.1916098920789648,0.10238805111184536,0.07116686960708861,0.3644628878253894,0.22109257592988027,0.06506377860812926,0.47553229741826436,0.32529732772707703,0.030450955360884022,0.5598436897284559,0.40222209399304093,-0.005102508346441341,0.5448141311099003,0.02082900647513668,0.015116375952350845,0.7422703751404545,0.04995849992757385,-0.04396625198700103,0.8752401525042858,0.06397129054122128,-0.08683741580650337,0.9906639537370359,0.07264777919817901,-0.11535697180351323,0.5289979677504666,0.029446800936701423,-0.060202681964798145,0.6193831840577116,0.3861975534246357,-0.1218832248836683,0.5169218292782576,0.41517762017002435,-0.13003993190716154,0.46149605475711275,0.3427323231306246,-0.12564700618240157,0.4735615565083226,0.0853780119352042,-0.13068684958913487,0.5500486793741401,0.4307748977527523,-0.17400287744431128,0.44924332108566456,0.43850177071568813,-0.13523289443689263,0.39825626305279793,0.36761507368582874,-0.10117770208898655,0.4034186610288145,0.17272599586075985,-0.19783049411088283,0.4796952280801546,0.4424268489176452,-0.19979333757586587,0.3993923417474678,0.44611202420742835,-0.14502675141182292,0.3470695422329831,0.38427551075541305,-0.10411343708475618,rhiosutoyo:T.5d4bccd8-e268-11ed-a771-001a7dda7115,rhiosutoyo
T,0.0,0.0,0.0,0.21439507356139367,0.12065178368946723,0.0727425340427141,0.39978854673557074,0.2672016614554477,0.05889792304362201,0.5223322181466761,0.4191850812803339,0.016826282338594928,0.5908177938757121,0.5557355599799532,-0.024931478253561845,0.5671879389471227,0.08266004428551833,-0.0074535938973367,0.7404894130147731,0.14705969971827737,-0.08800266704943802,0.8604611808364226,0.18276749755947755,-0.14483270590498445,0.9632344989240316,0.2009073323887429,-0.17836912253809262,0.5402962872358054,0.0774607721252091,-0.08614854743442492,0.6048025671305202,0.5144549244644657,-0.16134426996472143,0.5005002897155311,0.5821999540491817,-0.17398710408484647,0.4351491185973377,0.5360272565214903,-0.1691190389082015,0.4710542096828694,0.12384849143009868,-0.1596003838344263,0.5092450151844364,0.5227009716303046,-0.21598123390298488,0.393426029554447,0.5390140077800284,-0.17604290159026612,0.33111758120569956,0.4677564493048974,-0.13490254309108685,0.3865154474429853,0.19789094915384187,-0.229323031260429,0.42940178150669045,0.5038983429365779,-0.2369044642213782,0.3398569881147448,0.5192922812895379,-0.1787060596368442,0.2810657540543842,0.4600417515955506,-0.13071701060076482,rhiosutoyo:T.6047fc55-e268-11ed-88fb-001a7dda7115,rhiosutoyo
U,0.0,0.0,0.0,0.05182908061329879,-0.10012596925350692,-0.03133521083340098,0.1047199412155454,-0.21694735309774216,-0.07496549492431838,0.1455468645611105,-0.30393161444313554,-0.11835156934520966,0.17052893119044527,-0.36402510553722195,-0.16406503926265115,0.1056190525561317,-0.40885420096325287,-0.12975600080166405,0.06465170212002397,-0.6528563012875941,-0.2294448253195104,0.05700961914918783,-0.812152082822239,-0.2903876568172012,0.056417528528297296,-0.942538491021441,-0.3292996438166667,0.11888941261241319,-0.37930142151731105,-0.14599370993559452,0.1486125652986407,-0.46421707261589074,-0.23150734821185576,0.14112268436072192,-0.30108120617050566,-0.23393202326705245,0.12696600549384146,-0.20086917807890217,-0.22898282237216994,0.12520078172524982,-0.2925200962158075,-0.16451959201497057,0.16232281394289536,-0.3222016731795762,-0.24799717376241848,0.1427105571453984,-0.189088711657167,-0.21372113421401234,0.12604988590315838,-0.11839079468222548,-0.179666874251537,0.1282564519563127,-0.18592023457076137,-0.1843584074259362,0.16666791304881684,-0.18915877983277937,-0.23474342218967167,0.1373048410078007,-0.10426493418304175,-0.20320016868860008,0.11348965663083228,-0.056680502241332156,-0.17339266525776867,rhiosutoyo:U.6b1b1376-e268-11ed-8092-001a7dda7115,rhiosutoyo
U,0.0,0.0,0.0,0.08450680043379814,-0.18204014545011882,-0.0449120087376296,0.12400924874157382,-0.43299449124170913,-0.07820207011920438,0.15271194285889617,-0.6592977965005257,-0.11522449968587659,0.12667590964512518,-0.8212101891333033,-0.154321815078583,0.07137235842038941,-0.4863583605874898,-0.04586125198957436,0.046660262525808384,-0.710232799509794,-0.09722051406217039,0.04606095594806828,-0.8627535426830304,-0.12559165995275548,0.03775211220673312,-0.9881580423951359,-0.1487227664943837,0.005353467604622135,-0.4599184226725321,-0.05679230919622211,-0.05179459823471321,-0.5987474391635559,-0.12136293500450383,-0.032945670981380466,-0.4804164626639111,-0.12130611273205259,-0.018830882551260145,-0.42060049998252624,-0.11120827118853045,-0.05380596454655947,-0.3865998318991475,-0.07602674111635081,-0.09630024917674282,-0.5129204092260622,-0.14185396104490597,-0.06623555083448833,-0.41281927838604,-0.11400627373135427,-0.050925486282832735,-0.35969443954579644,-0.08405209918929449,-0.0952986446178635,-0.2975593618665326,-0.09982408803000815,-0.12363525375204164,-0.38534461276045323,-0.14065012604927118,-0.10284528508740587,-0.3362069115151562,-0.12244617330118421,-0.08915009777739849,-0.30331290276299727,-0.10387974296544444,rhiosutoyo:U.6e175475-e268-11ed-8af2-001a7dda7115,rhiosutoyo
U,0.0,0.0,0.0,0.07343009452097152,-0.2510025192632452,-0.023846895200313828,0.08645842090759061,-0.5520190241890321,-0.03572257614122545,0.07817215886466627,-0.7820600324602363,-0.055865952027031325,0.056872094031804155,-0.948336289774632,-0.07662334528304349,-0.0030884648397297354,-0.5699913149186657,0.02294605998091495,-0.045204694670572206,-0.7480534709399431,-0.01752091470306639,-0.023615808312797703,-0.8856544269885618,-0.050898685975989115,-0.004218994808672487,-0.996833659856453,-0.07940311492626569,-0.04660721199554673,-0.5201458909994251,-0.00023560633192464437,-0.10528408296949862,-0.7277816107357691,-0.06775557548322295,-0.06973119851163649,-0.6410240257419931,-0.09709935416840977,-0.06256457374014393,-0.5563998690789032,-0.10429768054061296,-0.08941892405837822,-0.4365898788558969,-0.03127449084967365,-0.12339995925723148,-0.6386177298372945,-0.10600533780665741,-0.06800575121499802,-0.5627997139619711,-0.10565318184735353,-0.0522643729574115,-0.4935322802989083,-0.08862948415607685,-0.1335498628197619,-0.3317629591001167,-0.06363938738401331,-0.1520246479891192,-0.49193556488194506,-0.1176663005739056,-0.11243574403531953,-0.4482045751655353,-0.11520404893710673,-0.09737675476725934,-0.3946034811772055,-0.10449764818639694,rhiosutoyo:U.71136c52-e268-11ed-a31e-001a7dda7115,rhiosutoyo
U,0.0,0.0,0.0,0.054761446033569076,-0.2774497107829484,0.0017721591507014831,0.009539044610096635,-0.5389439532068269,-0.01491709816464733,-0.021089707159491135,-0.7193588113643692,-0.04907932738973317,-0.03684181412214631,-0.8810263353420564,-0.08141373850296119,-0.26540423950787567,-0.5292675352748657,0.03626277638513098,-0.3768339628959287,-0.6897812862824079,-0.006904481255599315,-0.3735001394628653,-0.8362546487611138,-0.0332987070615316,-0.34927997026672564,-0.9357986775546021,-0.04779474299055355,-0.3116503725879119,-0.46391306844046726,0.00022598903680519483,-0.21395360254803605,-0.6514112576004234,-0.06578149587363977,-0.10944763714878536,-0.5356300891296459,-0.07553724842647949,-0.09419960575561102,-0.4524048704390472,-0.06176726589063514,-0.3163513100654763,-0.386981564193544,-0.04278855656917493,-0.19753438466504372,-0.591029114383522,-0.11570388008609805,-0.1075274656461327,-0.48090153529990365,-0.08849380447043624,-0.10892818472859915,-0.39044512343984344,-0.04883278542891,-0.2966620164881065,-0.30448078865472034,-0.08657405939534868,-0.19460310885342638,-0.4929241958825393,-0.13529155661116574,-0.12310116040722617,-0.4232475101651016,-0.1097603454130392,-0.12358975729255325,-0.35188853588042684,-0.07713039453884094,rhiosutoyo:U.740f7245-e268-11ed-a976-001a7dda7115,rhiosutoyo
U,0.0,0.0,0.0,0.06246872883948222,-0.2738067046766627,-0.014323232008551167,0.02915131860114555,-0.5434463913003822,-0.04089448274009981,-0.0026705478080519492,-0.729224659472223,-0.08030658920821693,-0.03115968501661354,-0.9004987567590281,-0.11772989336018644,-0.23527810289768317,-0.5474363610095908,-0.0019248041280373965,-0.36049966140729145,-0.7126070254513978,-0.05670422432410987,-0.3420595617319195,-0.8599567447454858,-0.08425804832928624,-0.304428965621975,-0.9475936161924203,-0.09689862456044772,-0.2832489398922272,-0.47171381374515636,-0.03467421214181083,-0.18732857346543744,-0.6610322253110198,-0.10552066016326808,-0.07839391855315495,-0.5444162456577467,-0.10922471481098506,-0.062224978561596506,-0.46680833940270633,-0.09214878163090767,-0.2911526044137217,-0.3794512455129059,-0.0754136665125193,-0.17792926217972022,-0.5704287647556958,-0.1537736550887536,-0.08552701103906983,-0.4697139909416244,-0.12440905499445805,-0.09053253828274661,-0.39107261644757535,-0.08465872957551197,-0.2751733737811765,-0.27959886182895544,-0.1182986611644337,-0.17601641952180205,-0.4537897276437038,-0.17464614938946074,-0.09445148278429433,-0.393932770679557,-0.15099480670590415,-0.09159719585207599,-0.32895252873613323,-0.12013814970842523,rhiosutoyo:U.770b7ced-e268-11ed-91e5-001a7dda7115,rhiosutoyo
U,0.0,0.0,0.0,0.08810896941527412,-0.29524385171084644,-0.010388172275142308,0.055532719970262504,-0.5594428089409171,-0.031154155025079466,0.023921496283650128,-0.7340226185257166,-0.06371064096125337,0.008304446436101709,-0.9017098958992751,-0.09501709037513709,-0.2220273711707049,-0.5161082837190505,-0.01488852903650399,-0.3567426712477506,-0.6989642381231652,-0.07313763367103752,-0.33991033414231653,-0.8442671136660284,-0.11008665608379567,-0.3090869047607304,-0.9421139173466098,-0.12994865157921653,-0.26158056289380693,-0.431825673101974,-0.049373642440685914,-0.15260350519336166,-0.6426606454439271,-0.12645258551328892,-0.050582608863576184,-0.5450406505244462,-0.14159730265236117,-0.03694914610863571,-0.4626475191763273,-0.13393298238265047,-0.2535618044565259,-0.3402731094120347,-0.0898708223458106,-0.12953828125255698,-0.5635299186490185,-0.16817574927731158,-0.04775244718492379,-0.477438973258666,-0.14916206011022104,-0.051923868003172495,-0.3993439273074209,-0.11793917963121921,-0.21490842602517157,-0.264341850707832,-0.1318584169720946,-0.11831758080701868,-0.450840203401032,-0.18323078690515032,-0.04794244405286129,-0.39215650412406844,-0.16257857266550294,-0.04085081095709398,-0.32212207529507186,-0.13666736634330548,rhiosutoyo:U.7a07c210-e268-11ed-b5c2-001a7dda7115,rhiosutoyo
U,0.0,0.0,0.0,0.07357859985406447,-0.28193113038119694,0.021930030201787486,0.04713449890971901,-0.5348224450176804,0.022895571346149574,0.028799442560565956,-0.7049281830723257,0.0025024624032771664,0.018464657995923204,-0.8646110873915925,-0.015327759099323586,-0.1929166798476104,-0.5823557425011865,0.07886616319231124,-0.2967652591292862,-0.7361779593652108,0.05965937271460904,-0.3006284296448411,-0.8573674914554732,0.04569400301668198,-0.29062948376308284,-0.9562007394778846,0.03485181472392118,-0.23460086145147857,-0.5262540088709903,0.03499202474412191,-0.21551554621858793,-0.689988647790094,-0.0032438552723370703,-0.1327359658168358,-0.59068159634475,-0.011197035346468357,-0.11241975052805431,-0.5203312556920512,-0.004029475263869126,-0.2532640771651604,-0.4487231899672874,-0.01576514164551681,-0.17280612301616305,-0.6319351049438479,-0.07115967613147976,-0.09037221713655923,-0.515027266219526,-0.055010375355732395,-0.0928200261614737,-0.4321373350649639,-0.028101241716781997,-0.24762440680396355,-0.3655780529725756,-0.06551842782815503,-0.1687810030402164,-0.5416580903156709,-0.10054611316361832,-0.10434815575936368,-0.4757194654602501,-0.08047276289259467,-0.10939641341102986,-0.4106806884022902,-0.057179424466859106,rhiosutoyo:U.7d03f513-e268-11ed-af62-001a7dda7115,rhiosutoyo
U,0.0,0.0,0.0,0.06018869456780819,-0.29909855188379364,0.01615313923625914,0.02259386630888461,-0.5334723613190838,0.0036693514689813246,0.008092366166700674,-0.7010632868127671,-0.02779357832998747,0.0016923076250694162,-0.8500262062755591,-0.056529156482153814,-0.27065468177697444,-0.48730427321463504,0.030958886452637824,-0.37850614667852356,-0.6722217666617658,-0.011828327084267358,-0.3719376188763063,-0.8229736940620505,-0.0416859323529592,-0.34698930337481676,-0.9359659749794326,-0.05971697433946025,-0.3012618432311825,-0.43867413465300276,-0.012767425042322842,-0.21786194422189023,-0.6548451273491348,-0.08359994995753109,-0.11870151117527904,-0.5783751044508338,-0.10363095808062608,-0.09488825079727967,-0.4989727775803513,-0.09879836779093339,-0.2824026744253944,-0.3919350244231993,-0.06037147480895367,-0.15321460374945794,-0.615978277936288,-0.12649273875968337,-0.07085003440661541,-0.52590449263983,-0.10834330539148797,-0.0668981523830606,-0.4407379091740145,-0.07734230140270248,-0.22841740399909077,-0.35593642936891184,-0.10807881386813449,-0.12514423468754787,-0.548527149980245,-0.1433665520950142,-0.06029113222347103,-0.4839620099891389,-0.1195138996399072,-0.052384551662407325,-0.411728858600412,-0.09167624504345216,rhiosutoyo:U.80003859-e268-11ed-b711-001a7dda7115,rhiosutoyo
U,0.0,0.0,0.0,0.19595077287347099,-0.18350007829304002,-0.05487850921609254,0.30333428317856265,-0.4461985942959805,-0.08328807832858642,0.3464822321735555,-0.7009265028444955,-0.10722708496937189,0.32264723494236996,-0.9037132350676657,-0.13705293739588745,0.030606098440523317,-0.42575601760916043,-0.11010411229585482,-0.09838773055916926,-0.6393552962115628,-0.1620588345910047,-0.09855881421871003,-0.8326736263858132,-0.19723918634708432,-0.08640049836214019,-0.9714419760376798,-0.22098742288823073,-0.05022723717652585,-0.4034471811750873,-0.11414643467579122,0.09262791402129658,-0.44691720476230723,-0.2106269259280657,0.18688038410503732,-0.37253274802173014,-0.26968979199823223,0.2125791294926191,-0.2843652716215005,-0.29642829906537627,-0.09109170686075689,-0.349707705796262,-0.11761423988102085,0.05311763503080536,-0.37157509320209003,-0.2115897516700581,0.1471928163481826,-0.3406949358768965,-0.24881562797079604,0.18481482223626397,-0.30522595431566113,-0.25528188483988773,-0.11696183138915672,-0.29888374418028435,-0.12146830375217502,-0.11540257668898977,-0.47122999521884235,-0.183730650326438,-0.08871042324721788,-0.608437908245433,-0.20829842265767948,-0.06536075401395242,-0.6945831107840097,-0.21791949618904993,rhiosutoyo:U.82fc8623-e268-11ed-891c-001a7dda7115,rhiosutoyo
U,0.0,0.0,0.0,0.026326748691375343,-0.16569684678065422,0.00019638630272809045,0.10609292904892643,-0.2886736755265621,-0.037801962358094736,0.18783273943269924,-0.34830417457933455,-0.07891326082478521,0.24710392779254453,-0.35856668042862805,-0.12110414857015428,0.10965350361512806,-0.45619365709289655,-0.11602355389074469,0.05322149128268517,-0.6516636993696275,-0.20043783694854397,0.023951489451160386,-0.8197605352762447,-0.262468077167195,0.011085336593273123,-0.9522664370032188,-0.30506679312866664,0.14319225401382052,-0.4335183355426367,-0.14365924254083837,0.26527060765934307,-0.3544170849473372,-0.19937946065508338,0.2604320137569443,-0.27248234487590356,-0.2041503118624318,0.21467775776175635,-0.24648237451438573,-0.21095347698263658,0.1804523893587659,-0.3255577050155322,-0.1665832515250509,0.2933539717110979,-0.22630569714232426,-0.20194295466068118,0.2624916032790816,-0.1776015757380703,-0.17263160961775545,0.21062800754110592,-0.18227883027890449,-0.15703004376243926,0.21861245450325825,-0.197285506830468,-0.19074096111304725,0.29858533438714174,-0.12739303090991536,-0.19484453520267866,0.2538967116505503,-0.09998596972294868,-0.15413396916100963,0.19549212725491236,-0.10411837330505641,-0.12696242046217934,rhiosutoyo:U.88f49a92-e268-11ed-b5a9-001a7dda7115,rhiosutoyo
U,0.0,0.0,0.0,0.09587947871509761,-0.10687969638077043,-0.09794285079028821,0.16882978791681438,-0.34364297169546626,-0.16187292419393237,0.22461570841714962,-0.5770804809771849,-0.20929478203733515,0.2750978317039441,-0.742232757736614,-0.25451522914040603,-0.04699698784919738,-0.34314801506967973,-0.22879837248724572,-0.18300593123070483,-0.6012919251195913,-0.3259253759817697,-0.17035429299272317,-0.7782654343717861,-0.36931455952538594,-0.14537790332848882,-0.906384349308976,-0.39665183291087486,-0.08587566508264173,-0.30823976277802156,-0.21946188371120126,-0.014565590212528241,-0.38373252495985255,-0.3322273035002412,0.05140381428023726,-0.3129064966782942,-0.33769961935848514,0.0554696675223634,-0.25580750486155884,-0.329765536460031,-0.08889871210788344,-0.21919010547148168,-0.21306024673853946,0.014756032507996873,-0.259057314939128,-0.3134679433115928,0.045810555825723125,-0.19249559209591652,-0.2791154987236332,0.028210870448984727,-0.1545783791562014,-0.24265417155920255,-0.08493533035468967,-0.132312788489613,-0.21248037480715015,-0.0015187048029503467,-0.14178270080641858,-0.2842392457974226,0.023887319365419525,-0.09711203671876514,-0.2685731746300512,0.013306792878810645,-0.0759960049118438,-0.24805800621855922,rhiosutoyo:U.8bf0a70a-e268-11ed-bf8e-001a7dda7115,rhiosutoyo
U,0.0,0.0,0.0,0.073550051910684,-0.22554919426696432,-0.034359932854977876,0.06676539640029527,-0.5541308348101732,-0.053392764723411035,0.07143267084898464,-0.8052954555383212,-0.07340655289257587,0.08576736505861629,-0.9930199694320445,-0.08096480346473686,-0.14130453635018142,-0.5523309387980943,-0.022467198563243487,-0.10198230341980775,-0.7372232418299344,-0.09999260594260032,-0.055138605444657006,-0.6184938462619175,-0.14288688911455083,-0.04772703907090238,-0.5213563646993177,-0.1575168444203295,-0.17115350383841912,-0.5042969161061358,-0.029133615696168107,-0.09842500554844523,-0.6964129808939167,-0.09266807321081376,-0.05478692969738514,-0.5749688439323761,-0.10837189880137708,-0.06571476510532057,-0.49497702036489344,-0.11195964013098327,-0.163943418361539,-0.4404973185078333,-0.04649927136944929,-0.06952922586687565,-0.6333536118997676,-0.10284287376668072,-0.02958032629240503,-0.5124504206189265,-0.08526545136778402,-0.036634355656433255,-0.4257327983848694,-0.06391603183271896,-0.1306196991148401,-0.37491223383431926,-0.06738131246265665,-0.036446062600081444,-0.5276327999110447,-0.09329931896620332,-0.012302301453522986,-0.4391445879771813,-0.07528379009438688,-0.012469347433477123,-0.3630529461346512,-0.059137362869984895,rhiosutoyo:U.91e8c82c-e268-11ed-b88f-001a7dda7115,rhiosutoyo
U,0.0,0.0,0.0,0.008164598239188362,-0.23254492622854356,-0.08041691612075394,-0.021061264594957482,-0.5370399163722596,-0.12637861785444976,-0.034769626870825444,-0.7943234744906553,-0.15816602375642164,-0.047178680186557756,-0.9809592550939018,-0.18839615702415902,-0.0031455507242205165,-0.4379202554160133,-0.16467764184653033,-0.10922440483289432,-0.6343293679330458,-0.266034906136689,-0.12065124653650929,-0.6096205104420687,-0.3223171660377244,-0.10216191741975439,-0.5866825425826389,-0.35542168828069753,-0.025787377831763245,-0.34401294653358466,-0.16368618299322393,-0.14251928282405937,-0.5825507721541446,-0.258484462132756,-0.1604494258265588,-0.5308763867713059,-0.2781754172779529,-0.14679419940099078,-0.46905648948874396,-0.28849702756948353,-0.05676832696266909,-0.23119110721508299,-0.16934397725174868,-0.14440743778040668,-0.47614760613157137,-0.25896076662706624,-0.17129051349076835,-0.4298722354001123,-0.24221200878761984,-0.16251050133021838,-0.3703126730598347,-0.22161659901813668,-0.09286062424505515,-0.11994914330765404,-0.17905433917483718,-0.1590274692464421,-0.26384217108903646,-0.25013583520513666,-0.18111583608566686,-0.252242065287353,-0.2487748875134839,-0.16874766530992824,-0.22459836820265489,-0.24075844553792813,rhiosutoyo:U.94e4ca9b-e268-11ed-8cd2-001a7dda7115,rhiosutoyo
U,0.0,0.0,0.0,0.0657174817115988,-0.2886830683844044,-0.008994905190492938,0.0060183920255480975,-0.5316723492073164,-0.029815249498152167,-0.03352319884033945,-0.7035821544343959,-0.0603028605663435,-0.050928289380154076,-0.8608230449904775,-0.08856906188922743,-0.2885847721145734,-0.4478907861377469,-0.02956932212266074,-0.4128879578962585,-0.6378787633578072,-0.08330051709638107,-0.4129562129322478,-0.7993310629057314,-0.11137715006115556,-0.3874828811481441,-0.9132151822605691,-0.1260755634765472,-0.31098211827595473,-0.3788385583820989,-0.0649425121374155,-0.19477360776983776,-0.6347165994113627,-0.1425407663892778,-0.10424060147895053,-0.5476596964149468,-0.15358979692616037,-0.09817790849693044,-0.46068553362731074,-0.1423558268047692,-0.2802709592833269,-0.31175834317739554,-0.10406485729452766,-0.1507546894481955,-0.5723960879880181,-0.17944189906997268,-0.08141749269010157,-0.484756170877421,-0.1559467656255832,-0.09646888355781572,-0.4008043929369285,-0.12137468809635596,-0.214608712860968,-0.2591533809561101,-0.14443164506383388,-0.13082737524155863,-0.4909312507642823,-0.18818051636550606,-0.06160222721306566,-0.44526384087152904,-0.16155127342897727,-0.04756243121400235,-0.3714789633537418,-0.13196582935794773,rhiosutoyo:U.9adcff53-e268-11ed-8240-001a7dda7115,rhiosutoyo
U,0.0,0.0,0.0,0.1118290428882651,-0.04555784330696619,-0.17370628335693059,0.08134357744592095,-0.23319122918526378,-0.25071730658085917,-0.01867704992799496,-0.4371670592375193,-0.2896217783584437,-0.08246378041646062,-0.605931733230722,-0.31951801071751734,0.018922132558244084,-0.4233514944617955,-0.26139838277520216,-0.05709446585449168,-0.6448403338962122,-0.35140604918661267,-0.08840346602526862,-0.7828985195093086,-0.38570941061960345,-0.10286905028954008,-0.9055075280059524,-0.4116722910484476,-0.07435464456984009,-0.5026022864527439,-0.208864464764676,-0.13603309353020596,-0.5629743756693443,-0.314722919102247,-0.0866866642393305,-0.43192775535492245,-0.3181977096053298,-0.045838811580246795,-0.36708097112713467,-0.31053959104499135,-0.1619555771236773,-0.5012294567110905,-0.16916495268259985,-0.20848314837528978,-0.5459747756573722,-0.2742400397444494,-0.14271618285772303,-0.4253672073425299,-0.2599384385961329,-0.08857820463934807,-0.38715531828066807,-0.2365896539507883,-0.24011063362797114,-0.4634055811645066,-0.1415155617226066,-0.2787961723987088,-0.5654776031664894,-0.23663996521452704,-0.24314154319423836,-0.557311376524137,-0.25660558498654606,-0.21026784742900906,-0.5720114408423074,-0.2583281213390197,rhiosutoyo:U.9dd90ca2-e268-11ed-8253-001a7dda7115,rhiosutoyo
U,0.0,0.0,0.0,-0.05355413203311858,-0.12027069110785625,-0.04901304266676057,-0.1325435958184214,-0.31937606871803764,-0.09471196681188994,-0.1915457292626408,-0.4526482502831588,-0.13733749270473422,-0.21736661341228095,-0.5560770271819205,-0.1834636438751816,0.00868004513664336,-0.45618448402184486,-0.1266940957466478,-0.029430135412709148,-0.6805112073331618,-0.2050778617820695,-0.044536517443613796,-0.833802707869096,-0.25876953498866856,-0.04395654967851521,-0.9522226282568792,-0.30222489635356226,0.03623298443950275,-0.4034858988186388,-0.14777937122988088,-0.13224854541377207,-0.5416920781606333,-0.2349423024495011,-0.19576981788408512,-0.47119589359926645,-0.24842928493623445,-0.18126764344950277,-0.4124369532158489,-0.25027916156417224,0.027768713538178696,-0.2953681053880762,-0.17279723646255749,-0.1462822155694567,-0.4031886628554365,-0.2543345648027564,-0.20271711246251511,-0.3395853325958169,-0.2297007618139769,-0.1797284141667968,-0.29649704572424956,-0.20460136034573934,-0.0001279545189186331,-0.1633244064168586,-0.20200176262645902,-0.14868772078769876,-0.22657745124658135,-0.2843155603143816,-0.1811077003008545,-0.18794253795737773,-0.2775427378817985,-0.1498091110125074,-0.15302148471107332,-0.2596506876239003,rhiosutoyo:U.a0d526af-e268-11ed-80d2-001a7dda7115,rhiosutoyo
U,0.0,0.0,0.0,-0.05996148032067945,-0.1881868288120696,-0.09559654481676558,-0.09768911609859035,-0.4924585248646637,-0.13834844134464175,-0.09707086894944293,-0.7618390264865037,-0.1649236824828475,-0.10138606149132245,-0.9760830987504063,-0.19230873841061463,0.00507971054947109,-0.4552439829920417,-0.16999914645900893,-0.08232164356792929,-0.6427036366792747,-0.25722726734774504,-0.15218882908377956,-0.6056840327433441,-0.30107600152191644,-0.17108405813404146,-0.5835708448073106,-0.3293749975427388,0.031099745930400362,-0.35182792464684626,-0.16027103902618176,-0.14339747864980643,-0.5329543871930745,-0.24762374291681621,-0.23483038117437063,-0.4468816038682707,-0.25985151484126956,-0.24749123617048466,-0.36554071651709835,-0.26663649419827506,0.03213321358093766,-0.22925375414174268,-0.15859965854771776,-0.1299943496015324,-0.39651266081265535,-0.2525901104024745,-0.21654584980959452,-0.30948001710801515,-0.23348130567710643,-0.2196238739939237,-0.22959563699613383,-0.21261553179930687,0.03184363772477355,-0.104278314944835,-0.16128135274129252,-0.10307147925378231,-0.1876136088211898,-0.243466566715908,-0.15833759761247854,-0.12859891213078994,-0.2397747441735177,-0.13812768339028345,-0.07292781897138749,-0.22780651876539584,rhiosutoyo:U.a3d16175-e268-11ed-a647-001a7dda7115,rhiosutoyo
V,0.0,0.0,0.0,0.11011108304675724,-0.0817676552912364,-0.05403678655460345,0.17597811161564278,-0.22659505548335188,-0.07605911397200964,0.12015033669057727,-0.32638251411610486,-0.103388011703177,0.02435942837274297,-0.37355786951453557,-0.13073044776499282,0.11594752979851881,-0.5130417322898754,-0.03379760484481676,0.14686916476828663,-0.7141208304996457,-0.0811962028174913,0.16738888559349335,-0.8382003988691136,-0.11332989688305474,0.18010412084600025,-0.9503678161055761,-0.13640029844633592,0.018754866674940213,-0.5018259384687964,-0.05292069710819772,-0.018891610397146062,-0.7230670998221376,-0.1204230715419856,-0.03937244966334303,-0.8632097548817373,-0.16573817912322267,-0.062259644919089266,-0.9802509711516343,-0.1877012790868156,-0.06366719246274471,-0.4340749535474407,-0.0796898605676048,-0.08780869101376938,-0.5306669273033833,-0.18110309827083113,-0.04012357467915667,-0.3938919594203165,-0.21181254130131913,-0.0038211883399717904,-0.28720482332283553,-0.20368710732927645,-0.13186904548485234,-0.33568003400102786,-0.1091464320306504,-0.13718107391814155,-0.3841850860563383,-0.18737758791384052,-0.0949461340391236,-0.2937906397152862,-0.19861102325492166,-0.0594290147619257,-0.21712305131104429,-0.18919179004729716,rhiosutoyo:V.aea4d6e3-e268-11ed-bca3-001a7dda7115,rhiosutoyo
V,0.0,0.0,0.0,0.11205362518139143,-0.0924990161272326,-0.04640284611769143,0.16313339236860663,-0.2568350662901893,-0.06547734278275423,0.11442860667142105,-0.3634597799889248,-0.08974151024363279,0.021083269191280073,-0.4083940372213609,-0.11378890599755957,0.08646226283798117,-0.5234462772742736,-0.033889364069620224,0.11969416011094235,-0.7196952267256461,-0.07617738940213171,0.14087289249509738,-0.8450867550924788,-0.10544954926988585,0.14978977923518036,-0.9573104296622998,-0.1273154716635926,-0.0078013056525048285,-0.508967276671196,-0.0513147312897074,-0.04704925765327165,-0.723142607821617,-0.1086687443390559,-0.06263804017800502,-0.8630891504740781,-0.14850747521591603,-0.08620754562708581,-0.9815236425287572,-0.17082036832308492,-0.08597183183682817,-0.43664346956974687,-0.07436152557270802,-0.10477522585920455,-0.55574263525706,-0.16140684993520896,-0.044212216466139743,-0.43325158203075564,-0.18348983957028467,-0.006925810034110369,-0.3347546224169825,-0.17457452529634604,-0.15203896343366444,-0.33212376388287307,-0.09989954674187518,-0.14393770707607023,-0.4082780539029147,-0.1683637301159723,-0.09397521611724123,-0.3310693863002596,-0.1750673651818052,-0.05996248345732517,-0.2596108147544193,-0.1649795710807968,rhiosutoyo:V.b1a10e1e-e268-11ed-87ae-001a7dda7115,rhiosutoyo
V,0.0,0.0,0.0,0.10266011827149601,-0.10136971439451206,-0.048556246309652856,0.1420784672957406,-0.272616173621772,-0.06548622334101005,0.08156615771542562,-0.37865217865182527,-0.08646945501105435,-0.008013862744009278,-0.41879581832835594,-0.1074637073872532,0.06066323029537401,-0.5226466946890218,-0.02798284254122583,0.09281388020712786,-0.7116123167387983,-0.07071536407116391,0.11106430572715224,-0.840204570648281,-0.10097069074855837,0.1199851447948536,-0.9517557613040513,-0.12205384046266761,-0.0292151830150014,-0.506041785949184,-0.04237597553112348,-0.08090557329876015,-0.721396661882138,-0.09788949869353411,-0.10796548507988492,-0.8635839409261383,-0.1380102688449927,-0.13510344365292234,-0.97799309619925,-0.15898604750016976,-0.10297039964539068,-0.43096639875838366,-0.06266274451544393,-0.1278323867133377,-0.5459518297624785,-0.14993441199195198,-0.07080205307733105,-0.43050138508191793,-0.17117734209328359,-0.032764497005355324,-0.33105089575178853,-0.15965833893562212,-0.1616093139635508,-0.32294582716374176,-0.08542274316660935,-0.16921216052084792,-0.40221287159275404,-0.1546792485558658,-0.12258691628013758,-0.3246359939690691,-0.1574143915720389,-0.08961995137622743,-0.2509752502577276,-0.14189957417261617,rhiosutoyo:V.b49d26bb-e268-11ed-a5dd-001a7dda7115,rhiosutoyo
V,0.0,0.0,0.0,0.11132295811274258,-0.10234587203977817,-0.04231295176160782,0.1697063485043074,-0.270489691504367,-0.06085297882369062,0.1421362137645856,-0.39687481021398896,-0.08359075761407142,0.052440835829608345,-0.4367672032695814,-0.10665612887410973,0.08885846904725457,-0.5083931614350709,-0.034598946102272515,0.12996192987835326,-0.7076402910666737,-0.06975090363537742,0.15064395169122388,-0.8279614493208189,-0.09544541629240852,0.1650753294935093,-0.9393501249715758,-0.11656536807789267,0.002455918060513662,-0.4991043789267862,-0.052907903328656136,-0.0376889640634867,-0.7265600799425136,-0.10041045546713608,-0.05941947532488869,-0.8633690382895486,-0.13516155086418388,-0.08479453872459487,-0.9841312166481986,-0.15587057009268782,-0.07479746719549077,-0.434287179980934,-0.07521170003734494,-0.06887391529512876,-0.5602489616183682,-0.1540824394310883,-0.010375453230575269,-0.43845914395376967,-0.1719289188310712,0.016438885834340944,-0.33591004900527294,-0.16252340411629046,-0.13903358938286417,-0.33544518759848996,-0.09957431636315853,-0.11924768382462861,-0.43495244908731046,-0.16457274439643932,-0.06817266429712208,-0.3559613759988349,-0.16670302193893496,-0.044411155602526994,-0.2746762593745391,-0.1537970146152988,rhiosutoyo:V.b7993a9d-e268-11ed-96ad-001a7dda7115,rhiosutoyo
V,0.0,0.0,0.0,0.10949169221652798,-0.1082200000731026,-0.044669184921212184,0.15982630499778766,-0.27656291019290824,-0.06508513210990785,0.11940688560566028,-0.38840937208489273,-0.09006765284768196,0.029478497508212204,-0.42606566024426895,-0.11624873432761271,0.0554438658187712,-0.5269697437688526,-0.04126443573199751,0.07601114221056682,-0.7321409311864312,-0.08776174364165878,0.0893952241114751,-0.8598481341164875,-0.12091038040515711,0.09580329629733257,-0.9759619105610485,-0.1456083691288616,-0.03361436442620707,-0.5010450659656744,-0.06032492306398164,-0.09824554601214712,-0.7140211842620857,-0.12052176102635963,-0.13474456701194093,-0.851391244817382,-0.1589319842075601,-0.17069877215787638,-0.9688176770034029,-0.17959464888888987,-0.10799060392410963,-0.42080302128967284,-0.08476101216153052,-0.11982353091277967,-0.5346326675078323,-0.17208260773600367,-0.050180680682867976,-0.4271420015401789,-0.19193335114673596,-0.007561971227379308,-0.3327631460918313,-0.1820711032080632,-0.16706602925396255,-0.3107808049634897,-0.11159330106243687,-0.15610198569471237,-0.3946984677760146,-0.18041123545815238,-0.09961682521390516,-0.32541209187922054,-0.183946917392279,-0.06272127658513779,-0.2563478297139911,-0.17134030182451032,rhiosutoyo:V.ba9548e5-e268-11ed-ae7b-001a7dda7115,rhiosutoyo
V,0.0,0.0,0.0,0.10990255700080553,-0.11448031462282961,-0.050393565909586116,0.1486553681242621,-0.29310191564480875,-0.07017687280761917,0.07731945150285169,-0.40145920171511734,-0.09404825362009492,-0.020944925437405188,-0.4329181154438298,-0.11762146335096353,0.04584736785143614,-0.5401395628744793,-0.03691602864076497,0.06335906466363417,-0.7356389125926897,-0.08289615121686371,0.07272798641025907,-0.8639935168049566,-0.11445423132783461,0.0767277904856322,-0.9797352770853347,-0.13781636393021002,-0.05046329137190593,-0.516985405301457,-0.05300851789609542,-0.11839070656991911,-0.7232762076008487,-0.11510122617845207,-0.15244239283623484,-0.8570322719476043,-0.1545477540211633,-0.183238420455558,-0.967328851533772,-0.17521008606614502,-0.12467956863892608,-0.4396790341299975,-0.07550965000338494,-0.15345791034534795,-0.5563623990879918,-0.16637563248364035,-0.08787124732736104,-0.4344510227734218,-0.1863985177459484,-0.04359781962591158,-0.3312180013216604,-0.17477544502020118,-0.18031980432019165,-0.3307247115638151,-0.10118121142371131,-0.18221125607602717,-0.40354434988513044,-0.17166010876391422,-0.12846533907254612,-0.32917926145069637,-0.1776248070722376,-0.08863134000908275,-0.2591007588778437,-0.16599234965667303,rhiosutoyo:V.bd918cf1-e268-11ed-9035-001a7dda7115,rhiosutoyo
V,0.0,0.0,0.0,0.10924043323780971,-0.11261890276764647,-0.04686498363174343,0.1617302169734078,-0.2961308149988362,-0.06714485151528114,0.12119594512047122,-0.42023522572953437,-0.09134048211855077,0.022392230993574277,-0.43918447324229354,-0.11601584895286524,0.058367087497909045,-0.5372473352930481,-0.04160425803617193,0.08225565562266328,-0.736753921738553,-0.08331393657317385,0.09510838078362438,-0.8601029394455274,-0.1132967952903663,0.10343380952450215,-0.9749031684130156,-0.13692545548101673,-0.031459892280301494,-0.5211133256696299,-0.05969961025964878,-0.08532646447044488,-0.724845253794619,-0.11488272490553689,-0.11693876060640995,-0.8574885138829121,-0.15166584642337727,-0.15107124223965232,-0.9734544114710736,-0.171941817355971,-0.10472059135414469,-0.44846859217909363,-0.08233518355084168,-0.1127709384980548,-0.5566841647063541,-0.1621452795678105,-0.046461548618644474,-0.4424381483106087,-0.1792274418017202,-0.010170840645325781,-0.34423650303863385,-0.16863374027728198,-0.16137239922532812,-0.34217168848207113,-0.10822076216171168,-0.14913978105679523,-0.43032682741367273,-0.16832402039458041,-0.09548975854803854,-0.3617664436298691,-0.168137185323639,-0.06415613323027956,-0.287100702488142,-0.15407668721593823,rhiosutoyo:V.c08d914c-e268-11ed-b101-001a7dda7115,rhiosutoyo
V,0.0,0.0,0.0,0.11617965531921445,-0.10584973230231415,-0.0379713416038792,0.17515585413208276,-0.2823369243569042,-0.05215023804831881,0.1310598212767364,-0.39753899489170136,-0.07276336919904203,0.028304641894112026,-0.4218374446315704,-0.0954736475393028,0.09362975680476163,-0.5339090898558598,-0.025855275912755105,0.12295373795204911,-0.7277570278353466,-0.06199199519715726,0.1413093835105109,-0.845063888118695,-0.08885964441491648,0.1538957047637154,-0.9556325381600269,-0.11133580983969715,0.0008335152979679999,-0.5206609934113057,-0.048318333520365485,-0.05018837437030219,-0.7361453680549923,-0.10162061574639637,-0.08071379064840489,-0.867082245618163,-0.1389024062888872,-0.11261793285720867,-0.9806998003405225,-0.15982835421485292,-0.07502250743356464,-0.448527166169526,-0.07530913874499634,-0.09142927973197283,-0.5700939764202251,-0.15668664111393185,-0.03395201663982166,-0.4475404683066099,-0.1791376937939857,0.002533601515004212,-0.3436296677241688,-0.17203714547970236,-0.13686783474252953,-0.34300649884718687,-0.10437023864490635,-0.1358287781013294,-0.4330167065645594,-0.1678007756029674,-0.08447417822168464,-0.3563545077705551,-0.1728052537278994,-0.047473505439339925,-0.2744302517590044,-0.16270399649092196,rhiosutoyo:V.c389a19b-e268-11ed-9c26-001a7dda7115,rhiosutoyo
V,0.0,0.0,0.0,0.11761548490027196,-0.10301325021829123,-0.043086427040021746,0.17182860144664694,-0.26998153767347377,-0.05915686271312831,0.144836400946523,-0.40296883654424664,-0.07835431627180668,0.04416143765738314,-0.4303732754511329,-0.0992624695936317,0.08296486238948758,-0.5089478567479417,-0.02444276267580195,0.11804720541023514,-0.7043804384938054,-0.05626619207117353,0.1412895718013415,-0.827960416364723,-0.08252621131638443,0.15328033556430654,-0.9412286401325439,-0.10453105676825161,-0.004870887921082692,-0.5064282196834191,-0.03872956970432132,-0.06504473138097887,-0.734778747966177,-0.08170810783030087,-0.08414610069136638,-0.8672793563778067,-0.11556807561750396,-0.10726628749845867,-0.9849447415349759,-0.1355647435320017,-0.08099188300139548,-0.4464859163124933,-0.057679563434959336,-0.09575410268698444,-0.5914759289351834,-0.1359478040490725,-0.0311831702619155,-0.4654223757753408,-0.16213776195754032,0.00714732460438462,-0.3583484468869244,-0.1577970914250569,-0.14660615809825264,-0.3506357067446632,-0.07814469354893724,-0.13686394771103444,-0.43365133848115367,-0.14779825502509072,-0.08501490110027736,-0.35415320409878026,-0.15832028366863585,-0.053046507927940655,-0.27702362995090374,-0.15070891926598556,rhiosutoyo:V.c685ad2c-e268-11ed-95fd-001a7dda7115,rhiosutoyo
V,0.0,0.0,0.0,0.10098512907722793,-0.06512366483198098,-0.06616815949051497,0.14959339325988796,-0.22157698192813896,-0.09861426321551277,0.12179491791066725,-0.3486935681221549,-0.129555649049892,0.02220321576083594,-0.39125202399995657,-0.16204733989670253,0.043314887638388415,-0.465850208233551,-0.07910897042050137,0.07175004467254559,-0.671210772849153,-0.1367238235308292,0.0912472065314649,-0.8099782263510705,-0.1784945386459353,0.09946309621125662,-0.9324612369739167,-0.20897661475788826,-0.055405726755649115,-0.45980549400913584,-0.08868389218838932,-0.11979937067487983,-0.6923855329537332,-0.15844712793236937,-0.14394233389803263,-0.8358705751688997,-0.20621922819919744,-0.1659208615260876,-0.9579441784650463,-0.23412223016059,-0.14046895474042756,-0.39415173132918463,-0.10210005429604395,-0.15115570854659505,-0.5528632151005961,-0.20695026792803636,-0.07092441178839917,-0.4385882571107058,-0.23121049296446908,-0.01853853428997018,-0.3362169895596385,-0.221596630870116,-0.2053329782107401,-0.2891244886054812,-0.11752034520577115,-0.18050019812510446,-0.3870452539994619,-0.2113498880585418,-0.11304548208229756,-0.305534637715798,-0.22054178395864094,-0.07158609365274167,-0.2221207162376034,-0.20757358744811785,rhiosutoyo:V.c981cc38-e268-11ed-b127-001a7dda7115,rhiosutoyo
V,0.0,0.0,0.0,0.1256255494663501,-0.03462981714982337,-0.04244128374380518,0.18702167027429054,-0.204450837550445,-0.05846659987522291,0.15421562985603904,-0.33677203672555733,-0.0799204553233501,0.04765081829470703,-0.36335999159678223,-0.10694219710686624,0.08827828702329749,-0.48015689118653204,-0.021588641735520192,0.11861811015172607,-0.6619344655837948,-0.05004871355807353,0.14003433512851823,-0.7992976747802837,-0.0784126622810728,0.14779776800599728,-0.9174941632674576,-0.10686193213348479,0.002077699213053557,-0.4700806979610452,-0.043965600512493964,-0.056595074111587804,-0.6943730305159606,-0.0865262730577074,-0.0832524438703729,-0.8436118310583504,-0.1305487039684376,-0.11425959940212957,-0.980104595528022,-0.1622951809799581,-0.07720308397425507,-0.40706057672454804,-0.07127741970130938,-0.09391192744493292,-0.5781749466013371,-0.1617782421534904,-0.02943807113254516,-0.45264703988809846,-0.19980881140560353,0.01069130407754509,-0.3436455219872926,-0.20511467177708476,-0.1456813837862905,-0.30340272208107816,-0.09942179652864766,-0.12941263840125297,-0.4075093997868133,-0.18890095469131224,-0.06328725949139602,-0.31621958443463416,-0.21103753555070096,-0.020373846887071466,-0.22340110185437378,-0.21258176018195538,rhiosutoyo:V.cc7de51f-e268-11ed-a0cd-001a7dda7115,rhiosutoyo
V,0.0,0.0,0.0,0.11728668311001136,-0.03846587151528127,-0.05381706842637614,0.19212183725614979,-0.1901812846430636,-0.07767183121361632,0.1752197032023984,-0.31368613197523587,-0.10455190067348988,0.0743985694113086,-0.3548461241673136,-0.13616603733999488,0.1019681984009965,-0.46842991606664014,-0.0470198027112779,0.14537939003671235,-0.648647373913141,-0.09066089042697265,0.17902873076008466,-0.7755707620935092,-0.12776017726838118,0.19869769680895139,-0.8909103976796477,-0.15798759107726335,0.011591039567307318,-0.47473758332769034,-0.06561738075175898,-0.0295805167342198,-0.7113644502435037,-0.12290466711097364,-0.03652832873890111,-0.8555172526162874,-0.17047189869486587,-0.04826542459267908,-0.9785590603331086,-0.20023140170530696,-0.07680168640237121,-0.41766759430763745,-0.08870239760299407,-0.06459410554770623,-0.5717279870543189,-0.19103646937778643,-0.004226127560156138,-0.42681987408078464,-0.2215225113262555,0.02932578950141633,-0.3126615201955264,-0.21575433749320055,-0.15444232518342849,-0.3116502150623066,-0.11300240335598319,-0.12211747102315933,-0.4187284825402773,-0.2060174563445825,-0.05713557177775228,-0.33025876811590815,-0.21887698367101532,-0.02044597915639225,-0.2436142820350475,-0.20998349044991327,rhiosutoyo:V.cf79f940-e268-11ed-b230-001a7dda7115,rhiosutoyo
V,0.0,0.0,0.0,0.10809556731788739,-0.11164967212192287,-0.04275385350499746,0.16026092868117056,-0.2867161562867025,-0.05884725483682157,0.13636534124756872,-0.4242651137088197,-0.07914153183753034,0.048474743265978296,-0.4710840801437123,-0.09832401347620078,0.06500479144633717,-0.5314849085905587,-0.02526309302325528,0.10083297662158702,-0.717198093720447,-0.06073647148675721,0.11847224749374026,-0.8363846355407436,-0.088994519675996,0.13077806506469355,-0.9430116204027807,-0.1124822684275575,-0.023194902689187964,-0.5247046648638102,-0.04104217458468585,-0.07757077747100753,-0.7438429837355622,-0.08726537738657407,-0.1043400740958912,-0.8727013462688492,-0.12248805617964018,-0.13215680757952988,-0.9805461799967135,-0.1451336181049723,-0.09391772250021059,-0.4610577423400663,-0.06168162774352141,-0.11055982012373002,-0.6123792629128698,-0.1349509162218339,-0.040259398325337266,-0.5075961676952127,-0.1530792971074257,0.0010204681775770343,-0.4062385124590049,-0.14711126572844552,-0.15084167843432078,-0.3637285234180246,-0.08538568953149737,-0.14015281281288122,-0.46667975218043384,-0.14721145897121204,-0.08584966162643634,-0.4025144966141112,-0.15369554817121656,-0.05223608109380253,-0.3261984725200164,-0.14567661329678627,rhiosutoyo:V.d2760db3-e268-11ed-9e5e-001a7dda7115,rhiosutoyo
V,0.0,0.0,0.0,0.10532877255063375,-0.11954844928469609,-0.04830358844408106,0.14246880005844148,-0.29677129665012336,-0.06725031763342446,0.0796752491153817,-0.4128385288506725,-0.0899837825677479,-0.0145757061584538,-0.46976096509186255,-0.11193259686830305,0.048937738467190774,-0.5398040148696076,-0.03136306069120626,0.07676424394711656,-0.7384292595110294,-0.070324635812667,0.08750151926168982,-0.8656767995468313,-0.09807801427913547,0.09153354338265118,-0.9781513960383537,-0.12026810843605236,-0.04104031709763552,-0.5172562742150436,-0.0462698682926674,-0.10020292363848611,-0.7318022655527174,-0.10305616290871027,-0.1342258716284961,-0.8630953129118374,-0.14226643137026096,-0.16826417042659464,-0.9718433526979523,-0.164947466690015,-0.1115552334065053,-0.4413624256416824,-0.06732589872636478,-0.12714974126735668,-0.5827665993302573,-0.1524216058641717,-0.05194367266826447,-0.48389555188672795,-0.17633285813273536,-0.0049075212469597805,-0.3934711841033516,-0.17132559079671963,-0.16573233477325205,-0.33765783235871777,-0.09100837498669813,-0.15277607054109876,-0.43390676135474593,-0.15911387492037937,-0.09684068670486508,-0.3667485702650203,-0.167660653692623,-0.06121218995314505,-0.2973796806051096,-0.1604682534868368,rhiosutoyo:V.d5721876-e268-11ed-a09f-001a7dda7115,rhiosutoyo
V,0.0,0.0,0.0,0.10603079823606502,-0.11436285578252145,-0.048085042539151336,0.15033444847577668,-0.27813014209202247,-0.06960034288114247,0.09967998392928004,-0.3932584486645811,-0.0952972107340871,0.013595290243750347,-0.45616376672745707,-0.12043175832516612,0.07357490455082183,-0.5254125306580293,-0.03160675297849141,0.10152807514024288,-0.7168953770682207,-0.07076894481278964,0.11621918230775989,-0.8363729698285193,-0.09952622882558382,0.12434579043491982,-0.9453175089428095,-0.12135893551726024,-0.013046818312995532,-0.5087638459434434,-0.0469729987954798,-0.050522006017937555,-0.7298352229831522,-0.0989863823029387,-0.06590418608445525,-0.8658562618103464,-0.1379550984314596,-0.08748669092531121,-0.9829379849290768,-0.16179924812713126,-0.08763657364512709,-0.4364945421116192,-0.06803791955208435,-0.09762626992398332,-0.5698719583688279,-0.15129505058890705,-0.03654650431721066,-0.45876369878802264,-0.1728608139027159,-0.003978436982781965,-0.36328935982801236,-0.16562013054469324,-0.1501930611327925,-0.33596077281075637,-0.09163385037392562,-0.13486497407793765,-0.44244841427032033,-0.15732401581067385,-0.08707995308761536,-0.36823349576900655,-0.16124961675081395,-0.061969006173499847,-0.29024108195323534,-0.15035593219111332,rhiosutoyo:V.d86e32f1-e268-11ed-98f3-001a7dda7115,rhiosutoyo
V,0.0,0.0,0.0,0.10282685524784957,-0.13491361680035258,-0.03989218579357718,0.13951953900095113,-0.3164989681044625,-0.055646058010568315,0.08475648398178337,-0.4453363106171024,-0.07620542673291149,-0.006511188580974337,-0.5030007029540831,-0.09637046704890534,0.06408441085730215,-0.5195845280398279,-0.024413300015660246,0.09918703149173554,-0.7159379976476518,-0.059068256863561104,0.11674124958811928,-0.8378938347186282,-0.08318085903355352,0.12440588706206403,-0.9479086305972836,-0.10119184450201585,-0.022086506381459894,-0.5083334804763145,-0.03966932129607226,-0.054934658725087494,-0.7313664054976055,-0.08589906777455579,-0.07142212448274286,-0.8686593908877543,-0.11841575006878936,-0.09836489048355178,-0.985575375636281,-0.13771538497772362,-0.09656779348819004,-0.44228555818516746,-0.05965106527876505,-0.10475019459412514,-0.5800162314425528,-0.13442117314314492,-0.04166641765079918,-0.47317064644559126,-0.1499070655504778,-0.011004736300532633,-0.3780291857414327,-0.13923732777752076,-0.15954867978406673,-0.34750841984310754,-0.08185227795648184,-0.14404109087064126,-0.470336053843428,-0.1400080234619799,-0.09127661957557938,-0.4005328913307673,-0.13903019324693294,-0.06302401089767717,-0.3173079570037984,-0.12489459519841334,rhiosutoyo:V.db6a4744-e268-11ed-801f-001a7dda7115,rhiosutoyo
V,0.0,0.0,0.0,0.11559752744174875,-0.13458170373120348,-0.035028995662221216,0.16798108057737698,-0.3196800415135369,-0.05043788074734856,0.13926147479502762,-0.4533087988634096,-0.07201632571920963,0.05103723006194823,-0.4853428540775274,-0.09316831852953994,0.06463522627358133,-0.531664890529895,-0.027043478215347166,0.09954356805766044,-0.725604127551882,-0.06335860942529646,0.11817520567744268,-0.8439891163762488,-0.08938564119266286,0.13116001010075348,-0.9519758568440156,-0.10998512773831429,-0.023214196433973693,-0.51692715837234,-0.048964099763490934,-0.048757758170104686,-0.7307870052994215,-0.09901309406581708,-0.06385504248383522,-0.869309755775551,-0.13416262432404194,-0.08577831350967303,-0.9841753948282844,-0.15505119524217412,-0.09708698343703408,-0.45391622006157106,-0.0750781009829545,-0.07650568534767808,-0.5689240819671917,-0.15378874547702423,-0.009265259562251106,-0.47106286288719273,-0.17577325134229962,0.026241448032352448,-0.37686321643171444,-0.16974477128770976,-0.14988193526197538,-0.36012051491735186,-0.1032692594226802,-0.10800946771516941,-0.45030241016792005,-0.16486550426365199,-0.04760577081737989,-0.37844258256958235,-0.1702587533144206,-0.014997941384653856,-0.29217279233482574,-0.16087882546730028,rhiosutoyo:V.de6657f7-e268-11ed-9150-001a7dda7115,rhiosutoyo
V,0.0,0.0,0.0,0.10214856650541694,-0.15063955081801159,-0.03345792856738876,0.12985696295296362,-0.3434537968310074,-0.04769432437428582,0.07083613542072394,-0.46545859459703753,-0.06812677396291582,-0.02397920480938064,-0.49506674770208603,-0.08949967553710221,0.014938096811981941,-0.5405627298502008,-0.03039326216557085,0.024356136789105424,-0.740411481109616,-0.06925209123959418,0.027688234969561406,-0.8648031251534589,-0.09652681502616584,0.02441447845728505,-0.9778369418020392,-0.11870666271198527,-0.07094337110797896,-0.5088647957226782,-0.05385015259849257,-0.13312102832002484,-0.7163945831022628,-0.10809825547214759,-0.16970398142509183,-0.84965396591252,-0.14567050892632558,-0.2092300233237877,-0.9631722424234131,-0.16888466112995926,-0.1374502430747528,-0.4256187349105708,-0.08115865538305346,-0.16299848812376558,-0.5649489627586176,-0.16406309723892415,-0.08266722185719666,-0.4770595285094561,-0.18693275114480937,-0.02915154919782631,-0.3889528957293421,-0.18216980894248141,-0.18339581644209482,-0.3149004688785221,-0.10978217717691809,-0.1773381201942956,-0.41562020020498225,-0.17611253881287633,-0.1120443458521916,-0.35432502159818097,-0.18285013707642914,-0.0681564607199027,-0.27668229329087124,-0.17510545107286163,rhiosutoyo:V.e1629c06-e268-11ed-a0ff-001a7dda7115,rhiosutoyo
V,0.0,0.0,0.0,0.09852754264060223,-0.14340342660782782,-0.039174609888844615,0.11998142297368702,-0.34059564920919017,-0.055080822506601394,0.05832308296560922,-0.4662827404313004,-0.07590742401890357,-0.03673501450204738,-0.5132557747481177,-0.09631144466684327,0.033947753767145136,-0.5302425543365438,-0.028644556934177064,0.0641539996132895,-0.7293983842922634,-0.06396974356607323,0.07964618516878538,-0.8511433305328999,-0.08855493756303495,0.08609163921620538,-0.9608660893640514,-0.1068554889920864,-0.05268718148557279,-0.5079299068332769,-0.04476648088856826,-0.09848063209224178,-0.7335047622740875,-0.0906680492497468,-0.12233616660946231,-0.868383371785166,-0.12323938969622979,-0.15347085423199808,-0.9777863278603042,-0.14276061764633366,-0.12415756772389781,-0.4354412206954731,-0.06479119657462977,-0.1387292374502695,-0.5839301562591553,-0.14106453405278838,-0.0706019420395027,-0.485965263712346,-0.15698141444259375,-0.034421836008336065,-0.3903757591290776,-0.14641656450577423,-0.17634412426115237,-0.3343387589769872,-0.08667175898897692,-0.1621799035216207,-0.45449943738596127,-0.14922351338585035,-0.10061741217816939,-0.3843490900163333,-0.1496446714965973,-0.06511303923261937,-0.2959605850118386,-0.13514366711984327,rhiosutoyo:V.e45ecbda-e268-11ed-aad7-001a7dda7115,rhiosutoyo
V,0.0,0.0,0.0,0.09970559498420266,-0.1287909826678343,-0.03766202649103083,0.1373982417663546,-0.3238332562135033,-0.05232229353474836,0.0628094431698883,-0.4649989734408741,-0.07246002476989809,-0.030810564594881074,-0.5381314176773792,-0.09253041593150726,0.09442251567565266,-0.5226600663350093,-0.020053827041464637,0.13279452725054003,-0.7182897506419584,-0.056840623037170704,0.150737833699009,-0.8415484346219978,-0.08277165990758692,0.1603659732009757,-0.9539679821478045,-0.1034072310512075,0.001800705342189685,-0.518236886767714,-0.038056867251628476,-0.021371661698849402,-0.7385055584759854,-0.0873856526451524,-0.03214626900820125,-0.869276608177349,-0.12293261369929503,-0.05100256508530427,-0.9881461370483031,-0.14479623679928808,-0.07755176183225064,-0.4583829762048056,-0.061438850131384594,-0.1088463927851706,-0.5983631170521361,-0.13738654330261266,-0.05280405259894706,-0.4784400032338528,-0.15898056167986438,-0.01767243069711639,-0.37984963808462696,-0.1542235171163838,-0.14463572310762893,-0.3652574474555445,-0.08703492818772408,-0.15249004441110633,-0.4562881255105335,-0.14652362578917835,-0.10271793279296412,-0.38147968339289284,-0.15415912240722135,-0.06533766573489506,-0.30454353937994977,-0.14830990984520145,rhiosutoyo:V.e75ad5b6-e268-11ed-93ae-001a7dda7115,rhiosutoyo
W,0.0,0.0,0.0,0.09647994501621258,-0.1744710419470504,-0.041555764550857514,0.15032864542845134,-0.39878234342867064,-0.08093555303939363,0.20382266436565452,-0.553467189772189,-0.12095640803619033,0.2769499320161555,-0.6496826008182061,-0.15743083339310948,-0.034124966562996635,-0.504042047680319,-0.11012342964791282,-0.10198012452032226,-0.7011716818504782,-0.18760461920352695,-0.1443168703935966,-0.8306037473812297,-0.24294033140674665,-0.19258503509890945,-0.9391943512920533,-0.28429733512126165,-0.11872915952539395,-0.44417870236883933,-0.12750092274969502,-0.02641119313151708,-0.4640330994554339,-0.2196732013220794,0.05532288222125744,-0.334282816608908,-0.23898019287893232,0.06749634050126273,-0.2455427270269798,-0.24400121054025087,-0.1674527041825909,-0.32802111014911745,-0.14715366965926438,-0.059479543153700895,-0.34345405910974486,-0.22551402950845342,0.004599970572349909,-0.23808968921577273,-0.19929482186360184,-0.013416784821479398,-0.18382494287529733,-0.1715572976938203,-0.1996850795906023,-0.207462834116341,-0.17211114986745912,-0.09754449588797574,-0.21003423260646098,-0.22392026298269113,-0.04387136364995737,-0.1666795289538127,-0.2052955183778477,-0.06358344922610218,-0.15281335713254998,-0.18491646365716163,rhiosutoyo:W.041635a1-e269-11ed-9288-001a7dda7115,rhiosutoyo
W,0.0,0.0,0.0,-0.09669661454535547,-0.162733536775336,-0.047334819557643515,-0.14434993109780608,-0.4007108558981018,-0.09332314807081166,-0.20635129777944355,-0.5698110607952412,-0.1460612986723049,-0.2701005379540737,-0.6662413561257713,-0.20256232851644268,0.0979651134516624,-0.5088485439123573,-0.08520453484494273,0.21105203678204673,-0.7222589397721505,-0.14991017469410206,0.28260074245424105,-0.8272669672903384,-0.18551045975493233,0.3496336985476687,-0.9121975989247068,-0.21366285909319319,0.1863753080581921,-0.44014740522945023,-0.0991759801556071,0.10035850374920502,-0.523263788428054,-0.18455293974716772,0.010047609392559716,-0.3727403730696602,-0.18579394887682896,0.006931059996298839,-0.2796136651685722,-0.1734378128288354,0.2472669430577455,-0.33577813410497437,-0.1197448246174384,0.15218688614638032,-0.4046974496831039,-0.19535163334457714,0.07203381636504558,-0.2770455284939173,-0.1596488794050811,0.07379951275933812,-0.21124665466980377,-0.12321833138822418,0.29323958050371324,-0.218341398552753,-0.14697132935469515,0.24303349184669368,-0.3035778875623016,-0.19407787207301572,0.17316218750603055,-0.2402531192439163,-0.16320397204302398,0.16413580987185908,-0.1952769253832646,-0.1297981701161636,rhiosutoyo:W.071253a3-e269-11ed-b0cd-001a7dda7115,rhiosutoyo
W,0.0,0.0,0.0,-0.08253484472446847,-0.1696998550941648,-0.04212666360907724,-0.11645577936045487,-0.4136943474080053,-0.07847323721029412,-0.17157600985369234,-0.5802618889764617,-0.12089405824659163,-0.23222426850794622,-0.6890026790807249,-0.16694299509670923,0.12346549286150316,-0.5073127319796354,-0.06465770108418752,0.22003532511332494,-0.7162770464999015,-0.11566199582286527,0.2838520704623906,-0.8298622120776024,-0.14896119148459147,0.34621420982706597,-0.9210105148282818,-0.1785366978790741,0.21176318821904436,-0.4423620891342633,-0.08162654228874339,0.11370116222052379,-0.5189944426678356,-0.16525296038603182,0.017478713642940246,-0.3929333733596098,-0.18004049886823306,0.00674478040219643,-0.2986204235242469,-0.17705116029861745,0.26779017295678853,-0.33935868698537996,-0.1035428158708216,0.1558619001918157,-0.40432691120344477,-0.17587553230275882,0.06951876847431657,-0.29732061445344965,-0.1491329887772394,0.0631617886950772,-0.2246960055548355,-0.11882870164587411,0.30809051877855326,-0.2201323257902501,-0.1317809064867538,0.2351116553244186,-0.30213710223227125,-0.1767556113611111,0.1551438930978259,-0.2584001032609454,-0.1506920852043643,0.13414223611980983,-0.21350717955626136,-0.12110499682801444,rhiosutoyo:W.0a0e6d59-e269-11ed-a33d-001a7dda7115,rhiosutoyo
W,0.0,0.0,0.0,-0.0671341756663533,-0.18309626164862433,-0.040709406016103095,-0.08503332830702368,-0.4119333893128364,-0.08328928981396937,-0.1389142685301784,-0.5770729103114215,-0.13321140637020334,-0.19437424653703633,-0.697652391984947,-0.18772955019623433,0.15022204658432067,-0.4974577598574751,-0.05867929471717723,0.25069931634393966,-0.6921248514137625,-0.11888806944691924,0.3280004098157403,-0.8079646764171526,-0.1611686136787366,0.39174724787108006,-0.899071087226385,-0.195461694198635,0.22824580599072455,-0.4226407624112563,-0.07893495165328704,0.15827582961065673,-0.5321909594639594,-0.1747446803266639,0.05863930845469379,-0.40428490233981856,-0.19469059166151453,0.030024607761592197,-0.30241516541359986,-0.1892112606107913,0.27661174057217874,-0.3133185557426474,-0.1050873391670162,0.18314803635736288,-0.39943406629512895,-0.17812847545760582,0.09984979662283679,-0.28918772649194824,-0.1509677016895254,0.08922162974550467,-0.21397724125931647,-0.11805732380782431,0.3073611942561105,-0.18623489899204815,-0.13794488640841895,0.24754342076426963,-0.2885577100361403,-0.17856659622210014,0.17861638685040523,-0.23265392285928846,-0.15051606954270677,0.17173997886734807,-0.17678265383283737,-0.1192438616120576,rhiosutoyo:W.0d0a7a2c-e269-11ed-b397-001a7dda7115,rhiosutoyo
W,0.0,0.0,0.0,-0.059721012760488974,-0.20476925490261827,-0.031057715268734264,-0.07216619127712426,-0.42058861540857645,-0.07671904812084934,-0.12254097000040859,-0.5732797589373996,-0.1324680955450314,-0.18089457418299335,-0.6891372770012701,-0.19330635898697587,0.18917537203055662,-0.5160036267267367,-0.050134435797118224,0.2732925561966474,-0.696877722115999,-0.10469870528935372,0.3398351629320885,-0.8053071864888107,-0.1529774166007711,0.4028846982280462,-0.8939487469611411,-0.1963149452800316,0.2676339421393716,-0.44512580306925636,-0.07994761864908609,0.14457543350089913,-0.529741124910929,-0.15799930184769728,0.04757313603003755,-0.407233028763615,-0.18025941381113053,0.03337648173376928,-0.31088928618589545,-0.18759653671796347,0.30317524793676726,-0.33396834780521323,-0.1143687939346578,0.17222755347120328,-0.4198747318446522,-0.16775041870262708,0.08744786236405748,-0.31754722944954034,-0.1366907689208204,0.08485352254770265,-0.24529445239541267,-0.11326615011210808,0.3144617578607222,-0.2017294115033414,-0.15686291966157193,0.22571924052806835,-0.3074874711254944,-0.18553712679597154,0.14777802941877574,-0.2567332958025603,-0.1522408536709824,0.1398142935969614,-0.19973039381352028,-0.12320942406939955,rhiosutoyo:W.10069406-e269-11ed-a2ff-001a7dda7115,rhiosutoyo
W,0.0,0.0,0.0,0.08362644261890256,-0.1630589397536011,-0.04725503348346732,0.11753707076300964,-0.4077470271215877,-0.07766379440786131,0.14579944962116864,-0.5840281346101479,-0.10827967475409397,0.18788458731044835,-0.7107127416887892,-0.13552413211969455,-0.07777229241535398,-0.4957916433811003,-0.08780956913559955,-0.1456176733342407,-0.6980456274719393,-0.15806033586211196,-0.18284571871478292,-0.8332164941680875,-0.20472251443042275,-0.22281854862540912,-0.944978614580958,-0.23951474354018235,-0.14710274071540827,-0.4381620149825083,-0.10015298200353438,-0.06515539109257837,-0.48450430842860687,-0.1961526601624459,0.009243286787758298,-0.34467794905058163,-0.21269949187367396,0.015818090202908593,-0.2539727039493777,-0.2114263799443551,-0.19061534589246687,-0.33872477565369113,-0.11784761548640672,-0.09737757560856916,-0.3843814807583516,-0.2068790039454824,-0.03964041494147552,-0.26142684080191,-0.17953188832833294,-0.05141304769703277,-0.19744607610665102,-0.1460340438357914,-0.2218129816554383,-0.2245292467577892,-0.14037684131966158,-0.13273250237813364,-0.26106945964520284,-0.19950011630432118,-0.09009941765109784,-0.19162998297551997,-0.17941350932666073,-0.11039047619839204,-0.15453733474696932,-0.155681476628765,rhiosutoyo:W.1302baf6-e269-11ed-8354-001a7dda7115,rhiosutoyo
W,0.0,0.0,0.0,-0.07689249876084808,-0.13097313192323382,-0.04732137661060973,-0.12268220149405906,-0.3216991654210664,-0.09853556411549995,-0.19872055405597028,-0.4514340327388905,-0.15484986239743462,-0.26442391752569017,-0.5777041880133177,-0.21769482718666813,0.09273423451632735,-0.46418393017341564,-0.10028807623332255,0.17703945388358863,-0.678660985279916,-0.18373523484601895,0.2422021729451347,-0.8055466745581584,-0.2390370828616536,0.3121141967536919,-0.9077595030309342,-0.2802809534053806,0.1751870046364473,-0.3767479658784556,-0.1258522961139386,0.02779236104913516,-0.4643341591520596,-0.2435735819633925,-0.08692118266005575,-0.3084218923055231,-0.25639198763537185,-0.09346873727718248,-0.1951528407068565,-0.243013343693296,0.20895096758668041,-0.2435643539685577,-0.15751642676836516,0.04953778081416976,-0.319124132778142,-0.2606001700751379,-0.049656524677529075,-0.19755313095995103,-0.21687934864494027,-0.03877436926042637,-0.12182648103935798,-0.1655382578528413,0.21677591830964213,-0.10134046588570998,-0.1941517057298644,0.10042627307405166,-0.165393109739791,-0.2691000548453046,0.014462687706010948,-0.10781537984400137,-0.2364739414720912,0.018577792273716684,-0.05835203883811178,-0.19343946744338916,rhiosutoyo:W.15fedcf6-e269-11ed-9cdd-001a7dda7115,rhiosutoyo
W,0.0,0.0,0.0,0.09379414738253075,-0.1766264120889973,-0.004345283937437909,0.13845860672910412,-0.3725261361123692,-0.029804392932542105,0.18093516586179242,-0.5157120719243907,-0.06601377089968638,0.23210383789553365,-0.6201601585618193,-0.10164558316349613,-0.03264298429305604,-0.4824624282934933,-0.06667553144619644,-0.1014936163961642,-0.7070475188325077,-0.13619920079345776,-0.13255810843153573,-0.8403259616040241,-0.18200275384939923,-0.17723719435437746,-0.9607795474416195,-0.21328300015534654,-0.09152467210234369,-0.4362308638224376,-0.10345748711059041,0.019154925015048247,-0.5422336868017322,-0.1833681054780727,0.09456199355414817,-0.40414054814945394,-0.19639123105238282,0.08668995057353653,-0.3191503235362288,-0.19457288503100928,-0.12242130208792415,-0.3528002837981485,-0.1409504698514587,-0.0038016336855315608,-0.46339663704523465,-0.22536332509123214,0.06489164001651514,-0.3265409656442232,-0.1989620481614273,0.04822441094638234,-0.25309611611873367,-0.16437634286624608,-0.12867274005099144,-0.25787596344529923,-0.17793441828870618,-0.0316060680170659,-0.37147655655893863,-0.2321860584720021,0.03197624801107885,-0.2901604493723687,-0.20196621440427448,0.026930177363441173,-0.2185285099846228,-0.16963945619931536,rhiosutoyo:W.18fafdcd-e269-11ed-a3da-001a7dda7115,rhiosutoyo
W,0.0,0.0,0.0,0.0808520133713827,-0.16905509170767138,-0.05055255152777813,0.10671552609763216,-0.40483966449889297,-0.07931684544134399,0.13474344796697152,-0.5826428001034208,-0.10710843497890267,0.18803908178137316,-0.7079737722613094,-0.13126943768448593,-0.06565852582521318,-0.49296616494160106,-0.07695885651689896,-0.12941860104070202,-0.7037741662699584,-0.14020672031465337,-0.15545075026036217,-0.8399104649805472,-0.18061862665706918,-0.1891484291912088,-0.9590231470521564,-0.21094424655030622,-0.12388589983185658,-0.4395236708272463,-0.087225544796238,-0.059497204737931686,-0.514096503334435,-0.17042829696130557,0.01705499087031184,-0.3687297819202569,-0.18251589041264774,0.02173006095293771,-0.2802144061365626,-0.17837072490494058,-0.16744705914718674,-0.34863685725555277,-0.104139403227909,-0.09357766993197307,-0.42174913673046,-0.19385117314262074,-0.026616081459389436,-0.2900762352457129,-0.17093655434865213,-0.03401369174775209,-0.22372014879689944,-0.1369122325159421,-0.2024490391819038,-0.24069608486063074,-0.1248276707029071,-0.13697370171397577,-0.3218019818145044,-0.1858965541428143,-0.07649667147516216,-0.25074037989410786,-0.1656821962381718,-0.08332562382062832,-0.20006851937957154,-0.13984870318145773,rhiosutoyo:W.1bf71367-e269-11ed-ba5a-001a7dda7115,rhiosutoyo
W,0.0,0.0,0.0,-0.06622052685799884,-0.16726457803835307,-0.04039626086623401,-0.08671127064299075,-0.38478862067930053,-0.08769771024364859,-0.14777362882520703,-0.5316176129198055,-0.14062762160719922,-0.20925236254452084,-0.645818862009089,-0.19931464087202305,0.15391567249118013,-0.4744925484540309,-0.09270996109902092,0.23982558278436664,-0.6788923534466592,-0.16518992452398457,0.30386310898044766,-0.7960950042266198,-0.21988318880961208,0.36697393614862134,-0.8915284118610447,-0.2655319585890016,0.24615171062694557,-0.3937190575490133,-0.1163926370607688,0.11738606229818664,-0.4527762211010395,-0.20828169558228632,0.018536446972206834,-0.32008381737045577,-0.22419937137219356,0.017264225756541105,-0.22977516971228332,-0.22417043304814582,0.28791370613695977,-0.26307915875466575,-0.14429023247150546,0.14099637142924082,-0.29808004066982896,-0.21132174710236948,0.06093926169871251,-0.20578794766908004,-0.1733276755342493,0.07209193763583155,-0.15174253748549946,-0.14152222922490354,0.3025130836121848,-0.1189746571718193,-0.1793150918551654,0.2072581546678675,-0.17387815522856745,-0.2213327956455181,0.13599425949757238,-0.1307477483545758,-0.18716375391299392,0.13944275479135787,-0.0893492125891147,-0.15433708605966232,rhiosutoyo:W.1ef35bf0-e269-11ed-b85c-001a7dda7115,rhiosutoyo
W,0.0,0.0,0.0,0.1610885292236469,-0.1996158905415893,-0.04833076278784631,0.23653634130537182,-0.437324110379324,-0.06805061493306509,0.26800991725104734,-0.6278388778701057,-0.08621748161196778,0.29567247573317684,-0.7653150143723889,-0.099240675644168,0.048233254617987914,-0.5325184129252747,-0.07052615645669527,-0.008504549207417817,-0.737181629437859,-0.12915415262889485,-0.04606141457213117,-0.8537131476944444,-0.17406753865340213,-0.08349056125837276,-0.9746518422500744,-0.20756471901384868,-0.03236750294300521,-0.47923720982445517,-0.07843398267726256,0.035429534915172124,-0.5097207844460222,-0.1391643115580657,0.09985027607568213,-0.3726474131020066,-0.1654940851670728,0.10968897190086481,-0.2972547970697918,-0.18185242527074308,-0.08501810155336864,-0.38935355575637304,-0.09119092320935865,0.0007484667315153366,-0.42986226849817855,-0.15459291726480628,0.06331557514663402,-0.3102266987204571,-0.1494491149281379,0.06487787235250565,-0.2542983677865516,-0.13746672177971053,-0.11443292710349957,-0.2888222517314718,-0.10875430356968628,-0.033643755959968075,-0.3258863989775317,-0.15052495804071162,0.02848468911430685,-0.2673474609049529,-0.13812626010157103,0.03466260033250489,-0.2382029092438707,-0.12326883494288625,rhiosutoyo:W.21ef9648-e269-11ed-b0d9-001a7dda7115,rhiosutoyo
W,0.0,0.0,0.0,-0.08431682512296343,-0.1741954898862504,-0.039881115058201834,-0.1282164111192095,-0.3778889386958499,-0.08372331556710103,-0.19933741667552526,-0.5165341142471572,-0.1337903102325332,-0.26961824329085776,-0.6162667892026295,-0.1870038532833932,0.07130460760517672,-0.5142993790117076,-0.07226211128137006,0.13618209314524926,-0.7238918314071935,-0.129038530604411,0.1834331517816873,-0.8483889355755068,-0.17009808805452478,0.22504779557488913,-0.9522532868433329,-0.20631812184815984,0.1604326887064726,-0.4606520787463011,-0.09190558735279715,0.046103020653571726,-0.5005407792518123,-0.17678643340081732,-0.020150850039975642,-0.3641963012281082,-0.19690226723196055,-0.02120372586250554,-0.27680592739017373,-0.19922326286937067,0.21600192849708388,-0.35679381953730444,-0.11537448905074393,0.07578962332964068,-0.37677598256900163,-0.1731340603204226,0.0252935980470296,-0.26203751636154304,-0.1447749356445099,0.041997183073494544,-0.20588680005920737,-0.1205058932241154,0.25260175751865094,-0.23362982589767722,-0.14648348242800002,0.14419420086098955,-0.2742899070935974,-0.17940934044508938,0.09359860192716554,-0.21188600750928893,-0.15347251814350119,0.10940812480265537,-0.17596911928960632,-0.12843218693875763,rhiosutoyo:W.24ebbce4-e269-11ed-ac75-001a7dda7115,rhiosutoyo
W,0.0,0.0,0.0,-0.07720146253059537,-0.18483568016256915,-0.0376445509574545,-0.11660382318284847,-0.4146580630401968,-0.07816842699712372,-0.18073060761230567,-0.5600517311623593,-0.12627348717129688,-0.24603917124530114,-0.6606705902310245,-0.1770617885134186,0.09586404922151573,-0.5221672424322791,-0.06501215147916037,0.18067773909476764,-0.732085467639661,-0.11828592220102979,0.2386306555317296,-0.8426580839090851,-0.1538081112982605,0.2951355620161225,-0.9372576944194833,-0.1855882924241241,0.17835299289302645,-0.4559983066150637,-0.08640029906529963,0.07845646043500974,-0.5105848411773628,-0.17036758783702924,0.0019336870085234616,-0.38173356435628253,-0.1859481576185266,0.002814619171785913,-0.2916865206338804,-0.1856715288698908,0.23052729644480124,-0.3518859294747991,-0.11227758301939765,0.11095402486023409,-0.3993480117074412,-0.17256190667171917,0.04399457882840262,-0.2893154095814412,-0.14002083586227085,0.06213036850528345,-0.22818031189838137,-0.1119580772736514,0.26735882053391596,-0.23164823489402994,-0.1455184142890274,0.177755075135156,-0.2957410324193555,-0.17172094059016701,0.11181943214136236,-0.23549085301794398,-0.13880652521230102,0.12069043371111456,-0.1913166890664757,-0.1105283851085329,rhiosutoyo:W.27e7cce4-e269-11ed-966f-001a7dda7115,rhiosutoyo
W,0.0,0.0,0.0,0.12305685910312558,-0.17501214430353892,-0.04193864078392997,0.17198544910612906,-0.40832681601184645,-0.05582980529139826,0.21776359414013546,-0.5862591530961331,-0.07288983777256777,0.2751741099073741,-0.6960909560346662,-0.09005304446987877,-0.03262229388105078,-0.5524946531351708,-0.027744594870270537,-0.08545859553022937,-0.7581954472407257,-0.06168778854471556,-0.10682386423960433,-0.8770896572326903,-0.0899698259823654,-0.1319143460208537,-0.9842666610643851,-0.1175489056991071,-0.10695720785236863,-0.48328748557903883,-0.0406313990765794,-0.19026872328636574,-0.6135099738777133,-0.10152153164508293,-0.13024911390284005,-0.5376382127866052,-0.12797708767066593,-0.08222169819467046,-0.4740362199891781,-0.14110120638545867,-0.16186847409499913,-0.3799904898296708,-0.059789353323820765,-0.23655081447208848,-0.48685876600820716,-0.12122164908342045,-0.16391616630847577,-0.4223187326947939,-0.12357006509941061,-0.11231305053643831,-0.36701573590342823,-0.11639837238064585,-0.20228765036185567,-0.26122908447062915,-0.08384259534927282,-0.26316057263029824,-0.34679321225380616,-0.12363243854155753,-0.21205601321156303,-0.32518270771659064,-0.12364467338395749,-0.16580518285664197,-0.2997230247439769,-0.12030015524856547,rhiosutoyo:W.2ae3f17a-e269-11ed-ab0a-001a7dda7115,rhiosutoyo
W,0.0,0.0,0.0,-0.07887411353621467,-0.17855296450875172,-0.028098990556496124,-0.11115817167196819,-0.4147595198588041,-0.0613936756020166,-0.16745590096996632,-0.5720243528157951,-0.10514085456295343,-0.22862883677366547,-0.6835439647524317,-0.15268682919550655,0.1203890833855287,-0.5397751123202161,-0.036219468245920476,0.2071325362621314,-0.7419497271536923,-0.08189060391385995,0.2666286987279039,-0.8483111701755909,-0.11540746442023588,0.3250138284535055,-0.9343470328092826,-0.1461561958812716,0.19673311506906435,-0.4873638790791547,-0.06278252985296466,0.11172778089640999,-0.5565889007790783,-0.14199735311114467,0.025451879187864603,-0.42145224402567677,-0.1591648100399935,0.01788447694930712,-0.3276168615522644,-0.15888366680660046,0.2501024781860383,-0.392324064164151,-0.09448673726595128,0.1610024789966739,-0.45895692176410036,-0.15863825080120394,0.08045988203685984,-0.34123055886048675,-0.1302805724213172,0.08014173354701154,-0.2690607753712029,-0.10187237161911374,0.28915000109092376,-0.27301598560689666,-0.1321998487808559,0.2355065181401951,-0.36804695794661796,-0.16810860287358342,0.1569546059408332,-0.3050246343666669,-0.1368125758741701,0.14370455954109984,-0.24470611239963042,-0.10610443045202823,rhiosutoyo:W.f22d6acf-e268-11ed-9446-001a7dda7115,rhiosutoyo
W,0.0,0.0,0.0,0.08884300119626333,-0.17994715888141793,-0.06147226522552275,0.11854944503188942,-0.41817307250047403,-0.08957619905737604,0.14186072242026038,-0.5974588721076713,-0.11477171895222617,0.17909309803649084,-0.7320249981766268,-0.1345466418847786,-0.08471086212693545,-0.5084154051512022,-0.07447710139453692,-0.1747225141595267,-0.7023506400879679,-0.1432354949040382,-0.2230110020783613,-0.824846912630171,-0.18887697885642263,-0.2749861703870558,-0.9357212224808362,-0.22092623179430423,-0.14803418851675132,-0.45275944975311117,-0.07923784748689924,-0.09657089544830226,-0.530634083342558,-0.165004528301708,-0.012012230144444186,-0.38716795104051904,-0.18101406488126795,0.0034249430137256254,-0.3032643775326111,-0.1782014053837378,-0.19278370273511702,-0.361299542517764,-0.09262487120679569,-0.12849752330293154,-0.4366641913765337,-0.18775969561718894,-0.06026863231631165,-0.2990455227564653,-0.1661096858413772,-0.06651244384055562,-0.2343058398219571,-0.13030716055701108,-0.2270056308035443,-0.2559943080605148,-0.11080062834972715,-0.16322075608855097,-0.3291967704603968,-0.17230509980487152,-0.11259440523034972,-0.25087854908051793,-0.14887412059736696,-0.12970630470908134,-0.20103095578354535,-0.11926456542769194,rhiosutoyo:W.f529852e-e268-11ed-9b53-001a7dda7115,rhiosutoyo
W,0.0,0.0,0.0,0.08609389158237707,-0.19062673229528102,-0.047650503779144746,0.1127598309438986,-0.4369971889804673,-0.06783704799482634,0.14219690879937452,-0.6100846571320284,-0.08894694864702574,0.19175944675460332,-0.7293003230844047,-0.10500574097877262,-0.08239176003893667,-0.5176325104610805,-0.04537830238286975,-0.1711987670889258,-0.7123096061945704,-0.10435670796682728,-0.2201176150249419,-0.8326951063452537,-0.14605726645774472,-0.2691004851370352,-0.9465812776518813,-0.17767614836534562,-0.14217375583086636,-0.4603108222174653,-0.05542825201756386,-0.10547405106428225,-0.5539058069129131,-0.13943099466793116,-0.02534387673869122,-0.4073308311210604,-0.15995429681865875,-0.005096558909948036,-0.31700575797799574,-0.15993652199415123,-0.18504574204423918,-0.37191278845331055,-0.07311255029296093,-0.1355365402796223,-0.4609300469541653,-0.16141972974648192,-0.07211099839088217,-0.32186788136470934,-0.1403348626556275,-0.07547783370616999,-0.24834286463396643,-0.10614850870073661,-0.22108291571197441,-0.27222566720206376,-0.09526684784368794,-0.16475455543305947,-0.3520372304347024,-0.15143000888019573,-0.12195849595851908,-0.2708151171206436,-0.12925522985732688,-0.13912131345637357,-0.2200053184408416,-0.10178621291049118,rhiosutoyo:W.f8259197-e268-11ed-bbde-001a7dda7115,rhiosutoyo
W,0.0,0.0,0.0,0.08009495099703828,-0.18054890261995896,-0.05497285909927405,0.10977701384981728,-0.4230307602992466,-0.08508648077387596,0.1405087976677584,-0.600167487897193,-0.11430635703299999,0.19260692243541216,-0.7210776149803542,-0.1388229397904068,-0.09198412711327242,-0.4926255922184854,-0.08014387484637729,-0.17075907145317643,-0.6890556946140436,-0.1511891769416329,-0.21063760627160388,-0.8204814577146223,-0.19919472100763105,-0.2564403146744634,-0.9375358192644395,-0.23508499017550716,-0.1592315370109158,-0.4334162479856176,-0.0886795493685297,-0.09857640192913479,-0.507677411571499,-0.1821282573747841,-0.009468921459306424,-0.36977507183608516,-0.20042409903930858,0.007288403519477817,-0.2811931307149461,-0.1996415725008041,-0.20119777907408132,-0.33712355164477154,-0.1043947906258701,-0.1291061745894232,-0.4097263423089723,-0.19924493285442638,-0.057789350296069616,-0.28152364152881093,-0.17556485861374221,-0.06297229907112122,-0.21364284955213264,-0.14042451828856356,-0.23367657633127134,-0.2294873905578842,-0.12500733562058985,-0.15971585948874467,-0.294691316488701,-0.18646521775281516,-0.11024184317225094,-0.2260034496901381,-0.16610401081208082,-0.1266754459982533,-0.18452744593803086,-0.14039016281444044,rhiosutoyo:W.fb21a6ba-e268-11ed-a322-001a7dda7115,rhiosutoyo
W,0.0,0.0,0.0,-0.06446564885280573,-0.17533170418992655,-0.019461404655526593,-0.08287758934206847,-0.4016609318995341,-0.04879102913781806,-0.13705234525155577,-0.5486643982401999,-0.09024327952462449,-0.1953336076481465,-0.6533983989129204,-0.1369709040050013,0.15438301857170678,-0.5213752927717883,-0.03216021837838604,0.2305440533099156,-0.7194207261759188,-0.08470762932033989,0.28796511187855284,-0.830744299898831,-0.12511930435409632,0.34560838816610895,-0.924511711845685,-0.16072627877663753,0.22856949015037928,-0.4573788984786736,-0.06389818450711043,0.12517899279472416,-0.5410268425796608,-0.14165812262953706,0.036004657561073926,-0.4111091290776017,-0.1569396431521402,0.03788263778130521,-0.3227678697945305,-0.15707709827903207,0.273879971632378,-0.3510699417478839,-0.10089415795773049,0.16172370675147366,-0.427548622766556,-0.16378338373072956,0.07587013154253319,-0.31685514690464744,-0.13066321557423036,0.08434961338314927,-0.2526977169139266,-0.0998595709393137,0.30220378436688977,-0.22354640772134554,-0.14352843104756757,0.23256325240952908,-0.32750101100935575,-0.17678877192860343,0.15265895538622448,-0.2750528194371654,-0.14179975035104284,0.14579040771055018,-0.22301212321447306,-0.10951436566222685,rhiosutoyo:W.fe1dbef0-e268-11ed-ad22-001a7dda7115,rhiosutoyo
X,0.0,0.0,0.0,-0.14957986948425125,0.009541257245983056,-0.061368701856452615,-0.3169324116693512,-0.041203901578947495,-0.1139675240341829,-0.38618506270571384,-0.15524115088557963,-0.1703600594239511,-0.35688964710627064,-0.2889171081438069,-0.22028899815318503,-0.3785918451804715,-0.38239923096558437,-0.04713303709841967,-0.5239552975202123,-0.5254048689822566,-0.12534071251936352,-0.6275524611302895,-0.6015528324321578,-0.17999769050325073,-0.6976263956048125,-0.6819219202317958,-0.21977239786383085,-0.2885573785654633,-0.45620746567039155,-0.0549281418557057,-0.3935887532836885,-0.4664552991956004,-0.14888953636486632,-0.3333387561163675,-0.2955354386919267,-0.17590697431935468,-0.26788729717403054,-0.2248488242950596,-0.17902611715085984,-0.18697143032521613,-0.5076027143118328,-0.07395737899115125,-0.287450937589649,-0.4948479223821759,-0.1517982020890013,-0.23935048485894544,-0.328626595937239,-0.13149810083466137,-0.17748616404666118,-0.2734125651190844,-0.10377929704357432,-0.07436987861259291,-0.5386737372721495,-0.10086424407550569,-0.1758663899535412,-0.5483658728330164,-0.14761848256418242,-0.16054121622270354,-0.4153092846835074,-0.12682999328339045,-0.11353233960920502,-0.3678180434081391,-0.10126387650867842,rhiosutoyo:X.35b51f84-e269-11ed-9242-001a7dda7115,rhiosutoyo
X,0.0,0.0,0.0,0.13510221397769362,0.05870247985292516,-0.046854614536432665,0.31183758670002093,0.00819495673825333,-0.09374464226654852,0.4138074012917506,-0.09079874800736068,-0.1433426966264628,0.3832907904742714,-0.2033861402777283,-0.1932880566264591,0.37058932706555614,-0.3958048978883966,-0.09326479333007219,0.5004974627796436,-0.5368106245346173,-0.1625522469057821,0.5997798119895963,-0.6186732941589508,-0.20837721928491296,0.6709374526881864,-0.7002146634735074,-0.24401303169497,0.2803227586410558,-0.49253538649847656,-0.11676609658442975,0.3876560191015454,-0.3353572675157016,-0.20693308024721924,0.29331134441961904,-0.1660228716963565,-0.2162637789235043,0.22320643961972933,-0.15457616763693346,-0.20995985162473757,0.17078329140232246,-0.5177905317780768,-0.14388847128057017,0.25807679416968865,-0.31681455894035415,-0.23639418772146942,0.18986662026634266,-0.18436328007665923,-0.20980852429860505,0.13798547605987288,-0.2102726492428335,-0.17828447719005389,0.05465744455761651,-0.5009747085886102,-0.17503292013069555,0.14768965867182826,-0.3633020921327017,-0.23623422942771316,0.1238003856393457,-0.25092751634658766,-0.20919418620630023,0.08677488366269624,-0.2548927108672446,-0.18052861525486857,rhiosutoyo:X.38b23fb6-e269-11ed-a70b-001a7dda7115,rhiosutoyo
X,0.0,0.0,0.0,-0.14306626262123678,0.03135008631409428,-0.07078598445462132,-0.28263900744674497,0.02461353212893303,-0.1335167939214832,-0.34890296978034635,-0.0427789432072274,-0.19593874059366817,-0.3285260747708058,-0.1497678032764857,-0.2519312819263521,-0.38678393639759934,-0.32130373846434335,-0.09790123941703714,-0.5326598511569064,-0.4730465007077723,-0.17466387402742925,-0.6277656578436093,-0.5749060010698034,-0.22514798216098975,-0.6952701519905032,-0.6688546473203826,-0.2631214102064466,-0.303239205528174,-0.4162596970370159,-0.10174508380084184,-0.3585899647728057,-0.3129291387189477,-0.19578159289320063,-0.306243513304568,-0.18151772941118727,-0.21910797991683365,-0.25744346720171674,-0.12408280816226333,-0.22104148274193577,-0.20424616247162336,-0.4477260870343854,-0.1131119324670498,-0.24954069313562927,-0.2980268417185672,-0.18371657015566817,-0.2115833333622039,-0.17893603249233656,-0.15608659487917834,-0.17223081908919471,-0.14293551279624947,-0.125189503759883,-0.0992638470011873,-0.4481854253708577,-0.13508634273351494,-0.14574320613544345,-0.35321110305872067,-0.17641702962787367,-0.13118908563531007,-0.2540635597408086,-0.15441088834992547,-0.10560521351307227,-0.2237545750294223,-0.12744314777631646,rhiosutoyo:X.3bae6c25-e269-11ed-a66a-001a7dda7115,rhiosutoyo
X,0.0,0.0,0.0,0.12757311748869965,0.0328825623829736,-0.06119525253320195,0.28999024117601413,-0.009405798471901344,-0.1202900196763678,0.38528689066479843,-0.11012622377517824,-0.180621529304608,0.34203921065954807,-0.22754428774245178,-0.23899495416108382,0.38054911286115933,-0.41234901279529573,-0.1053690972321558,0.50633597206738,-0.5603073847863218,-0.18190117639141276,0.5862760638197873,-0.6403743076939595,-0.22779770525628623,0.6419776120350184,-0.7204501087824635,-0.2623287753967376,0.28178505812731447,-0.5239972104332412,-0.12675512881872364,0.35460183658513905,-0.4098393413111702,-0.2219178128997956,0.2641274661571662,-0.22807095411454684,-0.23120246780108372,0.20957183742944355,-0.19924476915373593,-0.2237799717017329,0.16227982896177737,-0.5531677419805032,-0.1535717434856937,0.21108001840407942,-0.37458408509172014,-0.24489135438512244,0.15529999341154935,-0.23756458316144538,-0.2167775839867154,0.11890436656763215,-0.2529330313186253,-0.1853249437921268,0.03702423375702886,-0.5345260987847095,-0.18668330546464654,0.08982340952375176,-0.39736296057113607,-0.24304217595922828,0.06975776953260651,-0.28875712526928465,-0.21563584596385593,0.04863308939528574,-0.30474514361976607,-0.1872957215880983,rhiosutoyo:X.3eaa6f65-e269-11ed-b693-001a7dda7115,rhiosutoyo
X,0.0,0.0,0.0,-0.11760222006067325,-0.03272265127627697,-0.0647064663710882,-0.23489524619568591,-0.11448718439034332,-0.12187693932502967,-0.26196647821707747,-0.20900317301689395,-0.18111344314109634,-0.21417031262917846,-0.3067712857049108,-0.23755542835349613,-0.2844564248194643,-0.4237414587448562,-0.0913806240095597,-0.41407002175931373,-0.5887126849138009,-0.17170364133682575,-0.49151900238646923,-0.7034827382851302,-0.22605560289038398,-0.5419119002528479,-0.7983993130980989,-0.26246910143640007,-0.17777955349586783,-0.48632727626925265,-0.09609989808313885,-0.23393066048703876,-0.47507609425469255,-0.18860060819889102,-0.19422345502178315,-0.30308181987389576,-0.21606283394454914,-0.16569491379896484,-0.19543191899147344,-0.22090525784775636,-0.06583198122103068,-0.4986443701946041,-0.10688104945227453,-0.11687058527754386,-0.44869253932579434,-0.19096645394904727,-0.09885116064770022,-0.2807614953206866,-0.17436632567304292,-0.07888741533994754,-0.1910465805663211,-0.14584823061046404,0.047708995252230844,-0.4832442775598948,-0.12352879855980131,-0.0006236031705491874,-0.4876477454280779,-0.17319688346686218,-0.0031560131785500095,-0.36584073632695524,-0.1462865347305847,0.008606270120355053,-0.2901550302959365,-0.11370598538148757,rhiosutoyo:X.41a67a44-e269-11ed-860b-001a7dda7115,rhiosutoyo
X,0.0,0.0,0.0,-0.15948974897530996,-0.005065954734556786,-0.05366668278664789,-0.3039201608129218,-0.049044062640956336,-0.10423625216245923,-0.38710167753886476,-0.13145894666546656,-0.1625138771840094,-0.38647531594919887,-0.24613718299395046,-0.21613439384922153,-0.36588785194137113,-0.3707098894140811,-0.05314691821025913,-0.5131615567230031,-0.5426379238471828,-0.12696120779588035,-0.5974035778667713,-0.6363188454061045,-0.17299495396430728,-0.6583604698825419,-0.7247048439325764,-0.20338235143861122,-0.27896261634258845,-0.436909383088463,-0.06700837228717182,-0.37620712175870613,-0.40057891599144824,-0.180520682858281,-0.33191882285026447,-0.25535720566187986,-0.2150060740792932,-0.27929996462914675,-0.16306304965907592,-0.2126118729273863,-0.18535021086845518,-0.4661672461895174,-0.08871687623091916,-0.2789379505520646,-0.37794867605932836,-0.18343367534673594,-0.2424069181886692,-0.2328627521523407,-0.16739961904373515,-0.19911596432534776,-0.1544240433901524,-0.13016719997783052,-0.08802871828797522,-0.46991470230334553,-0.11762901339686607,-0.16970462519436733,-0.4179107447995291,-0.16653194068907698,-0.15545602020176574,-0.319767059201588,-0.14653706295548186,-0.12329905469126358,-0.27139271014576366,-0.11513793205825207,rhiosutoyo:X.44a2b7eb-e269-11ed-b5a7-001a7dda7115,rhiosutoyo
X,0.0,0.0,0.0,-0.15017438129076988,-0.012031107446772882,-0.051408236592395025,-0.2920679699928531,-0.06552615631597242,-0.09928855078846859,-0.37034873799113005,-0.13956438754737685,-0.15238044634349387,-0.3661918531481336,-0.24318882945532935,-0.20084018017366598,-0.34670570848213517,-0.40326873401482194,-0.052152562462037526,-0.4946856742038331,-0.5492180630399757,-0.12309982712403064,-0.5869140944416594,-0.6433395678537028,-0.17261218602707007,-0.6522139481939025,-0.7291687712931063,-0.20719524307334658,-0.26158562329621704,-0.4685368279451627,-0.0640689486183282,-0.3685465064249219,-0.40237127005792966,-0.15548164909243817,-0.31279529292525143,-0.24913665840169752,-0.18549325602463215,-0.2538707531089542,-0.1727285026202555,-0.1889339679498706,-0.16630150981034308,-0.49065095954683036,-0.0832646001920529,-0.26588459737727144,-0.38373500494667023,-0.15464237919945845,-0.22085868680016557,-0.24090455682916778,-0.13489027369037795,-0.17081361774848436,-0.18763747044470291,-0.10607924612332809,-0.06855982794534908,-0.4852911852819573,-0.11038786157888855,-0.16183787156555804,-0.41819784221413425,-0.1495418015995707,-0.14597522379283717,-0.3071205763149634,-0.12586806355197688,-0.11025947815053536,-0.2663664171144242,-0.09649231010989459,rhiosutoyo:X.479ecf89-e269-11ed-bf34-001a7dda7115,rhiosutoyo
X,0.0,0.0,0.0,0.16718544724723985,0.06770939564224404,-0.05350823956970417,0.3141889243748163,0.03814212839444835,-0.11896947218528062,0.41088886436325295,-0.03225624898808517,-0.18942819982034803,0.39922768361408656,-0.12899296290959444,-0.25713216586184656,0.3906033634494337,-0.3410001967568974,-0.11785242392689478,0.5367149125347841,-0.5135542538362343,-0.20585871623791502,0.6351327205396156,-0.583408069492082,-0.26081538918289354,0.7034543316948255,-0.6444079521328717,-0.2998172684281293,0.30650547874170575,-0.42353499711078035,-0.14509089697530028,0.3923826067757303,-0.26438843413896324,-0.2534729032567738,0.29772278721371553,-0.11133968118431838,-0.2636722240671733,0.24336437939158698,-0.10037105481932548,-0.2560433307058595,0.20716550350229587,-0.44631612831887285,-0.17782418203596229,0.2834324624481096,-0.24712800564992696,-0.27815181606584527,0.2121115334344847,-0.12667607699384517,-0.2411970084173073,0.16704283614093365,-0.15029314248544323,-0.20018736211882335,0.10222871503426482,-0.4362721036997071,-0.21712025274577945,0.17460276236121477,-0.28015535404299935,-0.27743747921260437,0.1494648961321967,-0.18571425609685588,-0.24536247318037735,0.1220847169109426,-0.20986588900580302,-0.2121093719185509,rhiosutoyo:X.4a9af7d8-e269-11ed-a620-001a7dda7115,rhiosutoyo
X,0.0,0.0,0.0,0.24264595187191618,0.11680240511951902,-0.06544713879844859,0.5256539075147707,0.045730873004870005,-0.10450404802038032,0.7163454142811184,-0.1774546745620277,-0.14847693608841586,0.8130766635239307,-0.4134770673649425,-0.1841990255269904,0.6529957072488752,-0.24016723592860445,-0.030504305873449225,0.8217937012086934,-0.4642156374795269,-0.1470550513124471,0.7062737385377654,-0.37321268292687965,-0.21945251063070179,0.5845717356493106,-0.294953029836003,-0.25107741429434066,0.570253327814543,-0.4059648424405994,-0.05481722068967201,0.777611928631283,-0.603236629724793,-0.17727170391410224,0.593311285943643,-0.39138288181449,-0.21713633184699888,0.43828324607166164,-0.26919821633982977,-0.21664173369623707,0.45114338021413014,-0.5388719145197092,-0.09510301394017585,0.6378951803057811,-0.6916519926964682,-0.22012774336212737,0.4738772343951147,-0.4726584482908242,-0.200278705430701,0.3516566651896752,-0.3717375247774033,-0.15442381899897725,0.2990679855317467,-0.656909602052255,-0.14007177567588164,0.46486481574685995,-0.7926047443820394,-0.22490478326086258,0.39378474436651206,-0.6281982618820753,-0.19997135251373627,0.3126652135634023,-0.5298447462307019,-0.16086460867089017,rhiosutoyo:X.4d970dad-e269-11ed-bcfa-001a7dda7115,rhiosutoyo
X,0.0,0.0,0.0,0.13907954283665488,0.10227203040626784,-0.05584297422091571,0.3361381264865042,0.07852687380305948,-0.0862700215585653,0.467705862758955,-0.04800232097679185,-0.11723171676688703,0.5149045707657663,-0.2153033017865202,-0.1501995867399819,0.45238441597036727,-0.17695141424560162,-0.04909383557621355,0.6105924105656039,-0.3729010488014176,-0.10591813395456283,0.7162350290339127,-0.47682744326971865,-0.14864514346448826,0.7987559031801112,-0.5734887631461031,-0.18193308022478355,0.39141118429209826,-0.2832032894027947,-0.06216804228824876,0.5261115531214751,-0.3814094090574771,-0.14756309884290636,0.40870195706947743,-0.23036513501390585,-0.1751208607222784,0.31717727693973446,-0.1475850719742716,-0.17599482698556176,0.3021581936008347,-0.36217960325864407,-0.08080619299239086,0.4227332631836944,-0.43581345505706254,-0.1651965873550281,0.3188646235316259,-0.2863570137921194,-0.1454232422041636,0.24371484936302576,-0.22472993530949242,-0.11259380507567508,0.18994086877287894,-0.4314185683424271,-0.10455017291199645,0.29495696072980254,-0.4992820345307899,-0.16418175525472659,0.24372843873155106,-0.37616108168826834,-0.1432397597996668,0.1874053190955333,-0.31335215281170664,-0.1159305081888541,rhiosutoyo:X.50934fb9-e269-11ed-ad16-001a7dda7115,rhiosutoyo
X,0.0,0.0,0.0,-0.1131265926482245,0.011256063751159076,-0.05930673369371848,-0.22907272586822772,-0.07064901945035605,-0.1050567802193944,-0.25003376876262406,-0.18952960562910756,-0.1463624695093834,-0.21874875510206304,-0.293987058929997,-0.1803089174400664,-0.30415796825764746,-0.3194899325037085,-0.11522610484940068,-0.4610026761274428,-0.5087447021303776,-0.2211073072140225,-0.5580159468214465,-0.6184670734686694,-0.29703603036695647,-0.6353926910813879,-0.6921880220330349,-0.3422745539393,-0.2017461415377515,-0.3898558580776637,-0.11082976831388594,-0.2335871078397242,-0.4180862725287278,-0.21317982090267945,-0.17207990378998714,-0.237740702134723,-0.23732530644382288,-0.14448511301785918,-0.10676779708101533,-0.23775554458496556,-0.09163913936574672,-0.423572175925687,-0.11170827234918779,-0.11832858801219505,-0.43165930962079946,-0.203124216501782,-0.09142187586487706,-0.2580285538390585,-0.1803161140027625,-0.07821020798972297,-0.15030447169158145,-0.1450603423552151,0.02335326756564228,-0.4437718661023677,-0.11661912677119729,-0.012021138327562023,-0.4443061854401596,-0.16902571028980912,-0.011949725163999936,-0.3159837090041276,-0.13905336420352687,-0.007356951543902707,-0.23794331081701153,-0.10341021394378243,rhiosutoyo:X.538f75ee-e269-11ed-8108-001a7dda7115,rhiosutoyo
X,0.0,0.0,0.0,-0.11357315756467393,-0.007624060139274058,-0.07337521932390437,-0.2144695575457744,-0.10698078864127535,-0.12032704670412009,-0.2209813369371799,-0.24436125560761918,-0.16538788639562,-0.20210741375076255,-0.3710171435484143,-0.2045509956701058,-0.2886557308992077,-0.4061748714042639,-0.08102418386716241,-0.4329555231184476,-0.568899899145311,-0.17351233371533611,-0.5247515982601003,-0.6741973830124784,-0.24374638310924499,-0.5930438453007418,-0.7521903832075072,-0.2872431460645378,-0.18148544795297564,-0.4699895592071573,-0.07478661005585015,-0.230612633047477,-0.518754212412993,-0.17187048838326896,-0.170040040335711,-0.34782998632612067,-0.21225178829733046,-0.13490542449279033,-0.22240193919783882,-0.2241697367496169,-0.07223580987495792,-0.4951097761495554,-0.07641497085943158,-0.11513582005139876,-0.5106279802650534,-0.16841205093551678,-0.08519305775156437,-0.33140279037228626,-0.16591391157469723,-0.06359845132590891,-0.21696154076178892,-0.14310105400681442,0.04128507339869346,-0.4982697086397469,-0.08374193272779569,-0.002624605028423552,-0.512463630716007,-0.1391736453804876,-0.003497053265165544,-0.38401565423344364,-0.12223281972833201,0.004604977822115569,-0.2914386108643384,-0.09534459429952094,rhiosutoyo:X.568ba502-e269-11ed-a1e6-001a7dda7115,rhiosutoyo
X,0.0,0.0,0.0,0.15824112634800794,0.06252012713832696,-0.05644754535728136,0.34516197211698735,0.024710863329081883,-0.08388218146907046,0.44842144714740356,-0.12624201188631393,-0.111607184655993,0.4341116248472875,-0.2924269884976114,-0.14163492265304142,0.4148534656823575,-0.24888162408724834,-0.04344178335238739,0.5562360301616637,-0.43861880357197636,-0.09613386979507917,0.6731994859847832,-0.5306543431267339,-0.13496566255721865,0.7667116907528014,-0.6201416655026513,-0.16606474029901222,0.3454823276284518,-0.3374836264418785,-0.05644849218869519,0.4541788351306531,-0.4340366619187997,-0.14776652126558673,0.35718020120076954,-0.2668484358011549,-0.17428944034925825,0.2701394911981808,-0.181895325819259,-0.16937161431052086,0.25081329076889164,-0.39981386490769455,-0.07542843800241583,0.3434713883029199,-0.47335380372860275,-0.16930758891733072,0.2600120517984519,-0.3082661067778534,-0.15339270779930303,0.1874131981041694,-0.24311888160910686,-0.11576357866653852,0.13091792249881853,-0.45402773389674994,-0.09905322856345983,0.22938212085986975,-0.5347958490295309,-0.1615753228256724,0.19667320933139654,-0.40634321433744486,-0.14119324212317075,0.14349171307700342,-0.33824213635243117,-0.11094763495286482,rhiosutoyo:X.5987cc63-e269-11ed-976a-001a7dda7115,rhiosutoyo
X,0.0,0.0,0.0,0.13131802784591684,0.032247152415408695,-0.043198784865417936,0.3045574339861869,-0.06973613030050024,-0.0716996369933108,0.3999592453327754,-0.18988131362944563,-0.10363134875449938,0.4085083717136397,-0.30528670472473113,-0.13494669882867943,0.34421578859287943,-0.4125291796800629,-0.04866119335902459,0.45492146461544347,-0.5891804881215639,-0.09801642161529615,0.5457774571873144,-0.6859446557589884,-0.12807823323999667,0.6079192326710419,-0.7791828347770439,-0.15267061451851777,0.26565239641460164,-0.47023574935326307,-0.06710770860999263,0.3983107381128384,-0.47003643227286224,-0.14725029539330506,0.3267540359814386,-0.27846306090859313,-0.15871879246628326,0.25012196218878713,-0.22718620375529303,-0.1495676570316715,0.17307802877222433,-0.49055593867337416,-0.09062775447763166,0.2923201400746889,-0.4596233171367483,-0.18382479595986534,0.23713402305291098,-0.2827804398659613,-0.16118153400595406,0.1703490412933854,-0.2551517794771053,-0.12434578879593448,0.06450165231032277,-0.4912997707803927,-0.11653046688244555,0.18695314266074237,-0.48328540731698444,-0.18627230817837953,0.17207783642573585,-0.3402099427665399,-0.16479432307638925,0.12292720625075959,-0.2965001879605744,-0.1352495986712892,rhiosutoyo:X.5c83e755-e269-11ed-9680-001a7dda7115,rhiosutoyo
X,0.0,0.0,0.0,-0.11302245039744155,0.04666464134337718,-0.06083822916046613,-0.2779096867295638,-0.011535961492521203,-0.092118623286677,-0.36021115992494224,-0.123461413424263,-0.12464267550926944,-0.3874704562059209,-0.2561937654072923,-0.15126720013568898,-0.3674915110983218,-0.307485880956489,-0.04123219090153954,-0.5345617743771865,-0.4671935181770467,-0.11494276871572735,-0.642606454787558,-0.5674094411471604,-0.16707777186781178,-0.7200658883145038,-0.663256800142554,-0.20394983096463887,-0.28237967657937524,-0.37726930013463,-0.04505389997903364,-0.39840492786174064,-0.4676291567202898,-0.1477007117022937,-0.3420513729509713,-0.298698644348319,-0.17457740652686668,-0.27046218273912254,-0.19360275159333146,-0.1687911347256801,-0.182411136059874,-0.42994205332909,-0.06016853135242541,-0.285876126773864,-0.5225444350833608,-0.15857598727565292,-0.25065782772631867,-0.34869834695936675,-0.13755656701312907,-0.18878748612473958,-0.2415648260373278,-0.09581096440421981,-0.0663732414053615,-0.4725719715020122,-0.08142125553122702,-0.15343680353353692,-0.5879366995556661,-0.14973795638471202,-0.16404329124130676,-0.4554999793625457,-0.13188636322757183,-0.1360826596700536,-0.34762375329283934,-0.1007222172385604,rhiosutoyo:X.5f7ff5b7-e269-11ed-878a-001a7dda7115,rhiosutoyo
X,0.0,0.0,0.0,0.1845578847144777,0.07153668037979256,-0.05746493445484099,0.37910016450613493,0.005808741323209829,-0.08149023094257193,0.4821321949766676,-0.16310402362948903,-0.10568431764452124,0.46798220674967206,-0.3277616560554044,-0.13029973144463936,0.4376805473417617,-0.29254576879109506,-0.028868582820284684,0.5643103536424244,-0.488649077074742,-0.07628446564143312,0.6673486719905531,-0.5719212006846557,-0.11109010819183668,0.7485903141671578,-0.6481053771532238,-0.13989982716284366,0.36819861960279887,-0.37619290142083583,-0.04147155666248267,0.48450612028427165,-0.4591373008504446,-0.12118484766097945,0.3941664222564235,-0.2974523254368269,-0.14507886898419936,0.3202228680904237,-0.22735431145100538,-0.14241240017144013,0.2739489935281892,-0.4392879803704101,-0.06218843133413501,0.38121100501512123,-0.4944807062724013,-0.15721841838772316,0.28740127885712957,-0.33214531280025067,-0.1425906300618995,0.21761162238861717,-0.28564494888700726,-0.1065534516653851,0.15020243062040872,-0.49309234289919857,-0.0871607725760681,0.25453026690593067,-0.5642278566883646,-0.15366070580450306,0.22091879448902357,-0.4328205209902405,-0.13523964528101812,0.17215014161178938,-0.37677113464456646,-0.10705350299105615,rhiosutoyo:X.627c3a6a-e269-11ed-80b1-001a7dda7115,rhiosutoyo
X,0.0,0.0,0.0,0.14214822479194747,0.07999875316351962,-0.07516126183171379,0.3270175925976925,0.039724063627976716,-0.11263813104400024,0.43859951820051307,-0.07684380843766017,-0.14733222995895348,0.42689543700512983,-0.23312892035930202,-0.18228432814664133,0.39690850230168084,-0.3104112873725309,-0.06864104109127446,0.5413651304158392,-0.48958201822356445,-0.12385469802090693,0.6638150939211201,-0.557561746869928,-0.16241952417528946,0.7562543707474352,-0.6251609190024826,-0.19301075637739004,0.32161290274330234,-0.3884067385568071,-0.07363760048790259,0.42613734218434574,-0.4333885184890132,-0.16389021106818055,0.33183294476121517,-0.2597775870783429,-0.18263637572851052,0.25595863684907905,-0.1961314785395737,-0.17449413946939804,0.2236269491150313,-0.4349049705833495,-0.08602706068399597,0.30839761850894576,-0.45232763514382307,-0.18029603518507614,0.2345630935108251,-0.2829634519744914,-0.15720962348475623,0.17499287646133274,-0.24146835706707873,-0.11784499712440177,0.10830297194401307,-0.47027573014612106,-0.10482753666403374,0.1926484678535342,-0.510625218720585,-0.16681952842992617,0.16714750708958717,-0.3787852200766467,-0.14180581123003858,0.12684421020231657,-0.32571254620809625,-0.10989785349015936,rhiosutoyo:X.6578451d-e269-11ed-8328-001a7dda7115,rhiosutoyo
X,0.0,0.0,0.0,-0.14027137959451833,0.005966925062396945,-0.06027978484784109,-0.30665663244778313,-0.048295791736587046,-0.11667772522308004,-0.3825874690889362,-0.14273745944375765,-0.17946218407973397,-0.3667523845799881,-0.27393864189734907,-0.24027476146968427,-0.3562772412942854,-0.41390051349459445,-0.050262795479162445,-0.5043229292934233,-0.5466313157031122,-0.13136421089795897,-0.6057010065838118,-0.6264016899316099,-0.1917072382237048,-0.6732103584621105,-0.7014129626966634,-0.2341103778571247,-0.26050358838462423,-0.499880247916521,-0.060581444743756395,-0.3757849492348942,-0.4762798151186726,-0.1564831833076344,-0.3060243042813115,-0.28854670255937476,-0.1927179232766277,-0.23083997328122371,-0.1854577551732251,-0.2019647946992899,-0.15210897247615704,-0.5465324984268943,-0.08060617136162325,-0.2614254562904802,-0.49989688813142813,-0.16563350948342184,-0.2063796253776352,-0.31640856639329057,-0.15364197861368536,-0.13803339869116008,-0.22422715187712317,-0.1295780998304663,-0.033332910492079725,-0.564792190249467,-0.10759644793905393,-0.13872716765113502,-0.5653487414372846,-0.1642160991776723,-0.12464954583968796,-0.4086721579707686,-0.14450376459432554,-0.07745175228366641,-0.3181603970180538,-0.1168396873148085,rhiosutoyo:X.68744c30-e269-11ed-b36b-001a7dda7115,rhiosutoyo
X,0.0,0.0,0.0,-0.13315984904167139,0.022282092007361122,-0.06967895238214802,-0.28353339462271265,0.017756454954116017,-0.1376231537293645,-0.3580479747966078,-0.030374828094874858,-0.2077766226867982,-0.3454618725137701,-0.13033544743318204,-0.27515088092917195,-0.3341109490102039,-0.38025850968423075,-0.08533790387936341,-0.4961964775486537,-0.514816528722355,-0.16007238773454546,-0.6033247350474019,-0.6065653839537146,-0.22070010743532956,-0.6768587956034468,-0.6867879305841106,-0.26492359128293236,-0.2487952191513845,-0.4548652254959587,-0.08967563772388427,-0.351400645758446,-0.35874764441182555,-0.18192234547734393,-0.2964478178078785,-0.19358632895861663,-0.22458078040832014,-0.24164488565388667,-0.08309886222771494,-0.23989603557633557,-0.15353585581051646,-0.48114212232844183,-0.0994980654882065,-0.24935200837392243,-0.35604437544393874,-0.16805259966665392,-0.2030926689311542,-0.203460977635689,-0.15628767964068088,-0.15403441718071842,-0.1080524200386348,-0.13536841753264703,-0.05141262129789984,-0.4798793496271798,-0.11863906155516513,-0.1397199532247275,-0.4106592947735204,-0.1621433641954647,-0.13502033415486406,-0.2800783082039819,-0.1411497534215591,-0.10937950060894255,-0.19396071767986117,-0.11212480595965368,rhiosutoyo:X.6b7065b2-e269-11ed-9b45-001a7dda7115,rhiosutoyo
X,0.0,0.0,0.0,-0.13241088878056742,-0.03415427361597501,-0.058310690698761956,-0.2701229743049581,-0.11230442237108014,-0.11273629976378037,-0.33601076307877675,-0.2066588573064214,-0.17075074489085035,-0.30084515222335206,-0.31390555300984213,-0.22396780205296232,-0.28831996941625804,-0.43595876694342,-0.05678421005590764,-0.41835026189655705,-0.6029969271887833,-0.13360544399037888,-0.5074961019546502,-0.703411061797535,-0.18721083072162012,-0.5638211352754501,-0.7945610559612125,-0.22534075478373994,-0.19632844278419895,-0.4723057279034447,-0.06595916267794272,-0.2999407753421487,-0.4855656909147562,-0.15945011772217127,-0.2667782781218974,-0.3253151434423086,-0.18787522310253638,-0.2142461756371982,-0.24335749726534936,-0.1927500220660695,-0.099270033344864,-0.47831257167997865,-0.08466516892016272,-0.19943549552539716,-0.48119196949525955,-0.16671743937805839,-0.17976956428790886,-0.3277192543738646,-0.1462697376914178,-0.1335447934344278,-0.2502535270550867,-0.116525042706477,0.003733207834511828,-0.45866453653355876,-0.11032833909170381,-0.08413514265300895,-0.4952439385833911,-0.1625225097928045,-0.1033051856926354,-0.3691605665600144,-0.13934603138874904,-0.08503639812297945,-0.2879383248695192,-0.10983657375784536,rhiosutoyo:X.6e6ca0dd-e269-11ed-861d-001a7dda7115,rhiosutoyo
Y,0.0,0.0,0.0,-0.07265486679617493,-0.201054488570311,0.0025461736161865724,-0.09969587185765993,-0.4288810828221659,-0.006979581115517839,-0.11839931761800226,-0.5695718569031444,-0.0251385776243789,-0.14780972570523476,-0.6854221695375109,-0.04451930478079441,-0.03866041247536605,-0.5197603449227833,0.002258547066923435,0.010287331584160724,-0.7147869217999344,-0.047517923123727566,0.05981987304675524,-0.8528612142738462,-0.09136703826063741,0.10780918048988798,-0.967067581510496,-0.12089191112371793,-0.02009460559863897,-0.5092514483064614,-0.029692462898321604,0.03132425997867292,-0.7097902946201065,-0.07515856478042007,0.08291366348983005,-0.8582731080366792,-0.11205987993688003,0.1355786645207513,-0.9811191687092369,-0.13792607628025114,-0.009686756065166351,-0.4830678327785212,-0.06671437730754987,0.04244413895640885,-0.68538759196431,-0.10734351363935249,0.08510312885309516,-0.8304952313909614,-0.13250983933923086,0.12524903415772343,-0.9492849734519991,-0.14928356067528903,-0.009167756762558583,-0.4432351398602662,-0.10493208459472064,0.03416734218681341,-0.6017185931375669,-0.1365458792951083,0.06548790941495031,-0.7125957779136984,-0.150902695405342,0.09604407728213127,-0.809057471710994,-0.16177373335263937,rhiosutoyo:Y.823467ce-e269-11ed-8072-001a7dda7115,rhiosutoyo
Y,0.0,0.0,0.0,0.016533029989853967,-0.1659257001375615,-0.010696755332783112,-0.0028177662474638135,-0.35886768612073894,-0.03606225529774786,-0.08234523770843882,-0.4958509921782132,-0.06653808129263386,-0.16411411413898733,-0.5634577662179971,-0.10675759370651564,-0.004843684793321549,-0.48216053677911563,-0.08999928737259136,0.009369476629568455,-0.7083234906530256,-0.14994408752133156,0.05639686450083594,-0.8472256932172698,-0.18826909259006328,0.10243913036810169,-0.9547274564317054,-0.21013438389568467,-0.060852846812933965,-0.4777786910277873,-0.10091542718362563,-0.2742674853946481,-0.6495092550267036,-0.1619949656421913,-0.41788125390072556,-0.7447383885081232,-0.19246996003472674,-0.5280579911541387,-0.8227949559871349,-0.21015046604845863,-0.12066172392382334,-0.4443759875989812,-0.1064376093484076,-0.3001431643870216,-0.5066080052175176,-0.15503411591827093,-0.3082514540761814,-0.4156349449563152,-0.15075863413587756,-0.2890898935737465,-0.33603593315654295,-0.13574249190674256,-0.1716737355846299,-0.3934490743250504,-0.11118219598845325,-0.29990921594039044,-0.43923373727882464,-0.13737674152114104,-0.30344873189620336,-0.37751807936370346,-0.11791097231494481,-0.288816424859312,-0.3163542628522882,-0.09253147821774212,rhiosutoyo:Y.85308548-e269-11ed-a5ba-001a7dda7115,rhiosutoyo
Y,0.0,0.0,0.0,-0.06122883837844506,-0.2029059509667133,0.010680597094620421,-0.0823197485044779,-0.40266356605854137,-0.008286748204571669,-0.10963168353951179,-0.5406177122418543,-0.03943728594327667,-0.14296995991598196,-0.6202341566629916,-0.07901017332998511,0.0021477993582950444,-0.5387382450734579,-0.0658305801954094,0.01994536004298685,-0.7546037844329458,-0.10966590390123626,0.058823268841981434,-0.8745128763053519,-0.13634861422394667,0.09506038924868636,-0.9829481979216028,-0.15740509076444065,-0.008202115757827155,-0.5140299886597702,-0.10191519817683466,-0.2039187622536924,-0.682543174835667,-0.15306244470843813,-0.3551076800543143,-0.7646162860932593,-0.17729394761291892,-0.46815888625637475,-0.8226987868152547,-0.1949704555111438,-0.03354866023174177,-0.4503070882141503,-0.13432546266117867,-0.19737345503860107,-0.5511234883959388,-0.1807910974934363,-0.24232937339857627,-0.5184540442757799,-0.19089510685335018,-0.24809194990653774,-0.48826496015352433,-0.19531687879114792,-0.06909896441621678,-0.3714956403627088,-0.1647692750308596,-0.12152222506933924,-0.43173621699495274,-0.19706890601057853,-0.11337605942770372,-0.4371425397018573,-0.20038969527293446,-0.09199854768607701,-0.4434820304181008,-0.19938887329656782,rhiosutoyo:Y.882cae84-e269-11ed-9baf-001a7dda7115,rhiosutoyo
Y,0.0,0.0,0.0,-0.1678089928733561,-0.1885922145328868,-0.028704169369735195,-0.19931536583924814,-0.4541977094147179,-0.02196731016888539,-0.148485217823466,-0.6226094081954334,-0.0029101285991440236,-0.10252539314157309,-0.680391878530458,0.017352269748065533,0.006142795320622817,-0.5523539547758697,-0.043119302386394144,-0.07494047341209147,-0.7689785746720558,-0.04263755548089298,-0.12793284192741267,-0.8934132154144654,-0.054351238147166185,-0.14788961486267507,-0.9864237938071008,-0.07139160193591342,0.10685422125470823,-0.514828879144111,-0.028634928697579064,-0.032470075687087534,-0.661862797855471,-0.015862360235448042,-0.09821891841910953,-0.5914241301964778,-0.004483846636294378,-0.10127339435377238,-0.5094515307713444,-0.004826679280071211,0.15813060144314886,-0.4633628085002519,-0.013910097744288901,0.026405203868525403,-0.6054275893563427,-0.007653833994711372,-0.03382736521225712,-0.5540051809428607,0.004001285676838599,-0.038980552947728585,-0.4815260874269595,0.0037548034750340725,0.1829909144330181,-0.4022845709574275,-0.0023011425331156093,0.07744154624498822,-0.5379577444528035,-0.005202011331831946,0.021808552887717898,-0.5098223463642605,0.005858034998909084,0.0024465472724736026,-0.44453958227325024,0.01294378075083337,rhiosutoyo:Y.8b28f93d-e269-11ed-9bf7-001a7dda7115,rhiosutoyo
Y,0.0,0.0,0.0,-0.10990442023977162,-0.23298669920369225,-0.028582595115711297,-0.09257643172171713,-0.45841595732081375,-0.04295054064364805,0.011513484806606798,-0.5686901711102783,-0.04972456558751906,0.09782604599652296,-0.5751721612672396,-0.05635108208581005,0.03635811796282245,-0.4743714079012858,-0.07963536469432987,0.05148956107046689,-0.7373192611721285,-0.11981363709335371,0.055826910209301576,-0.8715391725144863,-0.14639314174272036,0.06207947083461276,-0.9804535720111696,-0.16341004471898815,0.14016851823075585,-0.41606742620810416,-0.0763665177088518,0.15632350787572633,-0.7028416171258497,-0.09273494397082661,0.12967373285869374,-0.8680506722502337,-0.09246500831202732,0.1114359027560588,-0.9891329154290044,-0.09590680472135568,0.21128803771518137,-0.35105404445247024,-0.07234040558376575,0.19143713219944003,-0.582249335253226,-0.08462288829569735,0.13518327302014888,-0.5871750014921456,-0.06691048287229316,0.09700345226200659,-0.5406773503986101,-0.0536599617857463,0.2508860399620971,-0.2836306428014314,-0.07223507576824782,0.2153129506872356,-0.46122990244799683,-0.07746904425165399,0.1680692496906056,-0.4785132572279398,-0.05764845837362301,0.13760036160710984,-0.44259804328176217,-0.0405020153132576,rhiosutoyo:Y.8e2508be-e269-11ed-b515-001a7dda7115,rhiosutoyo
Y,0.0,0.0,0.0,-0.130848620329316,-0.1979844867015264,-0.04008906877472933,-0.1415741953306553,-0.45972426319756454,-0.04338416467917908,-0.054863050285221815,-0.6143477581470892,-0.035570674522917144,0.028897171040158934,-0.6317780445195754,-0.024657292551972593,0.047235842940328725,-0.49626684201304516,-0.05754740349312532,0.03265116319047136,-0.7504673458280587,-0.0828039452465157,0.028464859692675114,-0.8884934797212285,-0.10331300569409486,0.033682452748352576,-0.9923727431412891,-0.1185825916696386,0.14229116959001115,-0.44913365768030244,-0.042595321725792314,0.10989951590756107,-0.7101112655897407,-0.04916375034444442,0.07081828379611824,-0.8447903607770129,-0.04632878087646742,0.05186161525824924,-0.9331689924484554,-0.04768099361386529,0.20327508597813657,-0.39303870410404823,-0.03067135893811959,0.12550014777392723,-0.5911769742177354,-0.03981242287127467,0.07428945352752331,-0.5767293089441382,-0.03084590860683854,0.052616421872990385,-0.5166926329351732,-0.022642430453029938,0.23806694698576053,-0.325923492152886,-0.02428546983655138,0.1639435468234959,-0.48493492682944966,-0.032502288369053695,0.1139232425268097,-0.4894533370577633,-0.025124145095547206,0.08687024543727001,-0.4464516504323127,-0.016314419423190736,rhiosutoyo:Y.91212a51-e269-11ed-8293-001a7dda7115,rhiosutoyo
Y,0.0,0.0,0.0,0.12923226739838747,-0.18124778939403724,-0.024133547705618177,0.2178649018235389,-0.4480041451561565,-0.055250900818642146,0.28484807809177354,-0.6596730441972319,-0.08424804148163745,0.35759475436293053,-0.8132065797240663,-0.11829634042207196,0.06920146409340307,-0.5317340620463545,-0.09516066364389274,-0.10016298377912046,-0.7248490287166095,-0.15409752252370526,-0.22428924277378706,-0.8134858862328743,-0.20479067091150377,-0.3336027912525798,-0.8969830962403428,-0.23634711855781643,-0.0454637601928432,-0.46268040614191924,-0.11139859459861141,-0.20238334104960698,-0.7256546197524417,-0.13321075098126636,-0.26471645713053266,-0.8474217726768839,-0.1516973414315097,-0.3171433664501567,-0.9315163316411462,-0.1780376617530226,-0.13235793731760334,-0.36403511393464316,-0.12505825561670522,-0.24475652666662473,-0.5573833699829537,-0.14634928801686464,-0.18741015307142528,-0.4801130350102257,-0.1272491479585736,-0.12804761752917296,-0.3996614018146506,-0.12077326527346556,-0.19516680645602424,-0.26457316328034125,-0.13989037050812583,-0.2877646321889621,-0.4219805839726144,-0.15391086917768612,-0.248555269935012,-0.3574502955220872,-0.11619131153184903,-0.19872818287907412,-0.2801656894138726,-0.09113228069472679,rhiosutoyo:Y.941d5fd0-e269-11ed-bdbe-001a7dda7115,rhiosutoyo
Y,0.0,0.0,0.0,0.08525955591290504,-0.20318597230750549,-0.021672280534523317,0.11905895808099812,-0.4236814631765865,-0.06005881488175113,0.17008109715376843,-0.588692814260643,-0.09606412138955657,0.2319079631491259,-0.7136529250107221,-0.1364792903201873,-0.07626369270626486,-0.4831258031152074,-0.10752727333595254,-0.23511450430764072,-0.6711249854655192,-0.1580626429394944,-0.3422260646903631,-0.7869598818011209,-0.19873630896642222,-0.43446524752266663,-0.8706899452310906,-0.23051891021898543,-0.16765942353571822,-0.3976226015409792,-0.11528599318832292,-0.26898700017413074,-0.5389970383666487,-0.1395777308264381,-0.21058486139579885,-0.49779299816769174,-0.13170178216447814,-0.15383964999404948,-0.4330150083194538,-0.1364664407491442,-0.23120453896174403,-0.2818194612691006,-0.12026337120307327,-0.3190114239517412,-0.4396807703504174,-0.13941896761777114,-0.27274215470937774,-0.4041758485530622,-0.10385499938943094,-0.224661284159367,-0.33169537069697197,-0.08714226726353812,-0.27228073362829885,-0.16924366785265882,-0.12676522848595792,-0.349683264481872,-0.30552508907916415,-0.14140876903515717,-0.31121777414027035,-0.28057577335967243,-0.10959305147799486,-0.27323930136214497,-0.22174766531278003,-0.08856828733517774,rhiosutoyo:Y.9719aab8-e269-11ed-b55f-001a7dda7115,rhiosutoyo
Y,0.0,0.0,0.0,-0.16143680799163715,-0.1685409974336233,-0.024073324825073173,-0.18407396648804955,-0.3922543415100068,-0.023374842250419716,-0.11776857588563018,-0.5351560506228806,-0.020036822253486547,-0.05443926603540446,-0.5854812106317793,-0.01572743184152218,0.013799006904359014,-0.5256859258892613,-0.022354985361492146,-0.020692847514768214,-0.7436169937143667,-0.04761361810194647,-0.03462827742541184,-0.8750441380284524,-0.07065000372564159,-0.03558272366560679,-0.9735652295406149,-0.08410660818936863,0.11724553522757296,-0.48968672595163854,-0.02090310673463194,0.09099095340829007,-0.7431987671094399,-0.031125971145616486,0.05848665348978025,-0.896674546218864,-0.038805299389946646,0.04779479638440757,-0.9979535446339244,-0.042477996553028544,0.18857654345999836,-0.4219210428977968,-0.022200087333931917,0.12041013713033802,-0.5763533274626051,-0.04107372762484743,0.061834525544384254,-0.5577184596079251,-0.04080793764182496,0.03841836594189689,-0.4949772616157353,-0.03062456511714082,0.22807043749521524,-0.34066935364835477,-0.02678382473328701,0.1599548937807282,-0.46762594178668365,-0.03082349817451263,0.10584221927433111,-0.46213010236822344,-0.01569818294202618,0.08028571140418758,-0.4065969812243151,0.0020258960454223843,rhiosutoyo:Y.9a15e571-e269-11ed-92b1-001a7dda7115,rhiosutoyo
Y,0.0,0.0,0.0,-0.12530525663961864,-0.2011907854202624,0.0010859345701022803,-0.13094058727235142,-0.4294820668056735,0.015095413120199113,-0.0539278520235263,-0.5828847712988037,0.034764171263806355,0.008698023672145191,-0.6325099242257485,0.056772565623835924,0.04727706194933872,-0.5241470605958599,-0.016064963502814538,0.056864676159208254,-0.7657262388202511,-0.024614626605515836,0.053881714711078756,-0.9021197126000674,-0.03165392727806904,0.0535677003031658,-0.9978418297545463,-0.037976101384017615,0.14949840021239794,-0.46399874103591726,-0.009936852822719916,0.13384136115058862,-0.6650747971697131,0.0016694778116057949,0.08526999847410925,-0.6187974939414336,0.02262037945118489,0.07156984808284124,-0.5477211221320332,0.03239692310483767,0.21707166938961192,-0.3926373002807858,-0.0034819486283794924,0.18945787389510377,-0.5715335890203593,0.0006532657812816351,0.13947239382075496,-0.5414083799707217,0.015818864654037142,0.12152129531074583,-0.4807300953122846,0.021796882422633047,0.26270199768136465,-0.32212948751945575,0.003488597320456149,0.23741366307584763,-0.473388298113645,0.008408497409759016,0.19304623407044422,-0.4566323840511839,0.020376977302851002,0.1689144899628993,-0.4028753979680527,0.028136033206614175,rhiosutoyo:Y.a00e2005-e269-11ed-8ef9-001a7dda7115,rhiosutoyo
Y,0.0,0.0,0.0,0.10734088171399936,-0.17894878696287012,-0.11030575042590826,0.12689749377646253,-0.3667735333711351,-0.17699771707038026,0.1294957766165272,-0.5065259139586811,-0.22468081191728512,0.15034326353997696,-0.6111973429258314,-0.2679387466662627,-0.11727986898668255,-0.4533484312672763,-0.18477233512478455,-0.28425725763648285,-0.6262830381943992,-0.2595375654148114,-0.40236158672299305,-0.7194359212862043,-0.3166507052018997,-0.5059910417554246,-0.7836513269434354,-0.36036601316308,-0.2081192780305457,-0.34919934549982884,-0.1535488957840931,-0.2525655952248412,-0.3487524346514184,-0.21348220771000706,-0.17942734323262752,-0.27095223085236175,-0.22116574830429997,-0.12658878946209812,-0.2204634464905844,-0.23071386618647854,-0.2561528943557378,-0.2266259079292146,-0.12801456050292429,-0.27768818482479024,-0.24265528257884791,-0.1732271005343951,-0.21483043232583696,-0.19264105037229018,-0.14903842221351404,-0.1746603802929066,-0.15671019315000415,-0.13522630984355388,-0.28549284988385104,-0.12564808087568974,-0.11300803529740483,-0.28865958782329554,-0.15950015682794194,-0.1537843474062885,-0.24124286346689192,-0.10594060411064178,-0.1380824059938576,-0.2122233662667862,-0.07077285362026578,-0.12292688897803718,rhiosutoyo:Y.a30a4a9e-e269-11ed-840f-001a7dda7115,rhiosutoyo
Y,0.0,0.0,0.0,0.10245280980499018,-0.18683294370715853,-0.06851776593535483,0.1407563689598338,-0.3870126893574863,-0.13113292916120592,0.20021772888421022,-0.557789613659421,-0.18750671113501644,0.26915793143472794,-0.6947211975780733,-0.2442052497585218,-0.10941463013252209,-0.4658595523584411,-0.1341149295479261,-0.2626773586804865,-0.657224908754011,-0.18677504326600858,-0.36879770293838493,-0.7702427550634005,-0.2235424971372567,-0.451885267391534,-0.8552867092830542,-0.25354358607199295,-0.20950855450263345,-0.3693188329072519,-0.1261991603014368,-0.22823504847135156,-0.4474136278773346,-0.16832198110220162,-0.1616708238109598,-0.39315685727030897,-0.16392942584621487,-0.11085546080446246,-0.33024522699083175,-0.1659814067513236,-0.26390510341034634,-0.24677833664197676,-0.12064586115752401,-0.26264887125507463,-0.3470449581154736,-0.15330606925145857,-0.21709849090780123,-0.29820130477981344,-0.12459612539447099,-0.1843585892412771,-0.23091147374148757,-0.1089839084244686,-0.29638887146972326,-0.1379128174606151,-0.12192978942083503,-0.2997165825901634,-0.23552390444261126,-0.1439343551712132,-0.25854326350472223,-0.18928362195725323,-0.11902583666656953,-0.23035641208368557,-0.12916654480528636,-0.10008218938447602,rhiosutoyo:Y.a6066d20-e269-11ed-a043-001a7dda7115,rhiosutoyo
Y,0.0,0.0,0.0,0.08771667159573675,-0.17466095264827344,-0.07073664041011847,0.06750930725276669,-0.3377613500471246,-0.12383134935977506,-0.0027178443328609338,-0.44778983066913647,-0.16359297143128337,-0.05294005476414504,-0.5170548199722267,-0.20151120723668076,-0.11200197628380854,-0.43550670810979725,-0.15749992911177424,-0.2508971513643152,-0.6258685006078547,-0.2281300358786272,-0.35512513812821567,-0.750928207258511,-0.2772517658627228,-0.4422318011845153,-0.840906358021513,-0.3119415507111778,-0.19934627790304477,-0.33436919650988267,-0.1395578915417812,-0.20161180031699016,-0.4149977958208835,-0.18408998222795345,-0.1389905174457682,-0.3670428033586042,-0.1778382424762527,-0.09657999002763508,-0.31592155746391615,-0.17824090419602548,-0.24915777272802409,-0.218732080606093,-0.12373594178085733,-0.22550217110354057,-0.30586404656097094,-0.15435273437036945,-0.1804893579512083,-0.2700716618215032,-0.12316281156396156,-0.154729963779981,-0.2201451301071111,-0.10671571554367147,-0.2813409728826503,-0.11703529669121022,-0.11410276798664098,-0.2525327098600478,-0.1933676203363871,-0.13273744795009448,-0.21349033735370082,-0.1586272622976035,-0.10732334378465985,-0.1964236626899366,-0.11503871539514365,-0.08860766030858627,rhiosutoyo:Y.a90281d1-e269-11ed-842e-001a7dda7115,rhiosutoyo
Y,0.0,0.0,0.0,-0.1142981961715539,-0.22144539460600368,-0.02705955680218174,-0.11444448243386397,-0.46867574335237283,-0.03939989555867698,-0.026227916328763024,-0.609428363613686,-0.04277828689658969,0.054946392178117864,-0.6354923490538295,-0.0467697200021557,0.065882982938901,-0.49057087807178934,-0.08540890302293312,0.03901657734182249,-0.7490857860233706,-0.11001819417352175,0.005660026813952248,-0.883533119589995,-0.12200411445140653,-0.009886119985148404,-0.9914291887922313,-0.13027059623114332,0.17780284761999438,-0.4399560364825778,-0.07440679889309824,0.15324891391982587,-0.7431247747117903,-0.08397933565580086,0.09318270773092885,-0.8907969608674505,-0.07096725725597523,0.05332944682991916,-0.9847484408632824,-0.06565979597840835,0.24973137194070266,-0.37202627689177603,-0.059240915590287394,0.22361650432236438,-0.6096240958636774,-0.0668444159242006,0.15334493351416123,-0.609124096394884,-0.03971103276915436,0.11160082521700901,-0.5603740456024975,-0.02024605742420015,0.2872446681549713,-0.303828565185158,-0.04636510858856565,0.26486676825292427,-0.49641637863206456,-0.051166088305333784,0.20946859157325412,-0.5087306864355015,-0.024961348180405147,0.17667707942743427,-0.46227874563488935,-0.0016187546223024084,rhiosutoyo:Y.aefac02b-e269-11ed-b833-001a7dda7115,rhiosutoyo
Y,0.0,0.0,0.0,-0.13095804191963192,-0.21053592872037433,-0.027330424301356102,-0.14298700199573394,-0.45943216291900574,-0.030035051807481665,-0.07284341121791567,-0.618326069199436,-0.02068169363192325,-0.01382927464366455,-0.6619302352112478,-0.013033669029646974,0.0687484540055192,-0.5022680358950583,-0.0694635088770302,0.039465843422154666,-0.7533658539890373,-0.07647221696224947,0.010360044462814163,-0.8873581694944206,-0.0865241322731707,-0.0019516280942273156,-0.9953803936631547,-0.09598991123428045,0.16468048544098926,-0.4634215915094847,-0.04717257662772894,0.10631217658817328,-0.7095243881660355,-0.03016798623112289,0.042532129217729246,-0.8127287747563633,-0.01957746287264734,0.00375063983929705,-0.8835448080579698,-0.02064597797467899,0.216773842815942,-0.403240684334174,-0.02053311079793872,0.11870574084476272,-0.5796229352880713,-0.001643101426300437,0.053767484278211826,-0.5361909279628092,0.007214095123813118,0.021461953276533347,-0.46556975968262715,0.007526158915957762,0.23737798053971038,-0.3407850490864194,0.0038195235058025804,0.15612671130570477,-0.48241860462962416,0.02090550541117811,0.10408267506797977,-0.4651740738798113,0.03665081608547738,0.07275128305592421,-0.4075107781131037,0.04691716492798841,rhiosutoyo:Y.b1f6db92-e269-11ed-aa18-001a7dda7115,rhiosutoyo
Z,0.0,0.0,0.0,-0.11948599520940864,-0.06851012999850502,-0.06459834899578336,-0.2738454000384371,-0.2319232919825468,-0.0763358520690656,-0.40661174224513,-0.3530659344914397,-0.07602209854310162,-0.5098452570056139,-0.4135535987620715,-0.07628764473214239,-0.3211044252951138,-0.43357550355504954,-0.0364831513850935,-0.526282738898746,-0.4882581698821223,-0.08037618561237203,-0.6829122755752329,-0.5275109827677812,-0.1270794844969832,-0.8004495809383262,-0.5542808988952044,-0.1579346101640306,-0.3170430779142063,-0.43532242072373567,-0.018261267272090057,-0.5205788463956258,-0.49215148623553917,-0.051791679791855415,-0.6868109300409504,-0.5329663741923127,-0.08902502802697526,-0.8240038421178902,-0.5547575046829942,-0.11515979842311505,-0.3149386665680188,-0.4077294792222119,-0.007055642728456027,-0.4965578987563527,-0.486096632766987,-0.050915845946721876,-0.6441782156625429,-0.5212743147877384,-0.08614680949883148,-0.7653743986410771,-0.5474927322085282,-0.1038653785891084,-0.305101959717818,-0.35690172670931924,1.3388457444554856e-05,-0.44524939744313835,-0.4342366327471392,-0.038999872151510497,-0.5483658720995996,-0.47787307158468684,-0.054958031894669926,-0.6351460499766856,-0.5055713412124991,-0.06073021439041116,rhiosutoyo:Z.bccb7da2-e269-11ed-9d0d-001a7dda7115,rhiosutoyo
Z,0.0,0.0,0.0,-0.06772293876765373,-0.12997707343690576,-0.06979765923782474,-0.16243070447383473,-0.3327843035565541,-0.0806363424719194,-0.2585356164623533,-0.4882970179508105,-0.08074829137865332,-0.33508795746637,-0.596515216619675,-0.0792608607050109,-0.17082404992337372,-0.5325540901048826,-0.014724684068939165,-0.35051877494770695,-0.6521625526268318,-0.057142353111605274,-0.48260136263649245,-0.723955055659447,-0.10476927615181587,-0.581592085280748,-0.7716848804748404,-0.1350572126888721,-0.1774413163409826,-0.5320912657718168,0.0070758479265963705,-0.3525286587760017,-0.6440093673966478,-0.02587424679074882,-0.49359340316196665,-0.7244599005539317,-0.06755011997452998,-0.6140495295714712,-0.7833366886764007,-0.09657539752207278,-0.18944543928525803,-0.5088836536406922,0.01836959930750082,-0.3458082849665838,-0.6324463855775887,-0.025001058402918684,-0.4731573536121163,-0.7091446770013379,-0.06411079870738022,-0.5775870472515597,-0.7698299941978293,-0.08407390665153651,-0.19743592568688764,-0.47209158656146666,0.02419828974722072,-0.31763312468679494,-0.5970658205596907,-0.013129943713690567,-0.4076486442143194,-0.6741946358137781,-0.03314190429898046,-0.48189090111584754,-0.7281786454698228,-0.04202514771621396,rhiosutoyo:Z.bfc81276-e269-11ed-90b0-001a7dda7115,rhiosutoyo
Z,0.0,0.0,0.0,-0.030283528595719825,-0.16216508068077487,-0.09937284577042643,-0.1406597981789363,-0.3639226980229908,-0.12359737803078175,-0.26082492740389895,-0.5054431912913974,-0.13009448328510526,-0.35005868621457237,-0.5917481256599527,-0.13471491813734102,-0.16097353833673295,-0.554285387435593,-0.03560431839919786,-0.3481853383486756,-0.66309721712089,-0.0789874425502886,-0.48462611327000366,-0.7126704415453251,-0.13321621699120006,-0.5862476933651373,-0.7447424439078413,-0.168812718280294,-0.19166976460239565,-0.5298149259686579,0.0018342285699034532,-0.3724316253102813,-0.6389672365055248,-0.02574911790586085,-0.5141780510396738,-0.7150088038415051,-0.07418275636568483,-0.6304263847435105,-0.7680999084894712,-0.11218334991295899,-0.21335013948763135,-0.48136215216151185,0.026969706670151992,-0.35963187985636713,-0.6004290513286847,-0.008807901957490384,-0.4800948770877837,-0.6782876416313245,-0.05532133808891897,-0.5802150927339567,-0.7410538310309417,-0.0847495992832583,-0.21973208106689113,-0.4174811376027067,0.044242691151730434,-0.31676595944411484,-0.535073604201578,0.012017935627323449,-0.3893475184567796,-0.6099698282681718,-0.010152568282194541,-0.4548747530106491,-0.6704066561045707,-0.0233045706931332,rhiosutoyo:Z.c2c3f770-e269-11ed-8506-001a7dda7115,rhiosutoyo
Z,0.0,0.0,0.0,-0.0846006303872675,-0.10657992345388038,-0.12361637312091688,-0.22814879841214136,-0.28247995705394113,-0.15355792453912498,-0.3753633739999741,-0.40504886825838227,-0.16092723825798405,-0.4870850209841937,-0.49212065079097767,-0.16501723320237044,-0.24836901890158003,-0.5175781043623646,-0.046407495317041046,-0.47089913403488903,-0.5856924589203325,-0.10060215174128156,-0.6343420172611757,-0.6008859537476403,-0.16359703263037234,-0.7526290429038539,-0.5916573958242597,-0.20165039632976772,-0.26895892939685145,-0.4940807386337637,0.0017677207709567361,-0.4732131196269533,-0.5581432033663853,-0.03265474989555927,-0.6490693885160305,-0.590847622669016,-0.08703786863148148,-0.794830824496751,-0.5936255477980524,-0.12590738433974888,-0.28627774275121554,-0.44456563023154794,0.03444016935107911,-0.46337874386170363,-0.5342343989537196,-0.011066672184471183,-0.6180887612174202,-0.570496948060273,-0.06368704853360097,-0.7468630212314221,-0.5983356723168104,-0.09314039452062316,-0.2932290236788847,-0.3825596869083327,0.05762333322528514,-0.43962567797910246,-0.4834179414103176,0.015253678842695259,-0.5504726187532024,-0.5386357344560175,-0.01180241126198756,-0.6438198072334783,-0.575825490625598,-0.024603058966078915,rhiosutoyo:Z.c5c0110d-e269-11ed-ab40-001a7dda7115,rhiosutoyo
Z,0.0,0.0,0.0,-0.042688852510405814,-0.10603132362409995,-0.14416555883793766,-0.15908853134863976,-0.27244681003345,-0.19121815335482964,-0.2961897006234837,-0.40324548148066675,-0.2124219133569419,-0.40987812398737994,-0.4913503422633122,-0.22919846911638558,-0.22630357732180462,-0.527775507325248,-0.08372358653968086,-0.4516056075021872,-0.5826303023910154,-0.15125451181302896,-0.6082685756389195,-0.5877814826272572,-0.22184554786036917,-0.7242934864105783,-0.5831690314867172,-0.26687761975509844,-0.26688769338897456,-0.5074687885427083,-0.029495648019919198,-0.47948898424745956,-0.5577993534179142,-0.0815281767835765,-0.642369734163923,-0.5797371339500554,-0.1433839870448994,-0.7818868922840101,-0.5942552932298425,-0.18845034927738072,-0.29698556985245594,-0.4597981878918527,0.009329800613370428,-0.47614658994202597,-0.5320207131158777,-0.04686346633501273,-0.6126466257670168,-0.5594435799216791,-0.09620807981449589,-0.7328531411793208,-0.5883903097646085,-0.12483737024838808,-0.3119517582008835,-0.39601187649493363,0.03654433945880612,-0.4493652911881511,-0.4834441380194101,-0.013556341773942866,-0.5452345359084834,-0.5284183576584244,-0.0413049507598731,-0.6329764256120508,-0.5650982692619646,-0.055091635372195566,rhiosutoyo:Z.c8bc2ed1-e269-11ed-916c-001a7dda7115,rhiosutoyo
Z,0.0,0.0,0.0,-0.0038458873177759203,-0.14898920300785587,-0.1496839463097083,-0.10337848144435045,-0.3422839712820569,-0.19840720972894146,-0.23221562295814463,-0.48371470858282906,-0.22242541831990167,-0.34393352291637636,-0.5800733124627148,-0.2440804668954971,-0.17540946035429233,-0.5917001258073519,-0.06925982074615321,-0.3906820537470139,-0.6751250874114569,-0.13439172285409218,-0.5346366284651706,-0.6897171462816684,-0.21021061140636424,-0.647902551174936,-0.6907881338211682,-0.25764977280870177,-0.235812538707508,-0.5542797910698166,-0.014664356263343614,-0.4333391545911289,-0.6393275421645086,-0.06174820447154516,-0.5808694862387602,-0.671430238942372,-0.13170641353354598,-0.7106852858961767,-0.6795214385731332,-0.18214565306415992,-0.2808209447736311,-0.49838086513850016,0.022444012635128727,-0.4459876127727587,-0.5951109610260743,-0.03001478346134228,-0.5738822250369696,-0.6393456066115281,-0.09113930021343761,-0.6839042413995449,-0.6709756170257142,-0.1274792074834298,-0.31012900469221566,-0.42778935503457666,0.047357218922150175,-0.4481239845279143,-0.5450764571035667,0.0027397694883233635,-0.5425746984547617,-0.6020803250442438,-0.027275429768701658,-0.625581668826443,-0.6440064012059623,-0.04385041974751734,rhiosutoyo:Z.cbb87880-e269-11ed-a15c-001a7dda7115,rhiosutoyo
Z,0.0,0.0,0.0,-0.022752600099096666,-0.14831724004056787,-0.1403943140371931,-0.1344634651002043,-0.3400357496012193,-0.18522409546143692,-0.2676859087568562,-0.4738759779173456,-0.2061248703873202,-0.37623159439350107,-0.5695253995777926,-0.22637511106742778,-0.1727057722301797,-0.5943335980071618,-0.060027612075757124,-0.3854487057453086,-0.665234941963598,-0.11649010917997692,-0.5272379107013911,-0.6794882692245734,-0.18679263118734213,-0.6363758149537612,-0.6842578467696818,-0.23153407345753588,-0.21922875147261622,-0.5603092460316587,-0.007353656026226581,-0.41943658742785533,-0.6386614340004176,-0.0482392898125003,-0.5670465984945061,-0.6772277004801497,-0.11803726005228495,-0.697631613712851,-0.6962081671271568,-0.1691281158585069,-0.2556332505470246,-0.5027837319844577,0.029695396188936827,-0.42687917957591326,-0.5914438246125399,-0.02005106193109061,-0.559093422245058,-0.6439555943452229,-0.08598709292479803,-0.6702155314663374,-0.6838770821757446,-0.12562056674733313,-0.28096330571378886,-0.4268979673025878,0.05645341067966508,-0.41821170132603525,-0.541684493676356,0.01605523263554422,-0.5109975787318451,-0.6099477460982495,-0.01525056752399862,-0.5906775800736569,-0.6631884796259044,-0.03379325711531434,rhiosutoyo:Z.ceb48299-e269-11ed-ba1a-001a7dda7115,rhiosutoyo
Z,0.0,0.0,0.0,-0.02264773307928016,-0.17690517438319742,-0.050766392323065415,-0.11341910872664998,-0.396750885424809,-0.060801293752902975,-0.2122684006292753,-0.5556520580934773,-0.06846410359698427,-0.28865197413262506,-0.662457093807873,-0.07822243928575186,-0.09248401593498166,-0.5760435948155779,0.015585536004529844,-0.2702533017378557,-0.7028214025422506,-0.026316061228703058,-0.39310397906116246,-0.7704212618585283,-0.0797363120134144,-0.48646880200697223,-0.819886304593137,-0.1160729648806447,-0.11999101718713343,-0.55402963947099,0.020294037465026886,-0.29607051274675594,-0.6725684675924751,-0.011342390126290663,-0.42474971915041215,-0.7634654202744668,-0.06423553593220062,-0.5320710742052813,-0.8401046000047008,-0.10547337600067408,-0.14908351034251968,-0.5099795989394253,0.014559835405640936,-0.2962419862888178,-0.6460816651690399,-0.03131065780720489,-0.4119261956879282,-0.7443142022926568,-0.07909278699977036,-0.5045592934309568,-0.8176307629650221,-0.10693777576338034,-0.17323790594563668,-0.4483680225952997,0.004761683494115253,-0.27792332178576273,-0.6056436339419699,-0.0401889660219371,-0.35540998281742825,-0.7099337243727909,-0.06436971446991087,-0.41816812069977016,-0.7888734910907955,-0.0765101263626724,rhiosutoyo:Z.d1b0897a-e269-11ed-8225-001a7dda7115,rhiosutoyo
Z,0.0,0.0,0.0,0.007392385135562027,-0.14631403111613792,-0.14595004695323427,-0.08163513232518374,-0.34867641259775733,-0.18877010148328355,-0.19617142745836735,-0.4972397736905662,-0.2032548235171526,-0.29927940663882635,-0.5986610305359197,-0.21661187113802316,-0.1286095342337057,-0.563166053209256,-0.08154066363674016,-0.318237062344347,-0.6658007100787219,-0.12647428869773544,-0.454507456786977,-0.7124163197805675,-0.18455178233483216,-0.5615241111131356,-0.7457529033455192,-0.22379366533402623,-0.1831065347837786,-0.5310846920728758,-0.020009436029013263,-0.3607393560234106,-0.6435484394324479,-0.04975142305321711,-0.4969732934358377,-0.7203761964240052,-0.10668328031125547,-0.615072059501492,-0.7737265889807715,-0.15176800428540077,-0.22447322636544584,-0.46880012593721104,0.028054880611342984,-0.3647040236645539,-0.5937577663341748,-0.009247068136397207,-0.48053585032008067,-0.6760941118025445,-0.0643007875288469,-0.5802864809530975,-0.7457086046144803,-0.10068870414479694,-0.2504238219718335,-0.3894311075799615,0.06527907119976445,-0.34684111066786255,-0.5118707365663436,0.0313868683072324,-0.41681652807880726,-0.597202474180405,0.00308983799475157,-0.48128727786335757,-0.6691202258589722,-0.015922621214772326,rhiosutoyo:Z.d4ac9f64-e269-11ed-9ef5-001a7dda7115,rhiosutoyo
Z,0.0,0.0,0.0,-0.010208277628357557,-0.1401337246900288,-0.16469265975866879,-0.10345626975181839,-0.3560947305902694,-0.2070453480236966,-0.22760530293966327,-0.5042603038557314,-0.21571521395090212,-0.3359329875922321,-0.6070922835737891,-0.22004593177965515,-0.12757217276182753,-0.5607176988587319,-0.08553544798309193,-0.3082747094893699,-0.6794246207773419,-0.1269892046457413,-0.44409580594373793,-0.7273740560389667,-0.18236780209705686,-0.5543300125339251,-0.7636037892204893,-0.2212281775689664,-0.19839537051486855,-0.5244141532131465,-0.013696440598236709,-0.36703026179278275,-0.6466039709500976,-0.038612164364069,-0.5015655949777517,-0.7209987641147858,-0.09118711290704316,-0.6188409636240696,-0.7740656327432159,-0.13363479317407467,-0.2530501072726466,-0.45953327427191887,0.04118459242508919,-0.39196114857579134,-0.5883695374126656,0.00776400914090778,-0.5020175405245968,-0.6593905608784899,-0.04513545772226012,-0.6007009620197484,-0.7285683500165958,-0.08166200737072705,-0.28571793898714576,-0.3804468888792483,0.08269297273463108,-0.3983689844569229,-0.49295120957290095,0.047498024865140626,-0.47618892522698003,-0.5571554511794005,0.017100938009655505,-0.548929723711495,-0.6181741240976574,-0.0037585263821879756,rhiosutoyo:Z.d7a8d442-e269-11ed-a596-001a7dda7115,rhiosutoyo
Z,0.0,0.0,0.0,-0.02281727906082558,-0.15096838872370813,-0.15572002020542164,-0.13306148749453806,-0.36324238709383294,-0.18679251568201957,-0.2629215526685843,-0.5127444136749624,-0.18480175354208914,-0.3739290975644863,-0.6129755320616125,-0.17939566834248316,-0.1627539706403731,-0.5803915069928195,-0.05993790498265723,-0.35609735977233603,-0.6816233042715302,-0.09141454927171908,-0.4971647284838198,-0.7126502009714031,-0.14262115976304246,-0.5999940113461378,-0.7333031931211544,-0.17688116257254022,-0.20956136343049256,-0.5411719456846042,0.010748479718306418,-0.3892805919618022,-0.6485450908563433,0.001468943025883631,-0.5326532727955352,-0.7133736302993665,-0.04977165630532015,-0.6517967721616686,-0.7527231148340472,-0.09256824614391022,-0.24692284256806762,-0.474995415260297,0.06449048604222878,-0.3917896405061531,-0.5962941999282809,0.037384549670156954,-0.5152575879568743,-0.6690228516798686,-0.024088126561619218,-0.6179774262537113,-0.7350529559274666,-0.06530666163401269,-0.2669691262561258,-0.3925114195390922,0.1065748798110328,-0.3740548950533908,-0.5198861404064105,0.07832105541772214,-0.4484799000632287,-0.6041078967882956,0.04784134872688715,-0.5160835606165803,-0.6716606232361219,0.02693350086015235,rhiosutoyo:Z.daa4e6e4-e269-11ed-be04-001a7dda7115,rhiosutoyo
Z,0.0,0.0,0.0,-0.08301573139101444,-0.13367550786653776,-0.11007041961331118,-0.20384692679463023,-0.34745449064034395,-0.12829284713487094,-0.32445099633845403,-0.49744498132958037,-0.1265326415543382,-0.4111170837589724,-0.6074351413263231,-0.1213459730486669,-0.18016221357620732,-0.5353411253978606,-0.03221584671773772,-0.3821716659857511,-0.6456773290552434,-0.07650676280241533,-0.5265385108667666,-0.6961733654767637,-0.12806086222551122,-0.6324058168874734,-0.722808414261259,-0.15795562920355216,-0.20412379345571097,-0.5076078124139379,0.013440085471205088,-0.3852991486160621,-0.613143671755563,-0.014538873540772473,-0.5410583822834669,-0.6889370705320245,-0.06055806306927032,-0.6736088119301058,-0.7333134810980241,-0.09220903930748527,-0.22755440813102742,-0.46245966577945896,0.044541443704749564,-0.3858059970681093,-0.5833577375714103,0.00288704171772649,-0.5266430696803209,-0.6589026703356928,-0.04706466587374201,-0.6429856139233039,-0.7207726113223897,-0.07317933028239434,-0.24170768904891557,-0.40920353054065484,0.06769786419624751,-0.3795609482351764,-0.5354248993789784,0.029752063616313974,-0.4844967447044763,-0.6160273689275643,0.003965184245819165,-0.5696962321354819,-0.6782387523524536,-0.007601605374115577,rhiosutoyo:Z.dda0eb45-e269-11ed-a175-001a7dda7115,rhiosutoyo
Z,0.0,0.0,0.0,-0.08097706857254543,-0.09651701896135553,-0.12055569698023018,-0.20539145985772572,-0.28750696007467647,-0.14565118706021296,-0.3212204852356108,-0.42869850426418754,-0.1479686296002838,-0.40705635493123854,-0.5363360966624963,-0.14483123837253567,-0.19684379680983474,-0.48911176068449097,-0.06791277530331377,-0.40417686542251374,-0.5760733173959931,-0.11982371056811715,-0.5596410660012827,-0.6283096555525471,-0.17198790660431473,-0.6779950324025091,-0.6674015024579321,-0.20440392458816373,-0.22482666435005502,-0.4601557876533093,-0.02214981371669927,-0.42076762813457846,-0.5468967914877331,-0.06453600189487642,-0.5894267674524519,-0.6183196368715322,-0.11163864990280632,-0.7318108637054427,-0.6664653032870916,-0.14239683731438338,-0.25616048415028264,-0.4198399253827588,0.01038016608275431,-0.4263672992953905,-0.5237969752665499,-0.0380891552633511,-0.5739453184487737,-0.5912052626630813,-0.0824183862437674,-0.7009919180474314,-0.6555010285583729,-0.10420595377960341,-0.27818621140026906,-0.3714680418107739,0.03301087044984487,-0.41942395486820505,-0.47670061660004354,-0.012783847609163953,-0.528620286139348,-0.5516246946552782,-0.03929772938262077,-0.6242972216700345,-0.6168515264682518,-0.04965237221779926,rhiosutoyo:Z.e09cfdbd-e269-11ed-9ebb-001a7dda7115,rhiosutoyo
Z,0.0,0.0,0.0,-0.08069845147560438,-0.13255206310839696,-0.1239491167960462,-0.21818387607679773,-0.3300856005896471,-0.14801025812471588,-0.3522086102853176,-0.47168742700131455,-0.14852957644486853,-0.4563654529786134,-0.560231954222008,-0.14550009315058074,-0.22499168953605686,-0.5368219532459668,-0.038972288702220956,-0.4394390350804813,-0.618348161575076,-0.08689259480584031,-0.5938458336458237,-0.6359097210977339,-0.14508183083589382,-0.7031353520357161,-0.6386410113495727,-0.17957270457815064,-0.24799707243289276,-0.5095367923644861,0.013746904363232762,-0.44760595231377553,-0.5895239703370074,-0.017046803943730187,-0.6131317880989476,-0.6336613875247753,-0.07100760150371124,-0.7491143174018539,-0.653360786941575,-0.1093042613562731,-0.26545594061211386,-0.4621528155439203,0.05088581635516522,-0.43771527064176313,-0.5603328329016697,0.007690348297306555,-0.5871503265291566,-0.6134388375801677,-0.04791179722393841,-0.7097842027630397,-0.6565178167461733,-0.0791429645953105,-0.2693756289972478,-0.40291149566675116,0.07890697783796635,-0.4087662420376133,-0.5129937786181408,0.04195476282630124,-0.5126406244278565,-0.5819708368202795,0.014872052598780595,-0.6020573581702807,-0.6320200598820931,0.0010442646683486631,rhiosutoyo:Z.e3993250-e269-11ed-b0fb-001a7dda7115,rhiosutoyo
Z,0.0,0.0,0.0,-0.0985733996663147,-0.14230502796851435,-0.10991635643663608,-0.24102474511098576,-0.3431651934477747,-0.12762778815785306,-0.3669951290554076,-0.4952850499055654,-0.12585318753757768,-0.4649850671469997,-0.601369544386322,-0.12230208951620358,-0.24779694060198834,-0.5377822178675522,-0.016491767086857304,-0.4590178929554965,-0.6281145864224671,-0.05202380476179873,-0.6081210620179859,-0.659600754975109,-0.10212617931628198,-0.7134102451445979,-0.6698470667041209,-0.13236424643139064,-0.24993061264279437,-0.5040655136896739,0.0310879860228663,-0.45404530021127,-0.5870873548034278,0.01169030509331403,-0.6119018474208254,-0.6424934823437131,-0.03784583001751058,-0.7399581792211919,-0.6684334244573196,-0.075223999308195,-0.25223867058479094,-0.4566735897923779,0.06390108543782992,-0.4287980270739882,-0.5621097586909808,0.029554873610862887,-0.5771068675703245,-0.6252629287866783,-0.024842687409028244,-0.6944979054651939,-0.668579663310437,-0.05693540568328018,-0.2478184833147594,-0.4025444576565724,0.0887402902592708,-0.39172443360971243,-0.527954023461593,0.05401814482681099,-0.4990267989693873,-0.6075846956438102,0.0265848956718219,-0.585410286063417,-0.6656531565412247,0.012278492649790168,rhiosutoyo:Z.e695393e-e269-11ed-bbe9-001a7dda7115,rhiosutoyo
Z,0.0,0.0,0.0,-0.06986016520200959,-0.131818445376478,-0.09051156444528573,-0.2037925686369893,-0.319205765587169,-0.10565755071138894,-0.3245357202776066,-0.45160629661964485,-0.10518680205570215,-0.4150099615071542,-0.5398629238266034,-0.10387224213843657,-0.23474866561555258,-0.46949717913137795,-0.0354472091593146,-0.43244028604492296,-0.5434222095428316,-0.07419397774613634,-0.5783982642863829,-0.5921467487527313,-0.11951892169401926,-0.6942179097325751,-0.6338667913255751,-0.15020404350234118,-0.2521313829387075,-0.44028688282162665,-0.0024696785846222914,-0.44330051076652166,-0.532594534162854,-0.03265383587875589,-0.6018486199768998,-0.6079499104089049,-0.0764797847307927,-0.7372063499554791,-0.666832734099371,-0.10890776978194498,-0.2617602082688877,-0.3943885086428469,0.020297844690161777,-0.4239006468612284,-0.5057180560672732,-0.017193238456612317,-0.5607313486229532,-0.5764415393208752,-0.05880524982165344,-0.6764442580855822,-0.6381487028457349,-0.08295327270149137,-0.2585722740366204,-0.3404858863201198,0.03580636540916482,-0.3724635611164279,-0.4531301837864707,0.001980917622933741,-0.4577994172619475,-0.5315636022118863,-0.018186746745013888,-0.533029805557171,-0.5965632685314638,-0.028592982299616744,rhiosutoyo:Z.e9915d36-e269-11ed-a0c9-001a7dda7115,rhiosutoyo
Z,0.0,0.0,0.0,-0.0050502030682942406,-0.16742342926199527,-0.13381468177005337,-0.09747711252777237,-0.39733056851478615,-0.15135752021897797,-0.20788116363348774,-0.5558972531621559,-0.1414355158293277,-0.3024206398900148,-0.6523090760268574,-0.1288558663839317,-0.13670202477534,-0.5889948768628464,-0.03743483662396663,-0.31747066585722017,-0.7030867143452105,-0.06258640696418132,-0.4525545916695447,-0.7458934100327305,-0.1087672438729858,-0.5546819653585868,-0.7744144167176455,-0.13885187357562906,-0.1791012866189562,-0.5515903458740351,0.024790080247998135,-0.34988476986985917,-0.669419862844606,0.020525272763424817,-0.48169982015912616,-0.750117906015179,-0.028806312147722068,-0.597201257595184,-0.7989922735603665,-0.07044149854714087,-0.2126694677168313,-0.49653513040342917,0.07140109580375884,-0.3557409140628708,-0.6199019857423608,0.04935420353355401,-0.4699123732999415,-0.7037326149459532,-0.01194477046342314,-0.566442712229957,-0.7687631052669721,-0.05287003233143085,-0.23166168710875687,-0.4316154251064764,0.1078028330338128,-0.3409210659010633,-0.5686628759928256,0.08355335117182328,-0.41725417912342916,-0.6608439861614979,0.05294427094360631,-0.48395313972775844,-0.728493625734936,0.0320564047209312,rhiosutoyo:Z.ec8da845-e269-11ed-86d6-001a7dda7115,rhiosutoyo
Z,0.0,0.0,0.0,0.010023774937307677,-0.16211763428721343,-0.1480939411362841,-0.053617332197906015,-0.3781943781922051,-0.19204654822411263,-0.14876578173479088,-0.5475358584049274,-0.21140118472159336,-0.24545419222816517,-0.6566852613788495,-0.23051989521725563,-0.10752977633215427,-0.6098264286491955,-0.0629175038303848,-0.2838123474377815,-0.712776445705197,-0.10504457828194447,-0.4068695182570193,-0.7490932404172183,-0.1651565809673274,-0.5077730139909233,-0.7874980611103646,-0.2078190091873976,-0.16230153408990947,-0.5835050606835523,-0.0050115474821499474,-0.33463890927018886,-0.6960731101082256,-0.0369805718603876,-0.4519559348645627,-0.7598972447941067,-0.10544723162464592,-0.5596440249399075,-0.8131570990356257,-0.15991903463010843,-0.20529658108355162,-0.5285117509105334,0.03802360095778354,-0.3481198551228439,-0.6451620852043823,-0.004977233791506704,-0.45272380740040497,-0.7296309716537921,-0.07084740142920896,-0.5444204649094522,-0.7953827833228743,-0.11438018271252302,-0.2391280390154216,-0.4551179938435678,0.06951229670085379,-0.32889251290578664,-0.588500448051332,0.033328518151704005,-0.3902996372204233,-0.6778671750166564,-3.9603564637206647e-05,-0.44616127388791144,-0.7597807991482889,-0.024141435410545885,rhiosutoyo:Z.ef89e15e-e269-11ed-95fe-001a7dda7115,rhiosutoyo
Z,0.0,0.0,0.0,-0.06769496042429654,-0.15442599619236555,-0.0246653832881741,-0.1692497091611815,-0.37572305808563994,-0.027866583786550526,-0.2699318747773575,-0.5324436650031619,-0.032991774985640904,-0.3426105278710465,-0.6317410673189856,-0.040001682314945344,-0.11328062842585204,-0.5489136714065449,0.011438040833590178,-0.29985388695574866,-0.6830848863098958,-0.033311715471513216,-0.434293704051026,-0.7524451803241367,-0.08226052941799994,-0.5383114328870445,-0.7929648069842938,-0.11365913964616019,-0.125943147758261,-0.5349496214530036,0.004524394133569995,-0.3206846329449196,-0.6580220577848421,-0.027718790955488064,-0.46396901021617437,-0.742012535188602,-0.07118471803391117,-0.5858319886782396,-0.8036218539510582,-0.1048465397309943,-0.1495128200984231,-0.5040775055212967,-0.00953607688806488,-0.32141033486700554,-0.6364540497792491,-0.05066543583643853,-0.4546296780026129,-0.7226685533321603,-0.08943259044555861,-0.5654025819641953,-0.782503193612364,-0.11183975079904901,-0.1770666449512366,-0.45189469568380697,-0.02538543053911514,-0.31191779740321357,-0.5942969697566642,-0.0654331333481407,-0.4086833350577718,-0.6849880858409436,-0.08528224457668739,-0.4910884475241711,-0.7460672722772583,-0.09395554535510356,rhiosutoyo:Z.f285f3d6-e269-11ed-b088-001a7dda7115,rhiosutoyo
Z,0.0,0.0,0.0,-0.00822392982898219,-0.17449685492339562,-0.089625188764345,-0.09259226733064642,-0.3844522570794267,-0.11735561345737243,-0.19796119757112884,-0.5382757953173068,-0.13445653639659547,-0.299900708713431,-0.6237822402254726,-0.15577539637292373,-0.15148875663926056,-0.6396297144671556,-0.021798872011606834,-0.35417588414559886,-0.7010879696005093,-0.07107238136456076,-0.48771763831527815,-0.7208081346092293,-0.1355538006771821,-0.5937318652895095,-0.7357284025636,-0.17745304429190115,-0.1909598873237477,-0.6052447904858739,0.002655954371418593,-0.3962968584243862,-0.672931759824227,-0.03283186202957917,-0.5338084847760958,-0.7149221726547682,-0.09793618168574063,-0.6531883805196538,-0.7428444187434321,-0.1467211951145585,-0.22275983118443662,-0.543168701282493,0.01593364968378851,-0.39701817059749756,-0.625054929856953,-0.031309367419131214,-0.5225386269127824,-0.6948619864891397,-0.08756660797496556,-0.6264561326164573,-0.7354906456903846,-0.11962257289751897,-0.251183688136438,-0.45395327949765346,0.022379014054897298,-0.35802513302564687,-0.5719011718146602,-0.017060774248224744,-0.4295259228905728,-0.6559285777948727,-0.04029159535153577,-0.4929146060379138,-0.7201462995862778,-0.051409953382107916,rhiosutoyo:Z.f5820c83-e269-11ed-af8e-001a7dda7115,rhiosutoyo
